"ID","Ageism1","Ageism2","Ageism3","Ageism4","Ageism5","Ageism6","SEsteem1","SEsteem2","SEsteem3","SEsteem4","Dep1","Dep2","Dep3","Dep4"
1,2,2,2,3,3,2,2,3,3,4,2,2,2,2
2,2,3,3,4,4,4,3,3,3,2,NA,NA,NA,NA
3,2,3,3,3,3,3,2,2,2,2,2,2,3,2
4,3,3,4,2,3,2,2,2,2,1,3,2,1,2
5,2,2,2,3,3,3,3,3,2,3,3,3,3,4
6,4,4,3,3,4,4,3,4,4,3,3,5,4,3
7,4,3,4,4,2,3,3,5,4,3,3,3,3,4
8,3,4,4,4,4,4,2,3,2,2,4,3,2,3
9,3,3,3,2,2,2,3,3,3,4,3,3,4,4
10,2,3,1,3,2,1,2,2,2,3,1,2,1,1
11,3,3,2,3,3,3,1,3,3,3,2,2,2,3
12,3,3,3,3,3,2,3,4,2,4,3,4,4,5
13,3,4,3,4,4,3,4,4,4,3,4,4,3,3
14,2,3,2,3,4,3,3,3,3,3,4,4,4,4
15,3,3,3,3,3,2,4,3,2,3,4,4,3,3
16,3,4,3,3,2,3,3,3,3,3,3,4,3,3
17,3,3,3,3,3,2,3,3,3,3,2,3,3,3
18,3,3,3,3,5,4,3,3,3,4,3,3,3,4
19,2,3,3,4,2,3,3,3,3,3,3,3,2,3
20,4,4,4,4,3,3,4,2,3,5,4,4,4,4
21,2,4,2,2,3,3,3,3,4,3,4,3,3,3
22,3,3,2,3,3,3,3,3,3,3,3,3,3,3
23,3,3,2,2,3,2,3,4,3,2,NA,NA,NA,NA
24,3,3,2,3,3,2,2,2,3,2,3,3,3,1
25,2,4,3,3,4,3,3,4,3,3,4,2,2,2
26,3,3,2,3,2,3,3,4,4,2,2,3,3,2
27,NA,NA,NA,NA,NA,NA,NA,NA,NA,NA,3,3,3,3
28,4,4,4,3,4,4,2,3,3,4,3,3,3,3
29,4,3,3,4,3,3,3,4,5,3,4,4,4,4
30,2,3,2,3,2,4,3,4,4,3,3,3,3,3
31,3,3,4,3,2,3,3,2,3,2,3,3,3,4
32,2,3,4,3,4,3,4,4,3,3,2,3,3,4
33,4,3,2,3,5,3,3,3,4,2,3,3,3,3
34,4,4,2,3,4,3,3,3,3,2,4,2,3,3
35,3,2,3,2,4,3,2,3,4,3,NA,NA,NA,NA
36,2,3,3,3,3,2,2,2,3,2,2,2,2,2
37,2,3,1,2,2,2,3,3,4,3,NA,NA,NA,NA
38,3,3,3,4,3,3,3,3,3,3,3,3,5,4
39,2,2,2,4,3,2,3,4,2,2,2,2,1,2
40,NA,NA,NA,NA,NA,NA,NA,NA,NA,NA,2,2,3,3
41,2,2,2,3,3,2,3,2,4,3,1,1,1,1
42,3,4,2,3,2,2,3,3,2,1,3,3,3,3
43,3,4,3,3,4,3,2,3,4,4,3,3,3,3
44,4,4,2,3,4,4,3,3,4,2,3,4,3,5
45,4,4,4,4,4,4,2,3,3,2,3,5,4,4
46,4,3,3,4,3,2,4,4,2,4,4,4,4,4
47,4,4,3,3,4,3,4,3,4,4,4,4,5,4
48,1,3,2,3,3,2,3,3,2,2,2,3,2,3
49,3,3,2,3,3,3,2,3,3,1,2,3,2,3
50,4,4,3,4,4,4,3,3,3,3,2,3,2,3
51,1,2,3,3,2,3,4,3,3,4,4,3,2,3
52,3,3,3,2,2,2,3,4,3,3,3,4,4,4
53,1,2,2,2,2,2,1,1,2,2,1,2,2,2
54,4,4,4,5,4,4,3,4,3,4,3,2,2,3
55,3,4,3,3,3,3,4,3,2,2,3,3,3,3
56,3,3,2,3,3,3,3,3,2,2,3,4,3,3
57,3,3,3,4,4,3,2,2,2,3,2,3,1,3
58,3,3,4,4,3,3,2,3,3,3,3,3,3,3
59,4,4,3,4,4,4,4,4,4,4,3,5,5,5
60,3,2,3,4,3,3,4,4,5,4,4,4,3,5
61,3,3,3,3,3,3,1,3,3,3,3,2,3,3
62,2,3,3,2,2,2,5,3,3,4,3,3,3,3
63,3,3,2,4,3,3,4,3,4,5,4,4,3,4
64,4,3,3,2,4,3,3,3,3,3,NA,NA,NA,NA
65,3,4,4,4,3,3,3,4,4,3,3,3,3,3
66,2,3,3,2,3,3,3,3,3,2,3,3,3,3
67,3,3,2,4,2,4,4,4,4,3,5,4,4,4
68,3,2,1,2,4,3,3,3,3,5,3,4,2,3
69,3,2,3,4,3,3,3,3,3,2,3,3,2,3
70,2,3,3,4,3,3,2,2,3,2,3,4,2,3
71,2,3,2,3,2,3,4,4,3,3,3,4,3,3
72,2,2,1,3,3,3,3,3,3,3,4,3,3,4
73,4,4,4,4,4,4,3,4,4,2,2,2,3,3
74,3,3,4,4,4,3,3,3,4,3,1,3,2,3
75,2,2,4,3,3,2,2,4,2,3,2,3,3,3
76,3,3,2,2,2,2,2,3,3,3,2,2,3,2
77,3,3,3,3,3,3,2,4,3,3,3,3,3,3
78,3,3,4,4,4,3,3,3,3,2,4,3,2,3
79,4,4,3,3,3,3,2,3,2,4,4,5,3,3
80,3,4,3,4,4,3,4,5,4,4,4,4,3,3
81,3,4,3,3,3,4,4,4,3,3,3,3,4,4
82,2,2,3,3,2,1,2,3,2,2,3,3,3,2
83,2,4,1,3,3,3,2,2,2,4,2,4,1,2
84,3,4,4,2,3,3,3,4,3,4,2,2,2,4
85,4,3,3,3,3,3,2,2,3,2,3,4,4,4
86,3,3,3,3,3,2,4,3,3,3,3,3,4,3
87,2,4,3,3,4,3,1,2,2,3,2,2,2,2
88,3,3,3,3,4,3,3,3,4,2,3,3,2,3
89,2,3,2,2,3,3,2,3,3,2,2,2,1,2
90,2,3,3,3,3,3,2,2,2,3,3,3,2,4
91,1,2,1,2,2,2,4,3,3,4,2,2,3,3
92,3,3,3,3,2,2,4,5,4,3,4,4,5,4
93,2,3,4,2,4,4,2,3,4,3,3,2,3,4
94,3,3,3,3,3,3,3,3,4,4,4,3,4,5
95,3,3,3,3,2,2,3,3,3,3,2,4,2,3
96,2,3,4,3,3,3,2,3,3,3,3,3,4,3
97,3,3,3,3,4,3,3,3,4,4,3,3,2,3
98,2,2,2,3,3,3,1,2,2,3,2,2,2,3
99,4,3,3,3,4,3,2,2,2,2,3,3,2,3
100,3,2,2,2,2,3,1,2,2,2,NA,NA,NA,NA
101,2,2,2,2,3,3,2,3,3,2,2,3,3,3
102,3,3,3,4,4,4,3,4,4,3,3,3,3,2
103,3,3,3,3,3,3,4,2,4,3,2,4,4,3
104,3,4,2,4,4,3,3,3,2,3,3,3,2,3
105,4,4,3,3,4,3,3,4,3,4,4,3,3,4
106,3,3,2,3,2,2,2,3,4,3,NA,NA,NA,NA
107,3,4,3,5,3,3,3,3,4,4,4,5,4,4
108,2,2,2,4,3,2,2,2,2,2,NA,NA,NA,NA
109,3,3,2,4,3,3,3,4,4,4,4,3,3,4
110,2,3,2,2,2,3,2,2,2,2,2,2,2,3
111,3,4,3,4,4,4,2,3,2,4,3,3,3,4
112,3,4,4,3,4,5,3,2,3,5,3,4,3,4
113,3,3,3,3,3,3,2,4,3,3,3,3,3,3
114,3,3,4,3,4,3,3,3,3,2,3,4,2,3
115,4,4,4,4,5,4,3,2,4,2,4,4,4,5
116,3,4,3,2,4,2,3,2,3,3,2,1,2,2
117,4,4,2,4,4,4,4,3,3,3,NA,NA,NA,NA
118,3,3,2,2,3,3,3,3,2,2,3,3,3,4
119,2,3,3,3,1,2,4,3,4,3,2,3,2,4
120,3,4,3,3,3,3,2,3,3,3,2,3,3,3
121,3,3,2,4,3,4,3,3,2,3,2,3,2,3
122,2,3,3,3,4,3,3,2,1,3,2,2,3,4
123,3,3,3,3,4,3,3,5,5,3,4,4,3,3
124,4,3,3,4,3,3,3,2,3,3,3,3,5,4
125,3,3,4,3,4,4,2,4,4,4,3,4,4,3
126,1,1,2,2,1,3,3,3,3,2,2,2,3,3
127,3,3,4,3,2,3,2,2,2,3,2,2,1,2
128,4,4,2,3,3,3,3,2,3,2,2,3,2,3
129,4,4,4,3,4,3,2,3,4,3,NA,NA,NA,NA
130,3,4,3,4,3,3,3,1,3,3,3,2,3,3
131,2,2,2,2,3,3,3,3,3,1,NA,NA,NA,NA
132,4,3,4,4,5,3,2,3,3,2,3,2,3,3
133,3,3,2,3,2,2,3,2,2,2,3,2,3,3
134,3,4,5,3,4,3,3,4,4,2,3,3,3,4
135,3,3,3,3,4,2,2,3,3,2,1,3,2,3
136,2,3,3,3,4,4,3,4,4,3,4,3,4,5
137,3,3,3,5,3,4,4,4,4,4,4,3,2,4
138,3,2,4,3,4,3,4,5,4,4,NA,NA,NA,NA
139,3,3,2,4,4,2,3,4,4,4,4,3,4,3
140,4,3,3,3,4,3,3,4,4,3,NA,NA,NA,NA
141,2,3,3,3,3,3,2,3,2,3,2,3,2,3
142,3,3,3,3,2,2,3,3,3,2,3,4,3,3
143,4,3,4,3,3,2,4,3,3,4,3,3,3,3
144,3,4,3,3,3,5,3,3,3,3,3,4,5,4
145,3,4,5,4,4,3,2,2,3,2,NA,NA,NA,NA
146,2,4,4,3,3,2,3,4,3,3,3,4,3,4
147,3,4,4,4,3,4,4,3,3,3,3,4,4,4
148,3,4,3,4,4,4,3,3,4,3,3,3,3,2
149,2,3,2,3,2,3,2,3,3,2,4,4,2,3
150,3,3,3,4,4,5,3,4,3,4,4,3,4,4
151,2,2,2,2,2,2,2,3,3,1,2,2,3,3
152,3,4,4,4,3,4,3,3,4,3,3,4,4,4
153,2,4,1,3,3,3,4,3,3,4,2,3,4,3
154,2,2,1,3,1,1,1,2,3,2,2,1,1,2
155,2,3,3,2,3,2,3,3,2,3,2,3,2,3
156,3,3,3,3,3,3,3,3,2,3,4,3,3,4
157,3,3,3,3,3,3,4,4,4,3,3,4,4,4
158,3,2,3,4,3,2,3,2,3,3,2,3,2,3
159,3,4,2,3,3,4,4,2,3,3,3,2,3,3
160,4,4,2,3,4,3,3,3,3,4,2,3,3,4
161,3,3,3,3,3,3,3,4,2,2,4,3,3,3
162,3,3,3,4,2,2,3,4,4,3,4,4,3,4
163,2,3,1,2,1,1,2,3,1,1,1,1,2,2
164,2,2,1,2,3,2,3,3,3,2,1,2,2,3
165,2,3,2,3,4,2,3,3,2,3,2,2,3,3
166,2,2,2,3,2,2,4,4,3,3,2,2,2,2
167,3,2,3,3,4,2,3,3,4,3,NA,NA,NA,NA
168,2,2,2,2,3,2,2,3,3,2,NA,NA,NA,NA
169,3,3,2,3,4,3,3,3,3,3,3,3,4,4
170,4,5,3,4,4,3,3,2,3,3,4,3,3,4
171,2,2,2,3,2,2,2,2,2,2,3,1,1,2
172,NA,NA,NA,NA,NA,NA,NA,NA,NA,NA,4,3,4,3
173,4,3,3,3,4,3,2,3,2,4,3,3,3,3
174,2,3,2,3,3,4,3,3,3,4,4,4,3,4
175,4,4,4,4,4,3,3,3,3,4,3,3,2,4
176,3,3,3,4,3,2,2,2,2,2,3,3,3,3
177,4,4,4,4,4,5,3,3,4,3,4,4,4,4
178,3,4,2,4,3,3,3,3,4,3,3,3,3,4
179,3,3,3,4,3,3,4,3,4,4,4,3,3,3
180,4,4,4,5,5,4,3,3,4,4,3,2,4,3
181,3,4,2,3,3,3,3,3,3,3,2,3,3,3
182,3,3,3,3,3,3,3,3,3,3,NA,NA,NA,NA
183,3,4,3,4,4,3,2,2,2,3,4,4,4,4
184,3,3,3,2,2,2,3,2,2,2,2,4,2,3
185,2,3,2,4,2,3,2,3,2,2,3,4,2,4
186,3,2,2,2,4,4,3,4,4,3,3,3,3,4
187,2,3,1,4,3,3,3,3,3,3,4,3,3,3
188,3,4,4,4,4,2,3,3,3,3,3,3,3,3
189,3,4,3,3,3,3,2,3,3,1,3,3,3,3
190,2,3,3,3,3,2,2,2,1,3,2,3,2,3
191,3,4,3,4,4,3,1,3,1,3,3,3,2,4
192,3,4,3,4,3,2,3,3,3,2,2,3,3,2
193,2,2,1,2,2,3,2,4,2,2,1,1,1,2
194,4,3,3,4,3,3,2,3,3,3,3,4,4,3
195,2,3,2,2,3,1,3,3,2,3,3,3,2,3
196,1,2,2,3,1,1,2,2,1,2,3,3,2,3
197,3,3,4,5,5,3,3,4,3,4,3,3,2,4
198,2,3,3,3,3,4,3,2,3,4,3,3,3,4
199,2,3,2,3,3,3,3,4,4,3,3,3,4,4
200,4,2,4,4,4,2,2,4,4,3,3,3,3,3
201,3,3,3,4,3,3,3,3,3,3,4,4,5,4
202,3,4,3,3,4,3,5,4,4,3,4,4,3,3
203,3,2,2,2,3,2,3,2,3,2,2,2,2,2
204,3,3,2,3,3,2,2,3,3,2,3,3,2,3
205,2,3,2,4,3,3,1,2,3,2,2,2,2,2
206,1,2,1,2,1,2,2,3,3,2,3,3,2,3
207,3,3,3,3,4,3,3,3,3,3,3,4,2,4
208,2,3,3,3,3,3,2,2,2,2,3,3,3,3
209,2,4,4,4,3,3,3,3,3,3,2,3,2,3
210,3,3,3,3,4,2,4,4,5,4,3,3,2,4
211,2,3,3,4,4,3,2,2,1,2,2,2,2,3
212,2,4,4,3,3,2,3,3,3,3,NA,NA,NA,NA
213,4,4,4,4,4,5,3,4,4,4,NA,NA,NA,NA
214,3,5,3,4,4,3,3,3,2,3,2,3,3,3
215,1,2,2,3,3,1,2,2,2,2,3,3,2,1
216,2,2,1,3,3,3,2,2,3,2,2,4,2,3
217,2,3,3,3,4,4,3,4,5,4,4,4,4,4
218,3,3,3,3,3,2,3,2,3,2,4,3,3,3
219,2,2,2,4,3,3,3,2,2,3,2,2,3,3
220,4,5,4,5,5,5,3,3,2,2,4,3,4,4
221,2,3,1,2,2,3,2,2,3,3,2,2,2,3
222,2,3,3,3,2,3,3,4,4,3,3,4,4,3
223,2,2,3,4,4,2,3,3,4,2,3,2,3,3
224,3,3,3,3,3,3,2,2,3,4,3,4,3,4
225,2,2,2,2,2,2,1,1,3,2,2,3,2,3
226,3,4,4,4,4,4,3,4,4,3,3,4,4,5
227,2,3,3,4,3,3,3,3,4,3,3,3,3,3
228,2,3,4,4,4,3,4,3,4,3,4,3,3,4
229,3,2,3,2,2,3,3,4,4,3,3,3,2,3
230,2,3,2,4,3,2,2,1,1,2,1,1,1,2
231,4,3,4,4,3,4,3,3,5,4,3,3,4,4
232,2,3,3,3,3,4,2,2,3,3,3,4,3,4
233,3,2,4,4,3,3,3,4,4,3,2,2,2,3
234,2,2,3,3,1,3,2,2,3,3,1,2,2,1
235,3,4,3,3,3,5,3,3,3,4,4,4,3,4
236,2,3,2,3,3,3,3,3,4,4,NA,NA,NA,NA
237,2,2,3,3,2,2,3,2,2,2,1,2,2,2
238,3,3,4,4,4,4,3,2,1,3,3,3,2,4
239,3,3,2,3,3,2,4,3,3,4,4,3,4,4
240,3,3,3,3,3,4,3,2,3,2,4,4,3,3
241,2,3,3,3,3,3,2,3,4,2,2,2,3,3
242,3,4,4,3,4,3,3,3,4,4,3,4,3,4
243,2,3,3,2,3,2,2,2,1,2,1,2,2,1
244,3,4,3,3,2,3,4,3,4,3,3,3,2,3
245,4,3,5,5,4,4,5,4,4,5,5,5,4,5
246,3,3,3,5,4,5,3,3,4,3,3,3,4,4
247,2,2,3,3,2,2,2,2,3,2,NA,NA,NA,NA
248,3,3,4,4,3,4,3,3,3,4,4,4,3,4
249,4,3,2,2,2,4,3,3,3,3,3,3,2,4
250,3,3,4,3,3,3,3,3,3,3,NA,NA,NA,NA
251,4,4,4,4,3,4,3,4,4,4,5,4,4,4
252,2,2,2,3,4,1,3,3,4,2,3,3,4,3
253,3,2,2,2,3,1,2,4,4,3,4,3,3,3
254,2,2,3,3,3,3,2,1,1,2,3,2,2,2
255,2,3,2,2,3,3,3,2,2,3,3,2,2,3
256,4,4,3,4,3,3,3,3,2,2,3,3,2,2
257,2,4,2,3,3,3,3,3,2,4,3,3,3,4
258,3,4,2,2,2,2,4,3,2,2,2,3,2,3
259,3,4,3,4,3,4,3,3,4,3,3,2,3,4
260,4,3,2,4,3,3,3,4,3,2,2,3,2,2
261,2,3,2,2,3,1,4,3,3,4,3,4,3,2
262,2,3,3,3,3,2,3,3,2,4,2,2,2,2
263,3,3,4,4,4,2,4,4,4,2,4,3,4,4
264,3,2,3,3,2,2,1,2,3,1,2,2,2,2
265,3,2,2,2,2,1,3,3,4,1,3,4,3,4
266,1,2,1,2,2,1,2,2,2,2,NA,NA,NA,NA
267,NA,NA,NA,NA,NA,NA,NA,NA,NA,NA,4,4,4,4
268,3,4,3,2,4,4,3,4,2,4,3,4,4,2
269,4,4,3,4,4,4,4,4,5,3,4,4,3,4
270,3,3,2,4,3,4,2,3,3,4,3,4,3,3
271,3,3,3,3,3,2,3,2,3,3,2,3,3,3
272,3,2,2,4,3,2,1,2,2,2,NA,NA,NA,NA
273,2,3,4,4,3,3,3,3,4,3,3,3,3,4
274,3,3,2,3,3,2,4,4,5,4,4,4,4,5
275,3,3,2,3,4,3,3,3,4,3,3,3,3,3
276,3,3,2,3,3,3,3,1,2,3,3,3,2,2
277,2,3,2,3,2,3,3,4,3,4,3,2,2,3
278,2,2,2,2,2,2,3,3,2,2,2,2,2,3
279,2,3,3,3,3,3,3,4,4,3,2,4,3,4
280,4,4,4,4,3,4,4,4,4,3,4,4,3,4
281,3,2,2,3,3,1,4,2,3,2,2,3,2,2
282,3,4,4,4,3,4,4,4,3,1,3,4,4,4
283,4,3,3,2,3,4,2,2,2,2,2,3,2,2
284,2,2,2,4,4,3,3,3,4,2,3,3,3,2
285,2,3,3,3,3,3,3,4,3,3,3,3,3,2
286,2,2,2,2,2,1,2,2,3,3,3,1,2,4
287,3,4,3,4,3,4,2,2,3,3,3,2,2,4
288,4,4,4,4,5,3,3,3,3,2,4,4,3,4
289,2,4,4,3,4,3,3,2,2,2,3,3,3,3
290,2,3,2,3,4,3,4,4,3,3,3,3,3,3
291,2,3,2,1,2,3,3,3,4,2,3,4,2,3
292,2,2,2,3,2,2,2,1,2,2,2,2,1,3
293,4,4,3,3,4,4,3,4,4,3,5,5,4,4
294,4,3,3,3,4,3,2,2,3,2,3,3,3,3
295,2,3,2,3,3,3,3,3,4,3,3,3,3,4
296,3,4,3,3,3,3,2,2,2,2,2,3,2,2
297,3,3,2,4,3,3,3,4,3,3,4,3,3,4
298,3,2,3,2,2,2,3,3,3,3,4,3,3,2
299,3,3,2,3,4,2,2,2,3,4,3,3,3,4
300,2,3,4,3,3,2,2,3,4,3,2,4,3,4
301,3,3,2,4,3,3,3,3,3,2,3,3,2,3
302,2,3,3,2,3,3,2,2,2,3,2,2,2,3
303,2,3,2,3,2,3,4,2,2,2,3,3,2,3
304,1,2,2,3,2,2,2,2,2,3,2,2,2,1
305,3,4,3,4,4,2,3,3,3,2,3,2,2,3
306,3,4,3,3,3,3,4,5,4,3,4,3,5,4
307,3,4,3,3,3,3,3,3,2,3,3,4,2,4
308,3,2,2,3,3,2,3,4,4,3,3,4,3,3
309,3,4,3,3,4,3,3,3,4,2,3,3,3,3
310,3,3,3,2,3,3,2,4,4,3,NA,NA,NA,NA
311,3,3,4,4,4,4,3,4,4,4,5,4,4,4
312,3,5,3,4,3,5,3,3,3,3,3,3,3,4
313,3,3,2,4,3,4,5,4,4,4,3,4,3,4
314,NA,NA,NA,NA,NA,NA,NA,NA,NA,NA,2,3,3,3
315,3,3,3,4,3,3,1,3,3,3,4,3,2,3
316,3,2,3,2,2,3,2,3,3,1,3,2,2,1
317,3,4,4,3,4,3,3,3,3,2,3,3,3,3
318,2,3,3,3,3,3,3,3,3,2,3,2,2,2
319,3,3,2,3,4,3,3,1,2,3,3,5,3,4
320,3,4,4,3,4,3,3,5,3,3,4,4,4,4
321,3,3,2,3,3,3,3,3,2,3,3,2,2,3
322,3,5,3,5,4,4,2,3,3,2,4,4,2,3
323,4,4,4,4,3,3,3,4,3,2,NA,NA,NA,NA
324,3,3,3,4,4,4,4,3,3,2,4,4,3,3
325,2,3,4,3,3,2,2,2,3,3,2,3,2,2
326,3,3,1,3,2,2,3,1,2,1,NA,NA,NA,NA
327,3,3,3,2,4,2,2,2,3,4,1,2,1,3
328,3,3,2,3,3,3,3,4,5,4,3,2,3,4
329,3,4,3,4,4,3,3,3,3,3,4,4,4,4
330,3,3,3,2,3,4,3,2,3,2,2,3,3,3
331,2,3,2,3,2,2,1,2,2,4,2,3,3,3
332,2,3,4,4,4,3,2,2,3,2,2,2,2,1
333,3,2,3,4,4,4,3,2,2,3,4,3,2,3
334,3,3,2,3,3,3,4,3,3,2,NA,NA,NA,NA
335,3,3,3,3,3,3,4,3,3,3,4,3,3,4
336,2,2,2,4,3,3,2,2,3,2,3,3,3,3
337,4,3,2,3,2,3,3,3,3,3,3,3,3,3
338,2,2,1,3,2,3,4,3,4,3,3,4,4,4
339,NA,NA,NA,NA,NA,NA,NA,NA,NA,NA,4,3,2,3
340,3,4,3,3,3,4,3,3,4,2,4,4,4,4
341,2,3,3,3,4,3,4,3,3,4,4,3,4,4
342,1,3,2,2,3,3,3,2,3,2,NA,NA,NA,NA
343,NA,NA,NA,NA,NA,NA,NA,NA,NA,NA,NA,NA,NA,NA
344,2,3,3,4,3,4,3,3,2,3,3,3,3,3
345,3,2,3,3,4,2,4,3,3,3,4,3,4,3
346,2,2,2,2,2,2,3,3,3,2,2,2,1,3
347,3,3,2,3,3,2,4,3,3,2,3,3,3,4
348,3,3,3,3,4,4,1,3,3,3,3,3,2,3
349,2,4,2,3,3,3,4,3,3,3,2,3,3,3
350,2,4,3,3,2,4,3,4,4,3,4,4,4,4
351,3,4,2,3,2,3,3,4,3,3,3,2,3,4
352,3,3,3,3,3,3,2,3,3,3,2,2,1,2
353,2,2,2,2,3,3,3,3,3,3,4,3,3,3
354,3,4,4,5,4,4,2,3,2,3,4,5,3,4
355,2,4,4,3,3,3,3,2,2,2,3,3,3,4
356,3,3,3,3,3,2,2,1,2,3,3,3,3,4
357,3,3,3,4,3,3,3,3,3,3,3,3,3,3
358,2,3,1,3,2,2,3,4,4,3,2,3,2,3
359,3,4,4,4,4,4,2,2,2,3,2,3,3,3
360,3,4,3,3,4,4,2,4,4,3,4,4,4,4
361,3,3,2,3,2,3,3,3,3,2,2,2,2,3
362,2,3,3,3,4,2,3,3,3,3,3,3,2,3
363,2,3,3,3,2,3,2,3,4,3,3,2,3,2
364,3,3,2,3,3,3,2,1,2,2,2,2,2,3
365,3,2,3,3,3,3,3,2,3,3,3,3,3,3
366,3,5,4,4,4,4,3,4,3,3,3,5,4,4
367,3,3,2,2,1,3,4,3,3,3,4,3,3,4
368,3,3,3,4,3,4,4,4,4,4,4,4,4,5
369,3,2,3,4,2,3,4,5,4,3,NA,NA,NA,NA
370,2,2,2,3,3,2,3,2,3,3,3,2,3,2
371,4,4,3,4,5,3,3,3,4,3,NA,NA,NA,NA
372,2,4,1,3,2,2,3,2,3,4,3,3,4,3
373,3,3,3,3,3,3,4,4,3,3,3,4,4,4
374,3,3,5,2,3,2,2,4,3,3,3,3,3,4
375,2,3,1,2,1,2,3,2,2,3,3,2,2,4
376,3,3,3,3,2,2,3,2,3,3,3,3,3,3
377,2,2,3,2,2,1,3,2,3,3,3,3,2,3
378,4,4,3,4,3,4,3,3,3,3,4,4,4,3
379,4,4,2,4,4,3,3,4,3,3,3,3,3,4
380,3,3,4,4,4,3,4,4,3,4,3,3,3,3
381,2,3,3,4,3,3,3,3,3,3,3,4,3,3
382,3,4,4,4,5,3,2,3,3,3,3,3,3,4
383,3,4,3,4,4,4,5,3,2,3,3,3,3,3
384,4,3,4,4,4,5,3,3,4,3,4,3,3,3
385,2,3,2,3,3,2,2,3,3,3,3,2,3,3
386,3,4,3,3,2,2,2,2,2,2,NA,NA,NA,NA
387,2,2,2,3,3,2,2,2,2,2,3,3,2,3
388,1,1,1,2,2,1,1,2,3,2,1,1,2,2
389,3,3,4,5,3,4,2,1,3,3,NA,NA,NA,NA
390,2,3,3,3,3,2,3,3,1,3,3,3,2,4
391,2,1,1,1,2,1,2,1,2,1,1,1,2,2
392,3,3,2,3,4,2,2,2,3,3,3,3,3,1
393,3,3,3,4,3,3,3,3,4,3,2,3,3,4
394,3,4,2,3,3,3,3,4,3,3,5,3,4,4
395,3,4,3,4,3,2,2,2,3,2,3,3,5,5
396,3,4,4,4,4,4,3,4,4,3,NA,NA,NA,NA
397,3,3,4,4,4,4,3,4,4,4,4,4,5,3
398,3,3,4,4,4,4,3,3,4,2,3,3,3,2
399,2,3,2,3,4,3,3,4,3,3,3,3,3,2
400,2,3,3,3,3,2,3,3,3,3,4,3,3,3
401,3,3,3,3,3,3,3,4,4,3,3,3,3,3
402,3,4,4,4,4,2,3,3,4,3,NA,NA,NA,NA
403,2,3,3,3,3,3,3,2,2,3,2,2,3,3
404,1,3,1,2,2,2,4,3,4,4,3,2,3,3
405,1,2,2,2,2,3,4,3,2,3,2,2,2,3
406,3,4,4,4,4,5,3,4,4,5,4,4,4,4
407,3,3,3,3,3,3,2,2,3,3,NA,NA,NA,NA
408,3,4,1,2,3,1,3,3,3,2,1,2,1,2
409,2,3,2,4,4,3,3,2,3,3,4,3,3,3
410,2,3,2,3,2,3,2,2,2,1,3,3,2,3
411,2,3,1,4,3,4,3,4,4,2,2,2,3,2
412,3,3,2,3,3,3,2,3,2,3,3,3,3,4
413,2,2,2,3,3,3,3,2,3,3,3,1,2,3
414,4,4,3,4,4,4,5,4,4,3,4,4,4,4
415,3,4,3,3,3,3,3,3,3,3,3,4,3,3
416,3,2,2,3,3,2,4,3,3,4,3,2,2,3
417,2,2,2,3,3,2,2,3,3,3,1,2,2,2
418,2,2,2,3,2,2,3,4,3,2,2,3,2,3
419,4,4,3,4,3,3,2,2,3,2,3,3,2,3
420,2,3,2,2,2,2,3,3,3,3,2,3,2,3
421,3,3,3,3,2,3,2,3,2,3,3,4,3,4
422,3,5,3,3,3,3,2,3,4,4,3,3,4,4
423,3,3,3,3,2,3,3,2,3,2,4,3,3,4
424,3,3,3,3,3,3,3,4,2,4,NA,NA,NA,NA
425,3,3,3,4,3,3,2,3,3,1,2,3,2,3
426,3,3,2,4,4,3,2,3,3,4,4,3,3,4
427,3,3,3,3,2,1,3,3,2,2,3,2,2,3
428,2,3,1,1,2,2,3,3,2,3,2,2,1,1
429,4,4,4,4,4,5,4,4,4,3,3,4,4,4
430,2,3,2,2,3,3,1,3,3,3,3,3,3,4
431,3,4,4,3,2,3,3,2,4,3,4,4,3,4
432,3,4,3,3,3,3,3,4,3,3,3,4,3,4
433,4,5,4,5,3,4,4,2,3,4,3,4,4,5
434,3,4,3,5,3,4,2,3,2,3,2,3,2,3
435,NA,NA,NA,NA,NA,NA,NA,NA,NA,NA,2,4,4,3
436,4,4,3,4,4,5,3,3,4,2,4,4,3,4
437,2,2,1,2,1,2,3,2,3,3,3,1,1,1
438,3,3,2,3,3,2,3,3,4,4,3,4,3,5
439,5,5,5,5,5,4,3,3,4,3,3,4,4,4
440,3,3,4,3,4,3,3,4,3,3,3,3,3,3
441,1,3,1,2,1,1,2,3,3,2,1,1,2,2
442,3,2,3,3,3,3,2,2,2,2,2,2,2,2
443,3,3,2,3,1,3,2,3,3,3,2,3,1,1
444,2,3,2,3,2,3,2,2,2,3,3,3,2,3
445,3,3,2,3,2,3,3,3,3,3,4,3,2,3
446,4,4,3,3,3,3,3,3,5,3,2,3,3,4
447,3,4,3,4,4,3,3,4,4,3,4,4,5,5
448,3,4,3,4,4,3,4,5,5,4,4,5,5,5
449,3,3,3,4,4,3,4,4,5,3,5,3,4,4
450,4,4,3,4,4,4,3,5,3,3,4,4,3,5
451,2,4,3,4,3,3,3,4,3,4,NA,NA,NA,NA
452,2,2,2,3,2,2,4,3,3,2,3,3,2,3
453,3,4,3,4,3,2,2,4,4,4,4,4,3,3
454,4,4,4,4,4,3,3,3,4,3,4,3,4,4
455,3,4,4,4,4,4,2,3,3,3,4,5,3,2
456,3,4,3,3,4,2,4,5,5,4,4,5,4,5
457,3,3,2,3,2,2,3,3,3,3,3,2,2,3
458,4,4,2,3,3,3,4,5,4,3,4,5,4,4
459,2,3,2,4,3,3,3,3,4,4,4,4,2,3
460,3,2,3,4,2,3,3,3,4,3,2,3,2,3
461,2,3,3,2,2,1,3,3,4,2,3,2,2,3
462,2,3,2,2,1,2,2,3,3,3,NA,NA,NA,NA
463,4,3,3,4,3,4,4,4,4,5,3,4,5,5
464,2,2,3,2,2,2,3,3,3,1,3,3,3,4
465,3,3,3,4,3,1,3,4,5,3,NA,NA,NA,NA
466,3,3,4,3,4,3,2,3,3,3,NA,NA,NA,NA
467,2,2,4,4,3,3,1,1,3,2,2,1,1,2
468,4,3,4,3,4,3,4,4,3,3,3,3,3,3
469,2,3,3,2,2,3,3,4,3,2,3,3,2,2
470,3,3,3,3,4,3,2,4,3,3,3,3,3,3
471,3,3,2,4,4,4,2,3,3,3,3,3,3,3
472,2,2,2,3,2,2,2,2,3,2,2,3,2,2
473,3,4,3,4,2,3,3,3,2,2,2,3,4,4
474,4,3,3,3,3,4,3,3,2,3,2,3,3,4
475,2,3,3,3,2,3,3,4,2,1,2,3,3,3
476,3,3,2,3,3,3,2,2,3,2,3,2,1,3
477,2,3,3,3,3,3,3,5,4,3,4,4,4,4
478,2,4,3,3,3,3,1,1,3,2,2,3,3,2
479,3,4,3,4,3,3,4,4,5,2,3,4,3,4
480,3,4,3,5,4,5,2,3,3,3,3,3,4,3
481,4,4,4,4,5,5,4,4,4,3,3,4,5,5
482,2,3,2,3,3,3,3,3,4,3,NA,NA,NA,NA
483,3,3,2,3,4,2,3,3,3,3,3,3,2,3
484,3,3,3,3,3,3,2,4,3,4,4,4,3,4
485,2,3,1,3,2,1,2,2,2,2,3,3,2,3
486,3,3,2,4,3,2,3,3,3,4,3,2,1,2
487,3,3,2,3,3,3,2,4,2,3,2,4,2,3
488,1,2,2,2,2,2,1,2,2,2,1,2,2,3
489,4,4,4,5,4,5,3,3,3,3,4,4,3,4
490,3,3,3,3,4,4,3,2,2,4,2,2,3,3
491,3,4,2,4,3,2,2,2,2,2,2,1,3,3
492,3,3,4,3,4,3,3,3,3,2,4,4,4,5
493,3,4,3,3,3,2,3,2,4,3,3,2,3,4
494,3,3,2,3,3,3,3,3,2,4,2,3,3,4
495,3,4,3,4,4,2,3,3,3,2,3,3,3,4
496,2,3,2,3,3,2,2,3,4,3,3,4,3,5
497,3,3,3,3,3,3,3,3,3,2,3,2,3,4
498,3,3,4,4,3,4,2,3,4,3,3,3,4,4
499,2,3,2,3,3,2,3,4,3,2,2,3,3,2
500,4,3,4,4,4,3,2,2,3,3,3,3,3,4
501,3,4,3,4,3,3,4,4,3,3,NA,NA,NA,NA
502,3,2,2,3,3,3,3,3,2,2,3,3,3,3
503,2,2,1,3,1,1,3,2,2,3,3,2,2,2
504,NA,NA,NA,NA,NA,NA,NA,NA,NA,NA,4,4,4,4
505,3,2,2,2,3,3,3,3,3,3,4,2,4,4
506,2,3,3,3,4,2,3,3,3,2,NA,NA,NA,NA
507,3,3,4,4,2,4,3,3,3,2,3,3,3,3
508,1,1,1,2,1,1,3,3,3,1,1,2,2,3
509,3,3,2,3,2,2,3,3,2,4,2,2,1,3
510,3,3,4,3,3,3,3,5,5,4,3,2,3,3
511,3,4,2,4,4,4,4,3,3,3,4,3,3,3
512,2,3,1,3,3,2,3,4,2,3,3,3,2,2
513,2,4,2,3,3,2,3,2,1,3,3,2,2,3
514,2,3,1,2,3,2,3,3,4,4,2,3,1,3
515,3,3,3,4,3,4,3,4,3,4,NA,NA,NA,NA
516,3,3,1,3,3,2,4,4,3,2,3,2,2,3
517,2,3,3,3,3,3,4,2,4,2,3,3,3,3
518,2,3,1,3,1,2,2,2,2,2,2,2,2,2
519,3,3,3,4,3,2,3,5,4,3,3,4,4,3
520,3,4,3,3,3,2,2,3,3,4,NA,NA,NA,NA
521,3,3,4,4,4,5,2,3,3,3,4,3,4,3
522,3,5,4,4,5,3,3,3,2,3,3,4,4,4
523,3,4,4,3,3,3,3,3,3,3,3,3,2,3
524,2,3,2,3,2,2,3,4,4,4,3,4,4,4
525,3,5,4,4,4,4,2,3,4,3,3,3,2,3
526,2,3,2,3,2,3,2,3,2,2,2,3,1,1
527,3,2,2,2,2,2,4,4,4,4,3,3,3,3
528,2,3,1,3,2,2,2,2,2,2,2,3,2,3
529,3,3,3,3,4,3,3,5,5,3,3,4,4,4
530,3,2,2,3,3,3,4,4,4,4,3,3,3,3
531,3,3,2,4,3,4,4,4,5,3,4,4,3,4
532,2,2,2,2,2,3,2,2,4,3,3,2,2,2
533,4,5,3,4,4,3,3,3,3,3,3,3,3,4
534,3,3,2,3,3,3,2,1,2,1,1,2,2,2
535,4,4,4,3,4,5,3,4,3,3,4,3,3,3
536,3,3,2,3,3,3,3,3,3,3,3,4,3,4
537,4,5,4,5,5,4,4,5,5,4,4,5,4,4
538,3,2,3,3,3,3,4,4,4,3,3,3,3,3
539,3,4,2,3,2,4,2,3,3,3,NA,NA,NA,NA
540,4,4,4,5,5,3,3,4,4,4,4,4,3,3
541,3,3,3,4,3,3,3,3,3,3,3,3,2,3
542,3,3,4,4,4,3,2,2,3,3,3,4,3,2
543,3,3,4,4,4,3,4,5,4,4,3,5,5,5
544,3,4,3,4,3,3,4,2,2,2,2,2,1,2
545,3,4,3,4,3,3,4,4,5,3,4,4,5,3
546,3,3,2,3,3,3,4,4,3,3,NA,NA,NA,NA
547,3,3,2,2,2,2,3,4,3,4,2,2,3,3
548,4,3,2,4,3,3,3,3,2,4,3,4,4,3
549,2,3,3,3,3,2,2,2,2,3,3,2,3,3
550,3,3,1,3,3,2,3,3,4,3,2,3,4,3
551,2,2,2,3,3,2,3,3,2,2,1,2,2,3
552,3,3,4,4,4,4,4,3,4,3,NA,NA,NA,NA
553,3,4,3,4,3,4,3,3,3,4,3,4,4,4
554,3,3,2,3,2,3,4,3,3,4,2,4,2,3
555,2,3,3,4,3,3,3,3,3,2,3,3,3,4
556,3,2,3,4,3,2,3,4,4,3,3,3,3,4
557,2,4,2,3,4,2,3,4,3,2,2,3,2,3
558,2,3,3,3,3,3,3,3,3,3,2,2,2,3
559,3,3,4,4,3,3,3,3,3,3,2,2,4,3
560,1,4,2,3,4,3,2,2,2,3,3,2,3,3
561,3,2,3,3,3,3,3,3,2,3,NA,NA,NA,NA
562,3,2,2,2,2,2,3,4,3,3,1,3,2,3
563,2,3,2,3,3,2,3,1,3,2,NA,NA,NA,NA
564,3,3,2,2,3,1,2,2,2,2,2,2,3,3
565,3,3,2,3,4,3,4,4,3,2,2,3,4,4
566,3,4,2,3,4,2,2,3,3,4,NA,NA,NA,NA
567,3,3,2,4,2,3,4,4,5,5,4,4,3,4
568,2,3,5,2,3,2,4,3,2,3,3,3,4,3
569,3,3,1,4,3,3,4,4,4,4,4,5,4,4
570,3,3,2,2,3,2,2,3,3,3,2,3,3,3
571,3,4,3,4,3,4,3,2,2,1,3,3,3,4
572,2,4,3,4,3,3,4,4,4,4,3,3,3,4
573,3,3,3,3,3,3,3,4,4,3,4,4,3,4
574,4,4,3,3,3,3,2,3,3,3,2,3,3,3
575,3,3,3,4,3,3,5,4,3,3,3,3,3,4
576,3,4,3,3,4,2,3,4,4,4,4,5,2,5
577,4,5,4,4,4,3,3,3,4,3,3,4,3,4
578,2,3,2,3,4,3,2,2,1,2,1,3,2,3
579,3,3,2,4,3,3,3,4,3,3,4,4,3,3
580,3,4,4,4,3,3,3,3,3,2,NA,NA,NA,NA
581,3,4,2,3,4,2,3,4,4,2,3,3,3,4
582,3,3,3,3,3,3,4,4,3,3,4,3,4,3
583,3,3,3,3,4,3,4,5,3,3,3,3,2,3
584,2,3,4,3,3,2,3,3,3,2,4,3,4,4
585,3,4,4,4,4,4,3,3,3,3,3,3,3,3
586,3,4,2,4,3,3,4,3,4,3,3,3,3,5
587,3,3,2,3,2,3,3,3,3,3,3,2,2,3
588,3,3,4,4,3,4,3,2,3,3,NA,NA,NA,NA
589,3,4,4,4,4,4,2,5,4,3,4,4,4,4
590,2,3,3,3,3,2,2,2,1,2,3,4,3,3
591,3,4,3,3,4,4,3,4,4,4,5,5,4,5
592,4,4,4,4,3,3,1,2,2,3,3,3,4,3
593,3,4,3,3,3,3,3,3,3,2,3,4,2,4
594,3,3,4,4,4,2,4,3,3,4,4,4,3,4
595,3,4,3,4,3,3,2,2,3,2,3,2,3,2
596,3,4,5,4,4,4,4,3,4,2,4,4,4,5
597,3,3,2,2,2,2,3,2,2,2,2,1,2,3
598,3,3,2,3,3,2,3,3,3,3,3,3,2,3
599,2,2,1,1,2,2,3,3,3,3,3,3,2,2
600,2,4,3,3,2,4,3,4,3,3,2,2,2,3
601,3,5,4,4,5,3,2,3,4,4,4,4,4,4
602,2,2,3,2,3,3,3,3,2,2,3,3,3,3
603,3,3,3,3,3,3,3,4,3,2,2,3,2,3
604,3,3,2,3,2,3,3,2,4,3,3,2,1,2
605,2,3,3,3,2,2,3,2,2,3,2,2,2,2
606,2,4,1,3,3,3,3,3,3,2,3,3,3,3
607,3,3,2,4,3,3,3,2,2,3,2,2,2,3
608,3,3,4,5,4,3,4,4,2,3,2,3,3,3
609,2,3,2,3,3,2,2,2,3,3,NA,NA,NA,NA
610,4,4,3,4,4,3,3,4,4,4,5,3,4,5
611,4,4,3,4,4,4,3,4,4,4,4,4,3,5
612,4,4,3,4,3,4,3,3,4,3,4,4,4,3
613,3,2,2,3,3,3,2,2,2,1,2,3,3,3
614,2,3,2,4,3,3,3,4,3,4,3,5,5,4
615,3,3,4,3,4,3,3,2,2,2,4,4,3,3
616,2,3,3,3,3,2,3,4,4,3,NA,NA,NA,NA
617,3,2,2,3,3,3,4,3,3,4,3,4,3,4
618,4,4,5,5,5,4,3,4,4,5,NA,NA,NA,NA
619,NA,NA,NA,NA,NA,NA,NA,NA,NA,NA,3,2,2,3
620,3,4,2,3,4,2,2,3,3,3,3,4,3,3
621,2,2,2,3,3,2,3,4,3,4,3,3,3,2
622,2,3,3,3,3,3,2,4,3,2,4,3,3,2
623,3,4,3,4,3,4,2,2,3,3,3,3,3,3
624,3,4,3,3,3,2,2,2,3,2,4,3,2,4
625,2,3,3,3,3,2,3,2,3,3,4,3,1,1
626,4,3,3,4,4,3,3,4,4,4,4,4,4,3
627,3,3,3,3,4,4,3,4,4,3,3,3,4,5
628,3,3,2,3,3,3,2,2,2,2,2,1,2,3
629,3,4,3,3,3,4,3,4,4,3,4,3,4,4
630,2,3,4,3,4,3,3,4,3,2,NA,NA,NA,NA
631,3,4,3,4,3,5,4,3,4,3,4,5,2,4
632,2,3,3,3,2,2,3,2,3,4,NA,NA,NA,NA
633,2,3,2,3,2,1,3,2,2,4,3,4,3,3
634,4,3,2,3,4,4,2,2,3,4,4,3,3,3
635,2,3,2,4,3,2,2,3,2,2,2,2,1,2
636,4,4,3,4,3,4,3,3,3,2,2,3,3,3
637,3,4,3,3,3,3,3,4,4,4,2,3,2,3
638,3,2,3,3,3,2,2,2,2,4,2,2,2,3
639,3,3,2,3,2,2,2,3,3,3,2,3,2,4
640,2,2,1,3,2,2,4,3,2,4,3,3,2,4
641,1,2,1,2,3,2,2,3,3,3,3,3,2,3
642,4,2,3,3,2,3,4,2,2,3,3,3,2,4
643,3,3,2,3,4,3,2,2,1,2,2,3,2,4
644,1,4,3,3,3,3,3,3,5,4,4,4,3,3
645,2,2,3,2,3,2,3,4,4,3,3,3,2,2
646,3,4,3,4,3,3,3,3,3,2,3,3,2,4
647,1,3,1,3,2,1,3,3,4,2,2,2,2,3
648,2,3,3,3,2,3,3,3,4,3,3,4,4,3
649,2,3,1,3,4,4,3,4,3,3,3,3,2,3
650,3,3,2,4,3,4,3,3,2,3,2,3,3,4
651,3,4,5,4,4,4,4,4,4,4,4,4,4,5
652,4,4,3,4,4,3,2,4,4,4,3,3,3,3
653,2,2,1,2,2,1,2,2,2,2,2,2,2,2
654,3,3,3,2,3,2,2,3,3,2,3,3,2,3
655,2,2,2,3,4,3,4,3,3,2,3,4,2,4
656,2,3,3,3,3,4,3,3,3,3,3,3,3,3
657,3,4,3,3,4,3,3,3,3,3,3,3,3,2
658,3,2,2,3,2,4,3,4,4,3,NA,NA,NA,NA
659,3,2,4,3,2,3,3,3,3,2,2,3,2,3
660,4,3,4,4,4,3,2,2,4,4,4,3,4,3
661,3,3,2,4,4,3,2,2,3,3,4,3,3,3
662,3,4,4,4,4,4,3,4,3,3,3,4,3,4
663,3,3,4,3,3,3,2,3,4,3,3,4,4,3
664,3,2,2,2,3,2,3,3,3,4,2,3,2,3
665,3,4,3,3,3,4,4,4,5,3,4,3,4,4
666,2,3,1,3,4,4,3,2,4,2,2,2,1,2
667,2,2,1,3,2,1,1,2,3,2,3,3,4,3
668,2,3,4,4,4,3,3,2,2,2,NA,NA,NA,NA
669,2,2,3,3,3,2,3,3,3,3,4,3,3,3
670,2,1,3,2,2,2,2,2,3,3,2,2,2,3
671,3,3,4,3,3,3,3,4,5,4,2,4,3,3
672,4,4,3,4,4,3,4,3,3,3,3,4,3,4
673,3,3,5,3,4,4,3,3,4,3,4,4,4,3
674,NA,NA,NA,NA,NA,NA,NA,NA,NA,NA,4,3,3,4
675,3,4,4,3,4,4,3,2,3,3,3,4,3,4
676,3,2,2,3,3,1,3,3,3,3,3,3,3,4
677,3,3,4,5,4,4,2,3,2,4,4,3,3,4
678,4,3,2,3,3,3,3,3,3,3,3,2,3,4
679,3,3,2,4,3,3,3,4,3,2,2,3,2,3
680,4,4,4,3,4,4,4,3,4,5,4,4,2,4
681,3,2,3,2,2,2,3,2,2,2,1,2,2,3
682,2,2,2,3,2,1,3,3,3,2,NA,NA,NA,NA
683,3,4,5,3,5,3,3,4,4,3,4,4,4,4
684,2,2,3,2,3,3,4,4,4,3,4,4,4,3
685,3,3,3,2,3,3,4,4,2,4,3,4,3,3
686,NA,NA,NA,NA,NA,NA,NA,NA,NA,NA,NA,NA,NA,NA
687,4,4,3,5,5,3,3,3,3,3,3,4,3,4
688,3,4,2,4,4,3,3,3,3,3,4,3,2,3
689,2,4,2,3,2,2,2,3,2,3,2,3,2,4
690,3,3,2,3,4,2,3,3,2,1,1,3,2,3
691,NA,NA,NA,NA,NA,NA,NA,NA,NA,NA,2,3,2,3
692,3,2,2,3,3,3,3,4,3,3,2,2,2,3
693,4,4,3,4,3,4,1,3,3,2,3,4,3,4
694,4,4,3,4,3,3,3,4,2,3,3,3,3,4
695,2,2,2,3,2,2,3,3,4,1,3,2,2,2
696,3,3,2,4,2,3,2,4,2,2,3,2,3,4
697,4,4,3,4,3,3,2,3,3,3,2,4,3,4
698,2,2,1,2,2,2,2,3,3,3,NA,NA,NA,NA
699,3,4,2,3,4,3,2,3,3,3,5,4,3,4
700,4,4,2,2,3,2,2,2,1,1,2,3,2,2
701,3,4,2,4,3,2,2,2,4,3,2,3,3,2
702,2,3,1,3,2,2,3,4,3,3,2,3,4,3
703,2,3,1,4,3,3,3,4,4,5,3,4,3,4
704,3,3,1,2,3,3,2,4,3,3,NA,NA,NA,NA
705,4,4,3,5,3,3,3,4,4,3,4,3,4,5
706,3,4,5,5,4,5,1,3,3,3,4,3,2,4
707,2,3,3,3,3,2,4,3,3,5,NA,NA,NA,NA
708,3,3,2,3,5,3,3,2,3,3,2,3,2,2
709,2,3,3,3,3,2,3,3,3,3,NA,NA,NA,NA
710,3,4,3,4,4,4,3,3,3,2,3,3,2,3
711,3,3,2,3,3,2,3,2,3,3,4,4,3,4
712,3,4,3,4,3,4,2,2,3,1,3,2,2,3
713,3,2,2,4,4,2,4,4,5,4,3,3,3,3
714,4,4,4,5,4,4,3,4,4,4,4,4,4,4
715,3,3,2,3,3,3,4,4,4,3,3,3,2,3
716,3,3,3,3,4,4,2,3,2,1,2,1,2,2
717,2,3,2,2,3,3,4,2,2,3,2,3,3,3
718,2,3,1,3,3,2,4,4,3,4,3,4,3,4
719,3,3,3,3,2,2,4,4,4,3,NA,NA,NA,NA
720,2,2,2,3,3,2,1,3,2,3,2,1,3,2
721,4,2,3,4,3,5,4,4,3,3,NA,NA,NA,NA
722,2,4,2,4,3,3,2,3,3,4,2,3,3,4
723,2,2,1,2,2,1,4,3,3,3,4,4,3,4
724,2,3,3,4,4,5,2,3,3,3,4,3,3,4
725,2,3,4,4,4,3,3,2,2,4,4,3,4,4
726,2,3,3,3,4,3,3,3,2,3,3,2,2,2
727,5,4,3,4,3,3,4,3,3,3,3,2,3,3
728,2,3,3,3,3,3,3,4,3,3,3,2,2,3
729,NA,NA,NA,NA,NA,NA,NA,NA,NA,NA,4,4,3,5
730,4,4,4,5,3,3,4,4,5,4,4,3,5,5
731,2,3,2,2,3,2,3,2,3,2,3,3,3,4
732,2,4,3,4,3,4,3,2,2,3,3,3,3,3
733,3,4,3,4,3,3,2,3,3,3,3,3,4,4
734,3,3,3,3,3,3,2,3,3,4,3,3,3,4
735,1,3,2,2,2,1,3,3,3,4,2,3,3,2
736,3,4,4,4,4,4,3,2,3,3,4,3,4,4
737,3,3,3,2,2,4,3,3,2,2,2,3,2,2
738,3,3,3,4,3,3,3,3,4,4,3,3,4,5
739,3,3,3,4,4,3,3,2,3,3,3,3,3,2
740,3,3,3,3,3,4,3,4,3,2,3,4,3,3
741,4,3,3,2,3,3,3,3,3,2,2,2,2,3
742,4,5,5,4,5,5,4,3,2,4,4,4,3,4
743,4,4,4,3,4,4,2,3,2,3,2,2,3,4
744,4,3,3,4,2,3,3,3,2,4,3,2,3,4
745,3,3,3,3,4,3,3,2,2,3,2,2,3,2
746,2,2,2,3,3,2,2,2,3,3,NA,NA,NA,NA
747,3,4,3,3,3,2,3,3,4,4,4,3,4,5
748,3,4,3,3,2,3,3,2,2,3,2,3,3,3
749,NA,NA,NA,NA,NA,NA,NA,NA,NA,NA,2,3,3,3
750,3,3,3,3,3,1,2,3,2,2,2,3,2,2
751,3,3,3,3,3,3,3,2,3,3,3,4,2,4
752,2,3,3,3,3,3,3,2,1,3,2,2,3,2
753,4,4,3,3,3,3,3,2,3,2,3,2,2,4
754,2,3,2,4,3,3,3,4,4,3,3,3,3,4
755,3,3,3,4,3,2,2,3,2,2,NA,NA,NA,NA
756,3,3,2,3,2,3,3,2,3,3,3,3,3,4
757,3,3,2,3,3,2,2,3,2,3,3,2,3,4
758,2,3,2,3,3,2,2,2,2,2,3,2,2,3
759,3,3,4,4,3,2,2,3,3,3,3,3,3,3
760,3,3,3,3,3,3,3,4,3,3,3,3,3,4
761,3,2,4,4,4,4,3,3,3,3,NA,NA,NA,NA
762,1,3,1,2,3,2,3,2,3,2,3,3,3,4
763,2,2,2,2,3,3,2,2,2,3,1,2,2,2
764,2,3,2,3,3,3,2,2,2,3,2,2,2,3
765,2,3,2,3,3,2,3,2,2,4,2,2,2,3
766,1,2,1,3,3,2,1,3,3,2,1,3,1,3
767,3,3,2,4,4,4,3,3,4,4,NA,NA,NA,NA
768,4,5,5,3,5,4,3,4,3,3,NA,NA,NA,NA
769,2,3,3,4,3,3,5,4,4,4,4,4,3,4
770,3,4,3,5,3,3,1,2,3,3,2,2,3,3
771,3,3,3,3,3,4,3,3,3,3,3,3,3,3
772,4,4,4,4,3,4,4,4,5,4,4,4,5,5
773,2,2,2,3,2,3,2,2,3,3,2,2,2,4
774,3,4,3,3,4,3,3,2,4,3,2,3,3,2
775,4,2,3,4,3,3,2,3,3,2,3,3,3,3
776,2,4,3,4,3,3,2,2,3,3,3,3,3,2
777,3,3,2,3,4,4,3,4,4,3,4,4,5,5
778,2,3,2,4,3,3,3,4,3,3,4,4,4,5
779,2,3,1,3,4,3,3,3,3,2,2,2,2,3
780,3,3,2,2,3,1,1,3,2,1,2,2,1,2
781,3,3,3,3,3,3,2,2,2,2,3,2,3,4
782,3,2,3,2,3,2,4,3,3,5,3,2,2,2
783,4,4,3,4,3,4,5,5,3,3,4,4,4,4
784,3,4,4,4,2,3,2,2,2,1,3,2,2,3
785,2,2,2,3,2,3,4,2,3,2,2,2,2,2
786,2,2,1,3,2,4,4,4,4,4,3,4,3,3
787,3,4,3,3,3,4,3,3,2,2,3,3,3,2
788,2,4,3,3,4,3,3,1,2,2,NA,NA,NA,NA
789,3,2,2,3,3,3,1,2,1,1,2,1,1,2
790,4,4,3,4,3,4,4,3,3,3,5,3,3,3
791,2,2,2,4,3,3,2,2,3,2,2,2,2,3
792,1,2,1,3,3,3,3,3,4,3,2,1,1,3
793,2,3,4,3,4,2,2,2,2,1,3,2,2,3
794,3,4,3,3,3,3,3,2,2,3,3,3,2,3
795,3,3,3,2,4,2,3,4,3,3,3,3,2,4
796,3,3,3,4,3,2,4,2,3,2,4,2,2,3
797,2,3,3,4,3,2,2,3,3,3,NA,NA,NA,NA
798,NA,NA,NA,NA,NA,NA,NA,NA,NA,NA,3,3,4,4
799,2,4,4,5,4,4,4,3,4,3,3,4,4,4
800,3,3,3,4,4,4,2,3,5,3,3,3,4,3
801,3,4,3,3,4,3,4,4,3,4,4,4,4,3
802,4,4,4,4,4,5,3,3,2,3,5,3,5,5
803,3,2,2,2,1,1,3,3,1,1,3,2,2,4
804,3,3,4,4,4,3,3,3,3,3,NA,NA,NA,NA
805,3,3,3,3,4,3,3,3,3,2,3,3,4,5
806,4,3,4,4,3,3,3,3,3,3,3,4,4,4
807,2,3,3,3,3,3,2,3,4,3,3,2,3,2
808,3,3,4,3,3,2,2,3,2,2,4,3,2,3
809,3,3,1,3,3,2,3,3,2,3,1,1,1,3
810,2,4,3,3,4,3,3,4,4,3,3,4,3,3
811,3,2,2,2,2,4,3,3,3,1,2,3,2,2
812,2,3,3,4,3,3,3,3,2,2,3,3,3,3
813,4,4,4,4,4,4,4,4,3,2,NA,NA,NA,NA
814,3,4,3,2,3,2,1,3,2,2,1,3,2,2
815,1,2,2,3,3,2,2,2,2,3,1,3,2,3
816,3,2,1,2,4,2,2,3,3,4,2,2,2,4
817,3,3,3,3,3,2,4,3,3,3,2,4,4,3
818,3,4,2,4,3,4,4,3,4,4,4,3,5,4
819,2,2,2,3,3,2,3,3,3,4,4,3,4,3
820,3,3,3,3,4,4,4,4,4,4,4,4,3,4
821,4,5,5,4,4,5,2,2,4,3,3,4,4,4
822,3,3,3,3,3,2,3,2,3,4,2,2,2,3
823,3,2,2,3,4,2,3,3,2,2,3,3,5,4
824,3,3,2,4,3,2,4,3,3,2,3,4,3,4
825,3,3,3,3,4,4,4,3,2,4,3,3,4,3
826,2,2,1,2,2,2,3,3,4,3,3,2,2,2
827,3,4,4,3,3,5,4,3,5,4,4,3,4,5
828,3,3,4,3,3,2,4,3,4,3,3,3,3,3
829,3,3,3,3,3,2,3,2,1,2,3,3,3,3
830,4,3,3,4,4,2,1,2,3,1,2,3,3,3
831,2,3,3,4,3,4,4,3,4,3,3,4,3,3
832,4,4,3,4,4,3,2,2,3,2,3,3,2,3
833,3,4,4,4,4,3,2,3,2,2,NA,NA,NA,NA
834,3,2,1,2,1,2,3,3,3,3,NA,NA,NA,NA
835,2,3,2,3,4,3,4,3,3,3,3,3,2,4
836,3,3,3,4,3,4,3,3,2,3,3,4,4,4
837,2,3,3,3,2,3,3,2,2,2,2,2,2,2
838,4,4,3,5,4,4,3,4,3,3,3,4,4,4
839,2,3,2,2,2,2,3,4,4,3,2,2,3,3
840,3,3,3,3,3,3,2,3,2,2,1,3,2,3
841,4,4,4,3,4,3,3,4,3,3,4,3,4,5
842,2,2,3,3,2,3,3,2,3,3,3,2,4,4
843,NA,NA,NA,NA,NA,NA,NA,NA,NA,NA,2,3,2,3
844,2,3,3,3,3,3,3,3,3,3,2,2,2,3
845,2,3,2,3,2,2,3,2,2,2,NA,NA,NA,NA
846,2,2,1,1,1,1,3,2,3,2,1,3,2,3
847,3,3,3,3,3,3,2,3,4,2,3,3,2,3
848,3,4,3,4,2,3,3,3,3,3,4,4,4,3
849,3,3,5,3,3,2,4,4,4,3,4,3,4,3
850,2,3,2,3,3,3,2,2,2,4,3,3,2,4
851,2,3,3,4,3,4,5,4,4,4,4,4,3,4
852,3,2,3,2,2,3,3,3,2,3,2,3,3,3
853,3,3,4,4,3,4,3,4,5,3,3,4,4,4
854,2,4,3,3,3,3,4,4,5,4,4,4,4,4
855,4,3,3,4,3,3,2,3,4,3,3,2,2,3
856,3,3,2,4,3,2,3,4,4,4,4,3,3,3
857,NA,NA,NA,NA,NA,NA,NA,NA,NA,NA,3,3,3,3
858,3,3,4,3,4,3,3,3,3,3,4,4,3,4
859,2,3,3,3,3,3,2,2,2,3,1,1,2,2
860,NA,NA,NA,NA,NA,NA,NA,NA,NA,NA,4,3,3,5
861,2,3,2,3,3,3,2,3,3,2,3,3,3,3
862,4,4,4,4,4,3,3,4,3,2,2,3,2,3
863,1,1,2,3,3,2,1,1,2,1,1,2,1,1
864,3,3,2,4,3,2,4,3,4,3,3,3,2,3
865,2,2,2,2,2,2,2,2,2,2,2,3,2,2
866,3,3,3,4,3,3,1,2,2,2,3,2,2,3
867,NA,NA,NA,NA,NA,NA,NA,NA,NA,NA,3,4,4,4
868,3,2,2,3,3,2,3,3,4,2,3,3,2,3
869,3,3,2,3,3,4,2,4,2,3,2,2,2,2
870,3,2,3,4,4,3,3,4,4,4,2,2,2,3
871,4,4,4,4,4,3,3,3,4,3,4,4,4,5
872,1,3,3,1,2,1,2,3,3,3,1,1,1,2
873,3,3,3,3,4,3,2,4,3,3,3,3,2,3
874,4,3,2,4,4,3,5,3,4,3,NA,NA,NA,NA
875,2,1,1,2,1,2,3,3,4,4,2,2,3,3
876,2,3,2,3,3,4,3,3,4,3,3,3,3,4
877,2,3,3,3,3,3,2,3,3,3,2,3,2,3
878,3,3,3,4,4,3,3,4,3,3,3,3,4,3
879,4,4,4,4,5,3,3,5,4,4,4,3,3,5
880,3,3,2,4,3,3,2,3,2,3,4,3,3,3
881,2,2,2,2,2,2,3,3,3,3,2,3,3,4
882,2,3,3,3,3,4,2,3,4,4,3,4,3,3
883,2,3,3,3,3,2,2,3,3,3,3,4,4,3
884,3,3,4,3,3,3,4,3,2,4,2,3,3,3
885,2,3,2,3,3,2,2,2,3,4,3,3,3,4
886,3,3,3,3,2,4,3,3,2,4,3,3,3,3
887,3,4,2,4,3,2,3,3,3,4,3,3,4,3
888,3,3,4,3,4,3,4,3,4,4,3,3,3,3
889,4,5,3,4,4,4,4,3,3,3,4,3,3,3
890,4,4,5,4,4,3,2,4,4,3,4,3,4,5
891,3,4,3,4,3,4,3,3,3,3,3,4,3,3
892,3,3,3,4,3,2,2,4,4,3,5,3,4,4
893,3,3,2,3,3,3,3,3,4,3,NA,NA,NA,NA
894,3,4,4,4,4,3,3,4,4,4,3,4,3,5
895,3,3,3,3,3,3,4,4,4,4,4,4,4,4
896,2,3,3,3,3,2,2,2,2,3,1,2,1,3
897,2,4,3,3,3,3,3,3,4,2,1,4,2,3
898,3,4,3,3,4,3,1,2,3,2,2,2,3,3
899,2,3,3,3,2,3,4,3,3,3,4,3,3,3
900,4,3,4,4,3,4,4,4,3,2,4,3,3,4
901,3,3,4,4,3,4,3,3,3,2,3,4,3,3
902,2,3,2,3,3,3,4,4,3,3,4,4,3,3
903,3,3,3,4,2,2,2,4,4,3,3,3,3,3
904,3,4,2,3,4,2,2,2,3,3,4,3,2,4
905,1,2,1,3,2,2,1,2,3,2,2,3,2,2
906,3,4,4,4,3,4,1,4,4,3,3,2,3,3
907,3,3,3,3,3,3,3,4,4,3,4,4,4,3
908,3,3,4,4,3,4,3,4,4,5,4,5,3,4
909,2,3,3,3,3,3,4,4,4,3,3,4,4,4
910,2,1,3,1,1,2,2,2,2,2,1,1,2,2
911,3,2,2,3,3,3,3,4,4,3,2,3,2,2
912,NA,NA,NA,NA,NA,NA,NA,NA,NA,NA,2,2,2,3
913,4,3,2,3,3,3,2,3,3,3,2,3,3,4
914,3,3,3,3,4,2,2,2,3,3,NA,NA,NA,NA
915,2,4,3,3,3,2,3,4,4,3,3,2,3,3
916,2,4,3,3,3,3,2,2,1,2,3,2,3,3
917,2,2,2,2,3,4,2,2,3,1,2,2,1,2
918,2,3,2,2,2,1,3,3,3,3,3,2,3,4
919,2,3,3,3,4,2,3,3,3,4,3,4,3,4
920,3,4,3,3,4,3,3,2,3,2,3,2,2,2
921,NA,NA,NA,NA,NA,NA,NA,NA,NA,NA,3,4,4,4
922,3,3,2,3,2,2,3,3,2,3,2,2,2,2
923,2,2,2,2,1,2,2,2,2,3,2,3,2,1
924,3,4,5,4,4,4,3,3,4,3,3,4,4,4
925,3,2,2,2,2,3,3,3,4,4,2,4,3,4
926,3,4,3,3,3,4,3,4,3,4,3,4,4,3
927,3,3,3,4,3,2,4,5,3,4,4,3,4,5
928,3,2,3,3,3,3,2,3,3,3,2,2,2,2
929,3,3,3,2,2,2,3,2,3,2,3,2,2,2
930,2,2,1,3,2,2,2,2,1,2,2,2,1,1
931,NA,NA,NA,NA,NA,NA,NA,NA,NA,NA,2,3,2,4
932,4,4,3,4,3,3,4,3,4,3,NA,NA,NA,NA
933,3,4,2,3,2,3,3,3,2,3,2,2,3,3
934,4,3,3,3,3,3,4,4,3,2,3,4,3,4
935,3,3,1,4,3,2,4,3,2,3,3,4,4,3
936,4,3,2,3,4,4,2,2,2,2,2,2,3,3
937,3,2,4,5,4,3,4,3,3,1,2,3,2,2
938,2,3,2,3,3,2,3,3,3,3,2,3,3,3
939,3,4,3,4,3,4,2,2,3,3,4,4,3,4
940,3,3,4,3,4,2,3,4,4,4,3,3,4,3
941,3,2,2,3,2,4,3,3,3,3,2,3,3,3
942,2,3,2,3,2,3,2,3,2,3,2,3,2,3
943,3,3,4,4,5,4,2,3,3,3,3,3,2,3
944,3,4,2,3,4,4,3,3,2,3,4,4,3,4
945,3,4,3,3,3,4,4,4,5,2,4,4,3,3
946,3,3,4,4,3,2,4,4,5,3,2,4,3,4
947,3,4,3,4,4,3,2,2,3,3,3,3,3,5
948,3,3,2,4,4,3,4,4,5,4,4,4,4,4
949,3,2,1,3,3,1,3,3,4,2,3,3,3,3
950,3,4,5,4,4,5,2,3,4,4,3,5,4,5
951,3,3,2,4,3,3,2,3,3,3,4,4,3,2
952,3,3,4,4,4,4,4,4,3,4,3,4,4,4
953,2,4,1,3,2,2,2,2,3,3,2,3,1,2
954,3,4,3,3,4,3,2,3,4,3,3,3,3,4
955,2,2,2,3,3,2,2,2,2,3,2,3,3,3
956,2,3,2,4,3,4,4,3,4,2,3,3,3,3
957,2,3,2,3,2,2,4,4,4,3,4,3,3,4
958,4,3,3,4,4,4,3,3,4,3,4,3,3,3
959,3,5,5,4,5,4,3,5,4,4,NA,NA,NA,NA
960,2,3,2,2,4,1,2,2,2,2,NA,NA,NA,NA
961,3,4,3,4,4,4,4,3,3,4,3,4,4,4
962,1,2,2,2,3,1,1,2,2,2,2,1,2,2
963,3,3,2,2,4,3,4,3,3,3,NA,NA,NA,NA
964,3,3,2,3,3,3,4,4,4,4,4,3,3,3
965,2,3,2,3,3,3,3,3,3,3,2,2,3,2
966,3,3,2,3,3,2,2,2,2,3,NA,NA,NA,NA
967,4,3,2,4,3,2,4,3,3,3,3,3,3,3
968,4,3,2,3,3,2,3,4,5,4,2,1,2,3
969,2,1,2,2,2,1,2,2,2,2,3,3,2,2
970,3,3,4,3,5,3,3,3,3,3,4,4,5,4
971,4,3,3,4,3,3,2,2,3,3,3,3,2,3
972,3,3,1,4,3,2,2,2,2,3,NA,NA,NA,NA
973,2,4,4,4,3,3,4,4,4,5,NA,NA,NA,NA
974,3,4,3,3,4,3,4,4,3,4,5,3,5,5
975,3,3,2,3,2,3,2,2,2,2,1,3,1,3
976,3,3,3,3,4,2,2,4,3,4,3,4,4,4
977,3,4,3,4,4,4,3,3,3,3,4,3,4,3
978,2,3,2,3,2,3,3,4,3,3,3,4,3,3
979,4,3,4,4,3,3,4,3,4,4,3,2,2,4
980,3,4,3,4,4,5,2,3,4,3,3,3,3,2
981,4,3,3,4,3,3,4,4,3,4,4,4,4,4
982,3,5,4,4,3,4,3,3,5,4,3,3,3,3
983,3,3,3,2,2,3,2,2,3,3,2,2,3,3
984,2,3,2,3,2,2,3,2,3,2,NA,NA,NA,NA
985,4,4,2,3,3,3,3,5,5,4,3,2,2,4
986,3,3,1,2,2,2,2,1,2,2,1,2,1,1
987,1,2,1,1,2,1,4,3,3,2,2,3,2,2
988,3,3,4,3,3,3,3,4,4,3,NA,NA,NA,NA
989,NA,NA,NA,NA,NA,NA,NA,NA,NA,NA,3,3,2,3
990,4,5,5,5,5,5,4,3,5,4,5,4,4,4
991,2,3,1,4,2,3,3,2,2,3,3,2,2,2
992,2,4,3,3,3,3,3,3,2,3,3,2,3,3
993,3,3,3,4,3,3,3,3,3,4,3,4,4,3
994,3,2,3,3,3,3,3,3,4,3,3,4,3,4
995,3,3,3,5,3,2,2,3,3,3,2,3,2,3
996,2,2,2,2,3,2,3,4,3,3,2,2,2,2
997,3,3,3,4,5,4,4,4,4,2,5,3,3,3
998,2,3,3,3,2,2,3,2,4,3,NA,NA,NA,NA
999,2,1,1,2,2,2,4,4,3,3,3,2,3,3
1000,2,2,3,4,3,3,3,4,3,3,5,4,3,4
1001,4,3,4,3,2,3,2,3,3,4,NA,NA,NA,NA
1002,3,3,2,2,2,1,3,2,3,2,1,2,1,2
1003,3,4,3,3,3,3,2,3,3,3,3,3,3,4
1004,4,4,4,4,3,4,4,3,4,4,4,4,3,3
1005,3,4,2,3,4,4,4,4,4,4,3,4,4,4
1006,2,3,3,3,3,3,3,3,3,4,3,3,3,3
1007,3,3,1,3,2,2,3,3,3,3,NA,NA,NA,NA
1008,2,3,3,3,2,3,2,2,3,2,NA,NA,NA,NA
1009,2,3,2,3,3,3,4,4,3,3,3,3,3,3
1010,3,3,3,3,4,5,3,4,4,5,3,5,4,5
1011,3,3,2,3,3,4,4,3,3,3,3,3,3,3
1012,3,4,2,3,2,2,3,2,2,2,2,3,3,3
1013,4,4,4,5,5,4,3,3,4,3,5,4,4,5
1014,3,3,3,3,2,3,2,2,2,3,2,3,3,3
1015,3,4,4,4,5,5,4,3,4,2,5,3,4,3
1016,3,3,3,4,3,3,3,2,2,3,3,3,3,4
1017,4,4,3,3,3,2,4,3,4,3,5,4,3,4
1018,2,3,3,3,3,2,2,3,2,3,2,2,2,2
1019,3,3,3,4,3,3,3,3,4,4,3,4,3,3
1020,2,3,3,2,3,3,2,3,2,2,3,3,4,2
1021,4,4,4,3,4,3,3,4,3,2,3,4,4,4
1022,4,2,3,5,4,4,4,4,2,5,3,4,3,4
1023,3,4,3,4,4,3,3,3,4,4,4,4,4,5
1024,2,3,4,5,4,4,3,3,3,3,3,4,3,4
1025,2,3,3,2,2,3,3,4,4,3,4,3,4,3
1026,2,3,2,2,2,2,3,3,3,2,2,2,2,3
1027,2,3,2,3,4,3,2,4,3,3,1,2,2,3
1028,3,3,2,4,3,3,3,3,4,3,NA,NA,NA,NA
1029,2,2,2,3,2,3,4,3,3,3,3,4,3,3
1030,4,3,3,4,3,4,3,4,3,4,4,3,3,3
1031,3,3,3,3,4,3,3,3,4,3,4,3,3,3
1032,3,3,4,4,3,3,2,2,2,2,4,3,2,3
1033,1,2,2,2,1,3,3,2,1,2,1,1,1,2
1034,2,3,3,3,3,4,3,3,2,2,3,3,3,3
1035,3,4,2,3,4,4,2,3,2,4,2,2,3,3
1036,4,4,4,4,5,4,4,4,5,3,5,4,3,4
1037,3,3,1,3,3,2,3,1,2,1,3,2,3,3
1038,2,2,2,3,2,2,2,3,3,2,2,3,3,2
1039,3,3,4,5,4,4,4,3,3,4,4,4,4,4
1040,2,4,3,3,3,3,3,2,3,3,4,4,3,3
1041,3,3,5,3,3,3,3,3,3,4,3,3,4,5
1042,3,3,3,3,3,3,1,3,3,3,3,3,3,3
1043,3,4,3,3,5,3,3,3,4,3,2,3,3,3
1044,2,2,2,4,2,1,2,2,3,3,2,3,3,3
1045,3,3,3,4,3,2,2,2,2,3,2,3,3,4
1046,2,3,3,3,3,3,3,3,3,3,3,3,3,3
1047,3,4,2,3,3,3,3,3,2,3,3,2,3,2
1048,2,3,5,3,5,4,3,3,4,3,4,5,5,4
1049,4,4,3,3,3,3,3,3,4,4,4,5,4,4
1050,3,2,3,2,2,2,2,1,2,1,3,2,3,2
1051,2,2,4,3,2,2,4,3,2,3,5,2,3,2
1052,2,3,3,4,2,2,3,3,4,2,NA,NA,NA,NA
1053,4,3,3,4,4,3,3,3,3,4,4,4,4,4
1054,3,2,2,3,2,2,3,2,2,1,1,2,1,2
1055,3,4,3,3,3,4,3,3,2,2,4,3,4,4
1056,2,3,3,3,2,2,2,2,4,4,4,3,3,3
1057,2,3,4,4,3,3,2,3,3,3,3,4,3,4
1058,3,4,3,2,3,3,2,1,2,1,2,3,2,3
1059,3,3,4,3,3,3,4,4,3,4,3,4,3,4
1060,2,2,2,1,3,1,3,3,4,2,2,3,2,4
1061,3,4,3,3,3,3,2,2,1,2,2,2,2,3
1062,4,3,3,4,4,4,4,3,2,2,NA,NA,NA,NA
1063,4,4,5,4,4,5,4,4,5,3,3,3,3,4
1064,3,2,3,3,2,3,3,3,3,3,2,3,3,2
1065,3,4,5,4,4,4,4,4,5,5,NA,NA,NA,NA
1066,2,2,3,4,3,3,2,2,2,2,NA,NA,NA,NA
1067,2,3,3,4,3,2,3,3,3,3,NA,NA,NA,NA
1068,2,2,2,3,3,3,3,3,3,3,3,2,2,3
1069,3,2,3,4,3,3,4,3,3,2,NA,NA,NA,NA
1070,3,2,1,3,3,1,2,2,3,2,2,3,2,2
1071,NA,NA,NA,NA,NA,NA,NA,NA,NA,NA,3,3,3,4
1072,3,3,3,3,3,3,3,5,4,5,4,3,3,4
1073,3,4,3,3,3,3,2,3,4,1,3,4,4,4
1074,3,2,3,3,3,4,5,5,5,3,3,4,3,4
1075,3,4,5,4,4,3,3,2,4,4,NA,NA,NA,NA
1076,2,3,4,4,3,4,1,3,3,2,3,4,2,3
1077,3,3,3,3,4,4,3,4,3,3,3,2,2,4
1078,3,4,4,4,3,3,2,3,3,3,2,4,3,4
1079,3,3,3,4,3,3,4,3,3,3,3,3,3,3
1080,2,4,3,3,5,2,3,3,3,3,3,3,3,3
1081,4,4,3,4,4,3,2,3,4,3,3,3,3,3
1082,2,3,2,3,2,2,3,2,1,1,NA,NA,NA,NA
1083,2,4,3,2,2,3,4,4,4,5,4,3,3,4
1084,2,2,3,2,3,3,3,3,3,2,3,3,3,3
1085,3,4,4,3,3,3,3,3,4,3,3,4,2,3
1086,3,3,3,4,2,2,4,4,4,5,3,4,4,4
1087,2,3,3,4,3,3,3,4,4,3,4,4,3,4
1088,2,3,1,4,1,3,2,3,3,2,4,4,3,4
1089,3,3,3,4,3,3,3,3,4,3,3,4,3,3
1090,4,3,2,3,3,3,3,3,3,2,3,3,2,4
1091,3,3,3,2,2,2,4,3,3,3,3,3,2,3
1092,3,3,3,3,3,2,2,2,3,3,2,3,1,3
1093,3,4,3,3,5,4,4,3,2,4,4,4,3,4
1094,2,2,2,2,2,2,2,2,2,3,2,2,3,4
1095,4,4,3,5,3,4,3,3,4,3,5,5,4,4
1096,4,4,4,3,5,2,4,4,3,3,5,4,5,5
1097,2,3,1,2,2,1,3,2,3,2,3,3,2,3
1098,1,2,2,2,2,2,3,3,3,3,1,2,2,3
1099,3,5,3,4,4,4,3,3,4,4,3,3,2,4
1100,2,2,3,3,3,3,2,3,3,3,2,3,3,3
1101,4,4,3,3,3,4,3,3,3,3,5,5,3,4
1102,2,3,2,2,2,2,2,3,3,3,NA,NA,NA,NA
1103,2,3,2,3,3,4,2,2,2,4,3,4,3,4
1104,3,3,4,3,3,3,3,4,3,4,3,3,3,3
1105,2,3,4,3,3,4,3,4,3,4,3,3,2,3
1106,3,3,4,4,3,3,4,4,4,3,4,4,3,4
1107,2,3,1,4,3,3,3,3,3,2,3,2,2,3
1108,3,3,3,4,4,3,1,2,2,3,2,4,2,4
1109,2,3,2,2,3,3,2,3,3,3,4,4,2,3
1110,4,4,3,3,4,2,3,3,4,2,4,4,3,4
1111,NA,NA,NA,NA,NA,NA,NA,NA,NA,NA,4,3,3,3
1112,3,4,2,3,4,4,2,2,3,3,2,3,3,3
1113,5,4,3,4,5,4,3,4,4,4,4,4,3,3
1114,4,4,3,4,4,3,2,3,2,4,4,3,3,4
1115,3,4,2,4,3,2,3,4,3,4,4,4,3,4
1116,2,2,2,3,2,2,3,3,3,3,3,3,3,3
1117,4,3,3,3,3,4,3,4,5,3,NA,NA,NA,NA
1118,3,4,3,4,3,3,3,2,3,4,3,4,4,4
1119,3,3,3,3,3,3,3,3,3,2,3,3,2,2
1120,3,4,3,3,3,3,3,2,2,4,4,4,4,4
1121,3,3,2,2,3,3,3,2,3,3,2,2,2,3
1122,3,3,3,3,4,4,5,4,5,4,4,4,3,5
1123,2,3,2,3,4,4,2,3,3,3,NA,NA,NA,NA
1124,3,3,4,4,3,3,2,4,4,3,3,4,3,4
1125,3,3,3,4,4,3,2,4,3,5,NA,NA,NA,NA
1126,3,3,2,3,3,3,2,3,3,3,2,2,2,2
1127,3,2,1,2,2,2,2,3,3,3,3,3,3,4
1128,3,4,3,4,3,3,3,3,4,2,3,4,4,4
1129,NA,NA,NA,NA,NA,NA,NA,NA,NA,NA,4,4,3,4
1130,NA,NA,NA,NA,NA,NA,NA,NA,NA,NA,2,4,2,4
1131,2,2,2,4,3,1,2,2,2,2,2,2,2,3
1132,2,3,3,3,3,2,4,3,4,2,3,3,3,3
1133,4,4,4,4,4,3,3,4,3,4,4,3,4,3
1134,3,4,2,4,3,2,4,3,3,3,3,3,4,3
1135,3,3,3,3,2,3,3,3,3,3,NA,NA,NA,NA
1136,2,2,3,3,3,1,3,3,2,2,2,1,1,2
1137,2,3,3,4,3,4,2,3,2,1,2,3,2,3
1138,3,4,4,4,4,4,3,3,4,3,NA,NA,NA,NA
1139,2,2,1,3,2,2,2,2,1,2,1,1,2,3
1140,3,4,1,3,4,4,3,3,2,3,3,2,2,3
1141,3,3,1,3,2,1,2,2,1,2,NA,NA,NA,NA
1142,1,3,2,3,3,3,2,2,3,2,1,2,2,3
1143,3,4,4,3,4,3,5,5,4,5,4,4,5,5
1144,2,2,1,3,2,1,3,3,4,2,3,2,2,2
1145,3,3,3,3,3,4,2,3,3,3,3,3,3,3
1146,3,2,3,3,3,4,4,5,5,4,4,3,2,4
1147,3,3,3,3,3,3,2,2,3,3,3,3,3,3
1148,2,3,2,3,3,3,2,3,4,4,4,4,3,3
1149,3,3,3,3,3,2,2,3,4,3,3,3,3,3
1150,3,3,4,3,3,3,2,3,3,2,4,3,3,3
1151,2,2,1,3,2,3,3,2,2,1,2,2,4,2
1152,2,2,2,3,3,2,3,3,3,2,3,3,1,2
1153,3,2,2,3,2,3,3,4,4,2,2,3,3,3
1154,4,4,3,3,4,4,3,4,3,2,3,3,3,3
1155,2,3,2,2,2,2,2,1,4,3,NA,NA,NA,NA
1156,3,3,2,3,2,2,3,3,3,3,2,2,3,3
1157,NA,NA,NA,NA,NA,NA,NA,NA,NA,NA,2,4,2,3
1158,4,4,4,4,3,4,2,2,3,4,3,3,3,4
1159,4,3,2,4,3,2,3,3,3,2,4,3,3,4
1160,4,3,3,4,3,3,3,3,3,2,3,3,2,3
1161,3,3,3,3,3,3,2,4,2,4,3,3,2,3
1162,3,4,2,2,2,1,4,3,3,3,2,2,2,3
1163,3,3,4,3,3,3,3,3,3,3,3,3,2,3
1164,3,4,5,3,4,4,3,4,3,3,4,5,4,4
1165,2,3,3,3,4,3,4,3,3,3,2,3,2,3
1166,NA,NA,NA,NA,NA,NA,NA,NA,NA,NA,2,2,3,3
1167,4,3,4,3,3,3,4,4,3,3,3,4,3,4
1168,3,4,4,4,5,3,3,4,4,3,3,5,5,5
1169,2,3,3,3,3,3,3,3,1,1,3,2,2,3
1170,2,4,4,3,3,2,3,4,4,2,4,3,3,3
1171,3,2,2,2,3,2,3,2,4,3,NA,NA,NA,NA
1172,3,3,3,3,3,3,2,3,5,3,3,3,3,3
1173,2,2,1,1,1,1,3,3,4,1,3,1,2,3
1174,2,2,3,3,2,1,3,2,4,2,2,2,2,2
1175,2,4,3,3,4,3,2,4,3,2,2,2,2,1
1176,2,3,1,3,2,2,2,3,3,2,3,3,3,3
1177,2,2,3,3,2,1,3,2,2,2,2,3,3,3
1178,2,3,2,3,3,2,2,3,3,1,3,2,3,3
1179,3,4,3,3,4,3,3,4,3,3,NA,NA,NA,NA
1180,2,3,1,3,2,2,3,3,3,2,2,2,1,2
1181,4,3,4,3,3,4,4,4,3,3,NA,NA,NA,NA
1182,3,4,4,4,5,4,5,4,4,3,5,4,4,4
1183,2,3,3,4,3,4,4,4,3,3,2,3,2,4
1184,2,3,3,2,3,2,3,4,3,3,2,2,3,3
1185,3,2,1,3,2,3,3,4,3,4,NA,NA,NA,NA
1186,3,3,4,4,3,1,3,3,3,3,3,2,2,1
1187,2,3,2,3,3,2,2,3,3,2,NA,NA,NA,NA
1188,3,3,3,3,4,3,3,4,3,3,3,3,3,5
1189,2,3,3,3,4,3,3,4,3,3,2,2,2,4
1190,2,2,2,2,2,2,3,2,1,1,2,2,2,2
1191,3,3,3,3,2,3,3,3,3,3,4,3,4,3
1192,2,2,3,2,2,3,4,4,2,4,3,2,2,4
1193,3,3,1,3,3,2,3,3,4,3,3,3,2,2
1194,3,2,2,3,2,2,2,3,3,3,2,2,2,2
1195,4,4,4,3,4,3,2,3,3,3,3,4,5,4
1196,3,4,2,3,3,4,2,3,3,4,3,3,3,4
1197,3,4,2,4,3,4,2,3,3,2,3,2,2,2
1198,2,4,3,3,3,4,2,3,3,2,4,3,3,4
