"","item1","item2","item3","item4","item5","item6","item7","item8","item9","item10"
"1",-0.100627616498719,0.7575082820075,0.725198588948149,0.0336266915494748,0.200354171689246,-0.400285508617471,0.898171029210762,1.02354198286963,-0.262706166139438,0.66284315886453
"2",-2.57035253658292,-2.07917538947978,-1.28279366560718,-0.941062416676289,-0.861699915690246,-1.15882263563326,-2.42567830641689,-2.66592702577482,-1.98928896046046,-1.07951959035703
"3",0.398291141181016,-1.2022339168255,1.10426664000944,1.15636178649897,0.963418951777838,-0.773677715596367,-1.22738169633448,-0.780145161645106,0.0982581420468146,0.506092467478802
"4",-0.809679038423352,-0.747096882296037,-0.992901023361834,0.565598025456782,-0.164678341378261,0.326110708052953,0.100828768043125,0.682481508400407,0.427342788571862,0.936202869884577
"5",-2.01139541016485,-2.0276225653913,-1.33804705021008,-0.647912328493496,-1.93778851024479,-0.38393793828238,-0.455502836988985,-0.672686495470283,-1.14747912892322,-0.41888857265057
"6",-0.0818979921456217,-0.251838204587769,0.0840454009834088,-0.499133280964661,0.0172660793565216,2.21449778805085,-0.675789813577287,-0.475935089108994,1.30262424960704,0.367713492280703
"7",1.2523085756601,0.654135074301425,1.29861281232747,0.794941666751926,0.544685846010523,-0.559099876684012,-2.58618073623178,-0.53784445892191,-1.54506886917839,-0.34226639033705
"8",-2.06077740652336,-1.63768334112576,-1.32992600157282,-0.90885399261408,-2.0938791961893,-0.420697666207838,-2.38360306849223,-1.66202534360826,-2.02284065836486,-0.665607114704268
"9",-1.02674957687541,-0.221185386408676,-1.38003555410808,-0.491667109142393,-0.59777325500706,1.90360051804738,0.158812962919771,-0.431398776158157,-0.536941645029438,1.20147777596152
"10",-1.8374120325338,-1.70260501846474,-1.11419998755248,-0.0421241520646591,-0.267133105069323,1.42437735058076,-0.712114250073266,0.287751824132268,-0.268935738403778,-0.0259768185522639
"11",0.796128672600948,0.498683582195513,1.61076472863715,-0.171130649834691,0.842249028797583,-0.351527462892221,1.26718700685989,0.42695904482346,0.372487468858335,0.0310691416911333
"12",1.24918303974117,-0.448827663770448,0.390239153282683,-0.777766774960347,0.0229864686215663,0.553307134230828,1.01510458435932,0.361431553914517,1.75799740504694,1.1088109017479
"13",0.0227724578586447,0.429674305356996,0.694153785511354,-0.914515275237859,0.247675170646668,-2.17233210891149,-1.12300011789428,-1.81819518000662,-2.02371763665554,-0.675696789957218
"14",-1.4504369533347,-1.25399640180595,0.214959757554036,-1.27803226034444,-0.568889981836625,0.865798973537575,0.603197391732392,0.833269419486826,0.435072110391238,0.330280797172194
"15",-1.85148822349301,-1.64310393718788,-0.431159523513534,-0.125425283955827,-0.812566598048186,0.947994164232736,-2.39944832631348,-1.50341324331828,-1.40281906931785,-2.01728455092915
"16",-0.66430040798405,-0.515279435368679,0.743207942333594,-1.90481899804785,-1.2816323017204,-0.168138608916223,-1.92203084902394,-1.5105682457718,-1.72551667164412,-2.47002218576998
"17",-0.555231842435794,-1.91734280980107,-0.894876034110502,-1.31421433290407,-1.96145003646839,-0.188496639419772,-0.996441483147449,-0.573481233852714,0.284242584256798,-0.0513353819285486
"18",-0.315990327783481,0.569237945895474,1.02082255817442,1.13623033652566,0.884855034803256,2.0741800751741,1.93219232088224,1.40663183795226,1.09801079480602,1.33841420680822
"19",-0.76914174740404,1.22089041845336,0.857163418166451,0.553668005874879,0.375777944296979,-0.487388164935919,-0.148437650468151,-0.49463614103083,0.246814565000922,-0.665627512668475
"20",1.12129842716101,1.28195253151651,1.30730172286044,-0.111189822421256,0.154676860517848,-0.333457589501994,1.98879191091505,2.53786011547089,1.3933276951095,0.105788255699855
"21",-1.00154314382862,-0.0187868232676455,-1.26954505363065,0.543264945106243,0.517640734780244,-2.10147332501083,-1.37510418315233,-1.26853282221429,-0.963606749475151,0.135843662874769
"22",-0.175112054828064,-0.939206075403432,-1.54569037200464,0.0555039475060257,-0.955591866932879,1.11763006166028,0.866573333050688,0.291702875329755,-0.574996954891104,0.730075886696451
"23",-0.0688617927190883,-0.128725048692408,-0.91334772060681,-0.784181009297638,-0.652731954093903,-0.576757835444997,-0.673155515995721,0.0218421092450609,-0.558665503039728,0.281979743567401
"24",0.985847851447396,0.76939574983651,0.254288790590121,0.506624416518932,0.806930986235781,-0.868554357865967,0.223115106766929,0.258500987970367,0.284142821638963,1.32548582216134
"25",3.33684749488237,0.610387308091402,1.68981467628285,1.6047025641997,1.42598701053597,-0.782594423797251,-0.149528755351219,0.493007476644246,0.672479070347025,0.0967295491444068
"26",-1.39879930653312,-2.64165258322635,-0.225103578098955,-0.541895650194078,-1.30783382651501,-1.10689562881044,-2.08984881939157,-1.59215745645131,-1.63484661684633,-1.85798390899001
"27",-1.76186355863947,-1.74219103165573,-1.43635746603075,-2.29303838666081,-2.30155986766721,-1.12630502111996,-0.479909074845586,-0.175930828725475,-0.0250240109482569,-1.35363692280947
"28",-0.714633352555403,0.446793713090267,-1.14966910122071,0.822515988072527,1.27005592666548,-1.27707931072359,-0.726114575574826,-0.246467216152508,-1.28505434396156,-1.29623304167948
"29",0.570512456867315,0.0817734175783693,-0.0193885043880674,-0.597998043444617,1.13392910743038,-0.545544414356666,0.0481735348967369,-0.0650131914840551,1.0527773007874,0.814943868765218
"30",1.44259717825836,0.828655142312214,1.76176345519633,2.06677368798753,0.927392309779269,0.632180386099516,-0.0380192790137305,-0.323736602101787,0.537400292839672,-0.00702826641295345
"31",0.189517002112766,-0.698570536990954,-0.240965437784814,-0.616423902542641,-0.399687147012738,-1.18110503154985,-1.61823430389128,-0.732424388893945,-0.522818715072745,-0.464406093681916
"32",1.90914411830384,0.536356624192724,0.871937507708861,0.627495444220646,1.59610195999652,-0.31282609809991,0.638319720929268,0.596328251495295,0.405473554806114,-1.10429944016381
"33",0.727544426238172,0.515928003579592,1.29448570676449,0.152186834469322,1.32088361695284,0.602945606811183,0.0920470705854277,-0.293205398123175,2.0386952262011,-0.579996570440875
"34",0.51685428722707,0.660808413084206,0.641715798629938,0.759682836929784,0.731716594909455,-0.185698906246223,1.44633275906355,0.0417093891953435,1.47500286573445,0.807356380174335
"35",-0.807192558250953,-0.449286122112088,0.360127869679771,0.24708475598463,-0.233805404914128,-0.490784891011792,-0.980979328468357,0.455454997900561,0.64179644182734,-0.55901682744963
"36",0.263266061012022,0.682384401558064,0.360344923008592,-0.932876245805952,0.501215649680766,0.117269492455777,-1.20910233887819,-1.09428129099279,-0.0600164077848809,-1.92281885080499
"37",-0.0669691175018817,-1.79327168961657,-0.53945640890592,-0.976167782506971,-0.643474653749565,-0.842410400024526,-0.0681552435341576,-0.115404228655833,0.0419116254556371,-1.78560303866745
"38",1.82618434432658,2.21992874856185,0.818743000731993,1.67826401350634,1.97808518858312,0.133338986671353,-0.633545504544431,-0.6307483151177,-0.924010662589761,-0.209224523333082
"39",1.46692451395175,0.303169748975397,0.988595797309285,1.03441221215047,0.379655944379601,0.205985443238848,-0.131006097652086,-0.101710144540295,0.00707777835858536,0.981677393164494
"40",-0.615206599908623,-0.423237521252684,-0.164604845568993,0.152647027979602,-1.71426142931105,0.862506481651888,0.780230741426431,1.60533648117226,0.047970967295319,1.20269247723416
"41",-0.42603847640267,-0.4336336922516,-0.768563975395143,-0.494498824197813,-0.286050112955551,-0.387700443375371,-1.40324414538936,-1.48124977784802,-0.77330060641639,-2.4695728473553
"42",0.718960508273329,-0.0758280572486618,-1.26011695048234,-1.16697923267582,0.282759099907844,-1.52883749163879,-2.03701964832047,-1.82641610141181,-1.95325877197207,-0.64310028378263
"43",0.547880039421914,0.551583758628614,0.326097614708391,0.257538809378432,0.110892635704997,0.304112234191844,1.01462538736822,0.631586608213008,1.54082548627591,0.0730500261933003
"44",-0.138165234652071,1.02560190713773,-0.852086248933748,-0.00323332995465023,1.27098981965136,0.27951810338549,-0.666770957169895,-0.249880192406575,-1.67979226323276,-0.566572554195465
"45",-0.533489871795324,-1.04519621933928,0.591795225437878,-0.809621939290416,-1.32109813501458,-1.41035913053392,-1.91290311152472,-2.13321130347905,-0.943009661262289,0.126905175003675
"46",-1.00944854068437,-0.798854027624267,0.385553020181307,0.0148191348479172,-0.322550056712222,0.167254724701071,-1.14106136719658,-2.21869764012176,-2.01149562418254,0.678292388754891
"47",-0.181043686211453,-0.581288151564452,0.581903229379446,0.923939450091098,0.0685282740616548,-0.092259003666394,0.134281052673011,0.51565635762529,1.00633275592577,0.372895388098051
"48",0.404350381828504,0.864349143319751,-0.0617730120651139,-0.263124483192288,0.708106184326192,0.49891610888861,0.0829847616635583,0.0144801619396076,0.533842853608436,-1.0738205190805
"49",1.41177776539095,1.6871198055235,0.64839245604345,0.133276258843985,0.763923453787892,1.29526537692529,2.23709603748397,0.84444733734206,1.60279450790454,1.11961345189221
"50",1.6664596069963,2.42028054018022,0.291291003974903,1.44109317223638,1.79013791221451,1.36477349509545,2.53176847252811,1.88756221373513,1.01714471805021,-0.0684424498627245
"51",-1.51957747109729,0.580330605164291,0.0829365893064695,-1.33238024169259,-0.959795767539139,-1.76014592775706,-0.272311396398681,-0.675754813190079,1.2390078740122,-0.104284655491985
"52",-0.412461613170394,1.46499080538303,-0.59018474734788,-0.703389568911688,-0.358919526405893,0.858322772449015,-1.13006499600307,-0.155584636143992,-0.154007473877666,-0.340897775986506
"53",1.08496259372934,-0.409130070274382,-0.0872654547085912,0.885154668294232,-0.255356296517919,0.428716434143597,-0.59478348876749,-0.882148219791535,0.35032391114264,-0.617597946515922
"54",-0.207658600637531,0.895001470944878,0.251777151085945,0.513159027871044,0.143127975995536,0.354911449729478,0.70164414386314,0.995070641585438,0.120188704963638,1.07826443408785
"55",0.547671638486612,-0.0503456445498536,0.454412801688454,-0.736231395105408,-0.514169381623322,0.00248881168257392,-0.795900447202321,-0.0773591182999048,0.0140467854323513,-0.48396111269344
"56",-0.96516318852144,0.642949939308983,-1.2530184297281,1.58120342521381,0.703090233026405,0.635687462047774,-1.02390422855926,-0.303323329029328,0.0691477664367734,0.71508921449862
"57",1.01195780676175,0.427648997520612,0.301344340809732,-0.271575378180345,-0.171279270629452,-0.143195282882315,-0.193310586052769,-0.60010839480945,0.167259678394296,-0.68360687319353
"58",-0.0407612260973785,-0.51149764516808,-0.573076439008765,0.300304184384056,0.0802756456264087,0.421617066024646,1.06724679820501,1.70199472657327,0.428550059770323,0.842219790145534
"59",0.815746644755639,1.66405742095942,0.861641071338228,0.673606905568456,1.32731171404166,0.634023033659672,-0.0243462435883008,0.613726959684004,1.19522935252683,0.878776030436781
"60",-0.954227648047774,-1.05299442610259,-1.0510287212191,0.816330921883483,-0.185802382170415,2.08213909146015,0.664273329271323,0.912806938884242,-0.324388290738419,0.257544913428949
"61",0.576200345614852,-0.291321648467283,-1.04597774954764,0.172838492512995,1.28053087008198,0.294129888541314,0.488045742138724,0.490037860663272,0.381906448988406,1.16118413760674
"62",0.141185360778302,0.671941867800297,0.826111725907685,0.141327917393131,0.502198701550795,0.11774920617173,0.854056978037155,0.52451380164783,1.26319310929488,1.48129586660929
"63",-0.480801714356777,0.0621431621167481,-2.26312185150928,0.0586291032863172,-1.11736737343618,-0.678998418333017,1.6729871078757,1.16572387999499,1.89566643692263,1.92971467304067
"64",-0.589157431803322,-1.06258109558659,-0.032410172540853,-1.19907347231976,-1.18215802638338,0.800245142206262,1.08575277971365,0.855929161084554,-0.450011965313242,0.304691104619052
"65",2.80275051157246,2.69255044882667,2.40054541880201,0.383361208354912,2.29784282795304,0.449297626323391,-0.282101130405903,0.143167606499435,0.779526619953592,0.182509986974094
"66",-1.00625607610005,-1.31377259658921,-2.08600814244005,-0.883483001863807,-1.25494392028449,0.0741188957115979,-1.01135945379026,0.135208497769522,-2.20168525051813,1.18590660568605
"67",0.468641057353132,-0.686529764029838,-0.430475374103156,-0.0655682002280311,-0.774120713965327,0.111202870428879,-0.26046415232907,-0.766799761533033,-3.63228643236254,0.167919997866407
"68",-1.49426411462558,-1.14899119711982,-0.867187238130147,-1.64800404931757,-0.621673049513457,-0.690942341858594,-1.26271332898599,-2.05754418892738,-1.51786362514492,-1.25709199423103
"69",1.85636724895135,2.02417638993559,1.5022327904081,1.58493376098625,0.72806985363036,2.49431778611813,3.40139266098944,3.01928709849981,2.1852790799007,2.54300773831116
"70",1.23585834404566,1.42840681934766,2.42012727512882,1.74807820583616,2.09639349171781,1.91640570939233,1.2160835408367,1.24475982047973,1.80230985153471,1.54289527303059
"71",-1.19717375282036,-0.796198014162077,-1.28575373069765,-1.59104847714829,-0.866921421539548,0.307154729449245,-0.534263894969245,-1.26369405486277,-1.13457234330662,0.3682513500524
"72",-0.227925200678252,-0.089725378824321,1.31417600333849,0.451618030096681,-0.511971058455695,-1.54244699023703,-0.854942822788707,-0.302008096673653,-0.697766640208302,1.04543331886453
"73",0.767889613888567,-1.00829617736835,-0.249687742638806,0.355431801444251,0.810851507013713,-0.891933017447001,0.0749388743538811,-1.13760635584948,-0.913949079049388,0.163733957511953
"74",-0.021910840750574,-0.496021873796695,-0.310178022134645,-2.37874652519593,-1.62205783031492,-0.837951310344394,-0.0808236034466861,-0.334434394493263,0.507473484951096,-0.426856205337143
"75",-0.249803752763922,0.519291997269368,1.25014209110078,1.3737298799541,1.23534696342111,-0.531985452944516,1.39402442472347,1.45064267420636,0.74468393074026,0.211286626753924
"76",0.180581582442082,0.183081262103699,0.145369068754457,-0.686827858049187,0.120566977132847,0.898656919718885,0.965170620554696,0.209664614482829,0.312804064583725,0.817033921920918
"77",1.90633622283136,3.00994251816912,-1.29986147002271,1.00037753379322,2.34777477222103,-0.227990283603505,0.722331296185802,0.412683772349678,-1.24040975583572,1.09902471945777
"78",-1.95828799008363,-0.677960262430432,-0.426576936578811,-0.774319472606605,-1.01136623579431,-0.99896902084113,0.0230310274350673,0.120667490485693,1.4001133654643,-0.823824226441635
"79",0.50743258366048,-0.332636268084385,0.310334814444301,-0.855361063036408,-0.501175805954144,-2.928721140668,-1.05960094577478,-0.679790970756266,0.363992538233631,-0.276943427182599
"80",-0.0210959497187277,-0.189657611152667,0.630295707835942,-0.784102093260147,1.68431835902202,0.391596184795659,0.977476983047758,0.102674846694436,-0.407588271416313,-0.48499245609802
"81",0.309809160463799,0.521486819330411,-0.632333840796809,1.50573995030206,0.284153304786138,-0.198340853989621,2.24355964476575,0.990165340886684,1.04102868155638,0.376690937798132
"82",0.333774596063351,-0.754166743434737,-1.24135803254585,-0.362667664508577,0.262966971579491,0.747043264888004,1.24112139557609,0.440203371586211,-0.570964141740893,1.23497237941783
"83",0.467284278616651,-1.01176488660579,-1.25273936526111,-0.211060270987165,-0.914673809790006,1.02551472969296,0.895054357992076,0.685760089026868,0.119947645964139,0.694894748948152
"84",1.28997047136674,0.000806267108226398,0.49164913644104,0.751652984174439,0.505749436847824,0.384301086538707,0.393703321434045,-0.175273481658154,-0.451460397000845,1.13840478639209
"85",0.697853835011388,-1.30849244553908,-1.80995840882293,0.0965798281121456,-0.917651820202556,0.977914652310548,0.303981331349126,0.4446011829784,1.52058826932153,0.79555876112648
"86",-1.47559768481161,-1.93413688283888,-1.18755006064894,0.558642176894624,-0.502746982542873,-0.159349740545751,-0.827650265464267,-0.819413189407393,-0.660695667453848,-1.10449755778182
"87",0.0383074650042574,-0.307992561047873,-2.07515839429128,0.391153001345663,-1.08263068894418,-1.82572637848351,0.0933635129461818,0.444290669293109,-0.542334010209354,-1.55083150271976
"88",-0.203333136172286,0.36400551900496,-0.216983507514797,0.774153687181576,0.188001881517675,1.0360891766949,-0.146587916469875,1.30465172946123,0.934190190051374,0.462695947442258
"89",0.524644125279861,1.54726897107551,1.18555836784756,2.06240879424751,0.906432016682263,-0.0504006838746988,-0.272558369326072,0.112637433990766,0.797043346598225,1.5679807048866
"90",0.68026499134021,0.634115100113688,0.478712108788571,-0.218307775147173,-0.19337163154208,-0.510297497598291,-0.140221040476026,-0.453815799082263,0.450642106642901,-0.232718783472887
"91",-0.881899405492729,-0.298093266869287,0.0394823227086189,-0.39468489341493,-0.305092475661085,-0.276062867734203,-1.24273063772288,-1.17414278480698,-0.850919185322166,0.19138182846806
"92",-0.203678884355932,-2.08796417874527,-1.00401141713026,-0.849906278403174,-0.900176712304522,-1.34316774084485,-0.581737993696864,-0.87490166881805,-0.827080974749498,-0.863266393300252
"93",-0.640266564858438,-0.529135756459713,-0.778138526218635,0.0886946868195892,-0.493307506336525,-0.526272087104906,0.0775253286980185,0.187634193585103,0.744234323876967,0.80414729842453
"94",0.652259700968392,0.671455327555806,-0.55088050832965,-1.6269039207718,-0.442705056444266,-0.587680797022664,-0.726265801344786,-0.586759941671946,0.00963118592275952,-0.723042307673266
"95",1.06820589347166,0.512825431390003,1.12886502111018,1.31463604902622,0.867202129424321,-1.51926423729555,-1.4644567677707,-1.22275316129729,-1.31280899266931,0.722937324710727
"96",-1.02857006946314,-1.1495973405518,-1.18495139936,-0.931073516906647,-0.905841658278884,0.75728786919919,1.00831176721605,0.957232866575955,-0.056433706244604,2.67581612178343
"97",-2.32104270193336,-2.35090142987296,-0.705875884820773,-2.00853839425219,-1.32721477090656,-0.501954553434843,0.183838594004801,-0.396856353130994,-0.200052584047915,0.261376605272627
"98",0.158505947486038,-0.943873430737977,0.000301069629345533,-0.301007834812937,-0.0725691538327282,-0.579934125432597,-0.432482551423916,-0.516891167143771,0.245049219609277,-1.18207674000167
"99",-0.173897934342602,0.896231739000015,-2.16780259561319,-1.42299425606093,-1.12778277665734,0.263163174888189,-0.0996733245781992,-0.56523907878409,-0.977493342936662,-0.0615204080415256
"100",0.965596033547804,1.15954217909561,2.15879638719602,0.624469266234338,0.958248622208531,-0.443787026029405,-0.696134279748752,-0.190350003930314,-0.923203382206285,0.366878127768124
"101",1.02356817810302,-0.694313351520872,0.162395886152041,-0.0683911285531447,-0.132648482572852,0.127654339953903,0.218320928006864,-0.540983053791603,-0.49965365495767,-0.984530394585133
"102",0.911967128257191,1.26841062157064,1.72283169099909,-0.0359152247398334,1.35483193449855,0.881689713825583,0.0915352222251328,0.355245603511853,-0.369452339409905,-0.288385586513651
"103",-0.0893910286818727,-0.622182359528879,-1.8494789210789,-0.0558499118977238,1.06475741641886,-0.143439368294218,-0.754647772260372,0.0748195808769092,0.78535527442423,0.30695901548802
"104",1.41118561824913,-0.597100640994894,-0.909031255465567,0.446293072459513,0.0517996465599826,-0.0295359952760089,-0.277006449275545,-0.428629128781405,0.080583966029215,0.932400556547289
"105",-0.993200195651725,1.43859611037555,-0.0553405402115886,0.736782008504512,-0.0519967034019458,0.574845656135328,1.28881316603571,1.00916404656543,0.121044515917601,1.85331241601154
"106",-0.39469999705697,-0.953150660931065,0.0552959517650746,0.117872739115009,-1.32269230333212,-1.09781346746922,-0.447582244277633,-0.0906371504999205,0.330469077661249,-0.546200388885586
"107",-0.0398703109825089,-0.681500620585838,-1.87056912623763,-0.580681074944997,0.788627857680062,0.245738429515227,-0.793052951431584,-0.120768220280923,-0.104399484927271,0.12548501966402
"108",-0.209250798262537,-2.00505984812648,0.871128315838704,0.524400982302334,-1.11086202427673,-1.23190342146911,-1.30270667614941,-0.3987963770572,-1.17005412659995,-0.0866453998060061
"109",-0.281192605003079,0.294089316218095,0.617484160814675,0.488006696657388,-0.278560969630536,1.35075627739215,0.761605658721557,0.521007294083826,-0.971647403519526,-0.375070805584622
"110",-0.65809144411745,-0.811247519336961,-1.96772027592511,0.499323659551452,-1.0061216796115,0.43719827287586,-0.189796573471363,-0.583273836870133,-0.308932940756041,-1.11999908408534
"111",-0.0531176516337621,-0.435835022610559,0.266054646833894,-0.839193749485358,-0.317146363436766,-0.487016050905447,-0.90523395283837,-0.774918738743356,-1.97411852011011,0.530077770667332
"112",0.219260447443298,0.9488134734574,0.210432349211633,-1.23195764391075,-0.405595716877936,-0.433959209293208,0.435972139824812,-0.192083490516321,-0.442891145989184,-0.688908466163341
"113",-0.309816721461778,0.862193157980742,-2.13582196680083,-2.00004452544994,-0.292453601382667,-0.287057515693982,0.652022551460913,0.234955953187743,-0.00180998729012419,0.116550428283936
"114",-0.252258589673097,-0.575425234614373,-0.420091775671626,-0.0272299381777554,0.135332541121544,0.102696526099255,-1.32495102653659,-1.34102565431214,-0.980385838448085,-0.481743654979139
"115",0.479684946908064,-1.11505658896595,-1.10254705168127,-1.0942991536228,-1.28189115339637,-0.820798878274336,-0.745220935258504,-0.956365289839591,0.413066406777627,-0.251746579170977
"116",-1.36611021197836,0.239239975675255,-1.32148271683927,-1.44427953875724,-1.11496653410829,0.0439945528477807,-1.08055866259789,-1.24758122585176,-0.962014239441683,-0.666436723471837
"117",-1.27824843925879,-1.24713956413456,0.362447190969221,-0.993013284978041,-1.60978172503038,-0.341281798617943,-1.19566554353919,-0.32109089790718,-1.53226664912597,-1.20961562692202
"118",2.01838764196769,1.93707404864409,0.949123630341577,1.00132798437375,1.20862046360758,-0.377477331833404,1.12205306913664,0.808525409291488,1.30649081423236,0.313145457975877
"119",1.70551175902749,0.206660317239899,1.03690364077963,1.24266153103008,1.48422263375628,0.687922704917248,1.58372929774253,2.5134337195284,1.2744436256884,-0.645684689294426
"120",-0.104801745952155,-1.56188035973525,-0.404350908787564,1.00728141975403,-0.0390319117774631,1.14364137385697,0.915541230357821,1.2263107575788,-0.473885117672844,-0.361036394517088
"121",-0.604145385231494,-0.11138062319452,-0.450770648499636,-0.0263905200792911,0.46686230610033,-2.09174697293344,-2.16208556523412,-2.29976024678598,-0.458499889123883,-2.01521274653385
"122",1.29939447782649,0.935549402893542,-1.36996165009055,0.72832473816886,-0.392208308817815,1.13645698371381,-0.663401899428641,0.235779326914816,0.47959733074796,-1.02548177445519
"123",-1.04317864336374,-0.326929700754172,0.55563616084184,0.176776592758342,-0.103609853219782,0.670628189937888,0.312269127134573,0.617748821174148,0.764546512405089,2.15067799871962
"124",-0.55525774661635,-1.1270449065605,-0.295167020449655,-0.349208037096857,-0.835723655854934,-1.46531617785154,-0.308155439915521,-0.499348035853825,-0.966584927839378,-0.0893632526361023
"125",-0.34464304136734,2.18809530723402,0.903756597701144,0.922579895650847,-0.16767241033267,-0.259981063065001,-0.0337556405404715,-0.0709212193076424,-0.958164557989214,0.889295125908662
"126",-1.48301639858859,-1.36848846322053,0.532487841589653,-0.392966326977247,-0.728804529850579,-0.71009875444093,-0.599875994601887,-0.457248184350977,-1.18291249450949,-0.339495964055052
"127",0.0865479792521713,1.94306517615716,0.879056384507118,1.71304494658092,1.87455409831423,0.937507296719166,-0.477273907834372,0.151283828961976,-0.426919271863491,-0.25831193590845
"128",0.369243273591807,0.85700639745248,1.86809197402371,0.9445422559967,1.01354326347863,2.12511112062179,1.74224967966336,0.663381481012597,2.02297645825264,1.47962604156417
"129",-0.105954511447904,-0.0047095510789927,0.0743827934991106,-0.752441585727042,-1.19367389160662,-0.713179949659118,0.149470220608857,-0.358641530569607,0.032991610473734,-0.227234185195561
"130",0.87691844816503,0.298964264849327,0.384898546920433,-0.0798675274070209,0.391629915190342,-0.653957115151997,-0.695348560386262,-0.532041798172079,-1.49749024567768,-1.04004673990995
"131",-0.603614664769685,-0.610727344526048,1.15932938718979,0.681733343277734,-1.09073591186939,1.55214574927317,3.21866641673266,2.26980903040255,2.20398552786009,2.08719897884961
"132",0.563880024692389,-0.0228051845564827,0.906253096994942,-0.169201434219811,0.512540071851195,-0.0315721566602718,0.030235743784029,-0.679072474443441,0.914194610308795,-0.00839460355662063
"133",-0.549248904398659,-1.06764688991632,-1.63085131860902,-2.83617635552945,-0.899550001473529,-1.1647956085692,-0.621769248362313,-1.13797586244296,-2.08287378347411,-0.605380482831744
"134",0.120033205833197,-1.10089642013896,0.6620591902278,-0.222179412192767,-0.0529065640611162,-1.55763424405238,-1.53002658370808,-0.563656350925216,-1.49223537698086,-0.562683432112558
"135",1.76315143045021,0.192110161168553,-1.16017608576231,-0.444391584096854,-0.30033243982503,0.854005070141465,0.133930960436419,0.275413711273559,-1.50827989182139,0.681421880086612
"136",0.123032999742036,0.0618821598667268,1.29860982975619,-0.609825468974992,0.4774544383294,0.240908264874287,-0.430471152713697,-0.268315810135401,0.573720844856236,0.803531359245641
"137",1.09434918432057,0.0373024910919248,0.998945327427639,1.57577145025891,1.32088124273674,1.47117595778627,2.66366621933292,1.64986887572265,1.91256561758679,2.48405988956318
"138",-2.3758226867116,-1.72537125510689,-1.22516967929512,0.646569338190289,-0.899593342425403,0.440898176864293,-1.08752743962648,0.071988323616219,-0.33381044418921,0.136542300285273
"139",-1.81247115955273,-1.35097542660371,-0.331737357951041,-1.01311345943263,-1.54072114949296,1.53218172483646,-0.32596042498826,0.99808192120863,-0.225213416763495,1.09388407418419
"140",0.273962884670283,0.0808492336822632,-1.05538674226333,-0.20866119258247,0.209664341489035,-1.31536546010453,-1.42447841671136,-0.597030098614197,-0.0965109065309973,-1.49141886299841
"141",-1.21963949021033,0.637614290410227,-0.586320282215796,-0.763301664320032,-1.3368581539126,0.105396679423925,0.304504510351795,0.335181572622634,0.253356713910359,0.527340565597234
"142",-0.452960788911454,0.696238983931399,0.215257819020012,-1.97657729499259,-1.42498788413097,-1.74456113585336,-2.63691775177338,-2.50042178658096,-2.56051972889545,-1.29770667734034
"143",-0.19870012616719,0.398082926118868,0.981761748918417,1.8665017980483,0.247364195680561,-0.438141755148012,0.298397341785838,-0.54751934847776,0.617013862738518,0.386525974325016
"144",0.643169852149077,0.571630343440437,-1.38242885621396,-0.114775549119041,1.06814077872074,0.155072759699238,-0.387453846183246,-0.437860615045747,0.157528687597142,0.000960094182748065
"145",0.0599729644242193,1.17539355591004,0.125300598233883,-0.76008715603619,0.472414767719087,0.0574403064728666,-0.95986269976836,-0.780707070328302,0.377112507350707,-0.42085006309362
"146",0.548991200180114,1.41056108020744,0.106984113550336,0.651876301965154,-0.603093755977952,1.85380547156559,1.53602690550299,1.97963611221611,0.367832718375673,0.384162008554415
"147",-1.08045277994811,-1.12990740810708,-1.19121983444045,-1.06857420543205,-1.09553794503272,-0.95917762096,-0.0470706318540065,0.120616565257924,-0.19318490700092,0.318664428347932
"148",-0.254064632378127,0.134978566549744,-1.80160601369751,-0.27602479968637,-0.161522834215258,-0.313717304004225,-0.656845442266311,-0.258333802382997,-1.43696554479304,-0.906903980326081
"149",0.706645452730822,-0.806254780841039,-1.17420807482929,-0.976060119262224,-0.669386067458745,-0.696264775776674,-0.525984575524346,-0.143578914913488,-1.46078077410557,-0.479255536827235
"150",1.28418267168011,1.29880677043886,1.05782503130671,2.19006872672837,1.43954480686239,-0.849219705938757,-0.0891961098713257,-0.341211912993013,1.07771383555441,1.10862909839341
"151",0.0148382162469346,0.823258652350659,0.873789400293837,0.309239201842587,1.63532642044556,0.551893160679036,1.76177865837666,0.430939944251593,1.85610711955412,0.739313571558022
"152",0.346761972650878,-0.493639806078187,-0.418702011645705,-0.879518221086787,-0.218443711917049,-0.118375759201378,1.54920362814646,-0.204287529652452,0.713318782892397,-0.522509670539711
"153",-0.713595029275921,-0.0781727950779278,-1.11286714205498,-1.13647832791676,-1.18413427976154,1.35835093694526,0.264608770151672,0.345030745623883,0.625794441544149,0.182441012255573
"154",0.226394757003117,-0.600147057904222,-1.26043937594829,-1.06003218409476,-1.34180059872295,0.162411557282965,1.02675851625884,0.532852151328739,0.685283705613075,0.182279924887712
"155",1.08823022622042,1.79919889652695,2.07418127800589,0.809757305363705,1.09003275795995,0.740292592943608,0.286842117482346,0.0992424722256859,1.19401145607137,-0.91307843041621
"156",0.495556508530313,-0.245818072426014,-0.647298129874082,-0.113094453417323,0.186486777462939,0.892562068406866,-0.103480661832277,0.606349826485112,-0.611648730315445,1.88179840404054
"157",-0.300338432356076,-0.0726188837354902,-0.724552671471926,0.957888389459861,0.695246577569443,0.829942833412844,0.642633953167667,0.408380048620623,0.307768854166603,1.51232141282931
"158",0.946492334825839,0.864796760904331,0.311236775403445,1.01595000587455,0.223195215282562,-0.973564242283259,0.475660876510732,0.422118861171868,-0.661794592681113,-1.66590206805756
"159",1.12413707371434,2.24389924398584,0.334756216220186,0.00544871690925042,0.578591076404958,0.00553899140203719,-0.185523354282228,-0.128149674325606,0.588238822164073,0.47693328278123
"160",-0.140202594224194,-1.02856125379108,1.05016526222794,-0.0513761682447839,0.0102823894884805,0.618138806718331,-0.00524253594874152,-0.83120265790044,0.653770473242496,-0.503320132281925
"161",-0.618750939366658,0.259193693734505,1.08438267795625,1.38289060004672,-0.81430054248844,-0.368612074549058,0.47582592209897,-0.244141082065879,-1.0596035655302,0.0370513955715568
"162",-0.180320981133914,0.418397123364845,-0.339342748509792,0.435945855099396,-0.337763141093724,0.431648004188194,-0.330607784661518,-0.552349576324398,0.60621182133203,0.129173570732068
"163",-1.07540409787268,-0.965400924186545,-0.30097822603881,0.727885252817888,0.575270995695802,0.335397917748335,0.891925365847819,1.24799447272609,0.360753333998181,0.335829004320146
"164",0.711559379525744,-0.00928400171687258,0.740116676792663,0.337665688323235,0.30983830476652,-0.316124510050762,-0.730664878761515,-0.542544137624412,-1.32163538853136,0.385041840173139
"165",0.769394609695785,-0.458116530389415,-0.298288323419537,-0.210407364278788,-1.21404459233482,-1.1893656503105,-0.293909549308552,-0.69139018647784,-1.07801264870501,-0.454207247332234
"166",-0.35055539812757,-0.0940263823378894,1.21966997168751,0.413325891386129,0.157454999608265,-0.673381937496759,0.888507596432501,1.37843259082719,1.07500600342287,-0.648207067043959
"167",-0.765017680346062,0.939317324853697,0.852056744648526,-0.239971320073222,1.89677491621125,-0.687270032421768,1.81064792229754,1.46428129701599,1.17352469924356,0.171434940767871
"168",1.96492825184523,0.299492587717127,-0.440530697144008,0.471797738830088,-0.150480897775173,1.18455756647482,1.57021937374749,0.667872303272443,-0.0908940121863123,1.57071024493893
"169",0.931229386943999,1.61084426641549,0.242315978441994,0.0147733013587212,2.40865830921019,0.235223715254661,-0.672353177434494,-0.0401169955518374,1.117831745833,-0.935938401700916
"170",-0.0392397268560099,-1.50379083578909,-0.363252671464966,0.105226958903809,-0.750488940718283,0.596765890170044,-0.203467674299538,-0.109192392643952,-0.268391077121449,1.8620547622
"171",2.28028562335315,0.926963851101897,1.36920357241926,1.41242079178475,1.60203644859478,0.479587601176099,0.144994044194088,0.473338393690085,0.297110200347838,1.08463219500566
"172",1.6168691423845,1.01667564849384,1.30626135870295,2.59574382072596,0.831334960500784,0.100139017314765,0.840674870222642,0.795924129276865,1.16882911067228,-0.2069731944311
"173",1.2293133292479,0.0331415358198018,-0.746883272226314,1.78569391251381,1.03759746595653,0.0169792564410956,-0.289136048037793,-0.124547548868796,-0.702817833929665,-0.884413886233672
"174",-0.395312392486093,-0.127105553138603,0.840077626870627,-0.397123716580744,-0.459399796178677,-0.520702636642328,-0.282520454195249,-0.673495480154787,-0.673298894223343,-0.542539876274873
"175",-0.9230077863136,-1.30320968001405,-0.587958169479207,-1.21700198241732,-0.717409590359445,-0.314800604502844,-0.182696066926543,0.127507550304092,-0.857599650328639,-0.783352896363765
"176",-1.00091679220578,-0.878748422641206,-0.604297017246481,-0.902588992359558,-1.58716058019214,-0.258629794048114,-1.0356784406815,-1.64306024075631,-1.63352812161572,-2.06031325209906
"177",0.292318186377198,-1.09719619073394,-1.3774505983115,0.564044654131204,0.186632962937013,0.291600438555977,0.128963414189862,0.848753088430479,-0.715019735396561,-0.567689642028705
"178",0.980879519099768,1.61325728143015,1.61892635729243,1.20044541407503,1.12367696411749,0.452103746995932,0.362113184139688,0.862781840706797,-0.111779661651503,-0.415853591397626
"179",0.416351895829751,0.465767789334565,-0.430590401620945,-1.19469710895094,0.439865040042411,-0.808509970735526,-0.28222925638394,-0.858029223063178,-0.0269786900267059,0.802364500821427
"180",0.298525585964785,0.788050246003829,1.49840012045868,0.236359954978472,0.55916391163255,-1.45317058963177,0.372813470226551,0.299639553208298,0.424579984295859,0.0949958447450625
"181",0.579846418401793,1.07136064486015,1.89901940122796,1.25546822358108,1.06106729693061,1.34358724069182,1.20658499877843,0.65269805359364,1.24291806318867,0.835623820784046
"182",-0.738594938075359,1.05915069239331,1.2391172908227,0.952718249927587,0.939561241685461,-0.297846934002129,0.164738289266228,0.771609697038977,0.29292092936908,-0.819787522281892
"183",-0.916074675430219,-0.411363904176401,-0.756353206415754,-0.952794748796758,-0.337503035955913,0.643639181525697,0.587472750138275,0.0546010974475453,0.0700362475818563,-0.920180725721461
"184",-1.07401882397021,-1.18759687887804,-0.116397635427958,-0.347748770308662,-0.861685456307689,-0.916109477693624,-2.72801410307312,-1.85310772972288,-1.74230278940521,-1.34980646025336
"185",-1.96226222275506,-1.55514288913612,-0.488807135761136,-1.61403224804669,-1.36484135085813,-0.567045281450763,-1.29370927662497,-1.04009947001679,-0.975189155906488,-1.42123943834467
"186",1.35522016013058,1.76388931834781,0.628480303989352,1.48762313655457,0.801594409516621,0.53428798458466,-0.0646269061381991,-0.233362161881425,0.398523717418132,-0.377662171771268
"187",-0.746275384258152,0.900143634455802,-0.44530278332799,0.54426311150517,1.07821697554316,1.66150419894452,0.328970172463104,1.18607261179858,0.356451625759599,0.747950002422049
"188",0.00800055092442141,-0.611061878645413,0.686021387009609,0.255179664983145,1.39534144486798,-1.44340219524459,-0.699848868875967,-0.168310762613434,0.216685557161266,0.879489619768983
"189",0.0996321657399672,-0.387967377870113,0.90544894179208,-0.557968986972695,0.116292857954936,0.298338593369001,0.959127925236893,1.7412399005079,0.175409487361809,-0.247531877872026
"190",0.63562290714746,0.0739999242585245,0.369221330293861,-1.7876363418707,-0.308034822687426,0.791710591282179,-1.18875670893635,-0.545934925093162,-1.17756274672194,-0.663538041823619
"191",1.49946936580505,0.877746286799761,0.615747369678154,0.428964843091509,-0.647956780078408,0.679987063728897,1.26295861957809,1.01395494267674,1.39806533442821,1.46071356421471
"192",-0.0331338751308975,0.875576490687299,-1.25742423156471,1.46205104371116,0.496343442146744,0.994428269072161,2.83502735974636,2.29117521474523,0.331781468008549,3.09124934554526
"193",-0.475169377497689,-0.0111695232537417,-1.69705398305632,-1.13538595805429,-1.07862845389673,-0.307243020804682,0.457393951216589,0.52004649843512,-0.977551261691093,-0.376517397580068
"194",0.26644806722021,2.00108439962032,1.09507368193671,-0.172625728466022,1.06086549893049,-0.0892285706419373,0.184666752167738,-0.305933771973021,0.875938555143868,0.864514608986259
"195",1.52743264044506,-0.0404236333785446,1.56248588814355,-0.806225269146723,0.268375606370192,-0.979401218102653,-1.08003260944961,-1.70218266707021,-0.371653308179159,0.504666139069571
"196",0.896599611456196,0.0729406285213553,-2.03587424951018,-1.25828323181229,-1.48934717097057,-0.966694491295713,0.0679916782349642,0.399102664214414,0.244053975232863,-0.527497980802011
"197",0.658566403408926,0.443807400009257,-1.04433175090251,-1.30966817383049,-0.0094642071617329,-2.28656528905227,-0.774377406268441,-1.28584443772108,-1.07933247442095,-1.54265997031717
"198",-0.334431906279032,0.472047202938279,-0.0510477428082425,1.70943810981714,1.5205983554871,-0.694076778132993,-1.10691030259129,0.218039028058356,-1.17758491154578,0.778595432742377
"199",-0.982400641315615,0.591490446611768,0.242912748277819,-0.727810905328635,-0.147470159605726,0.0301764850319683,0.428696453244567,0.687832551006407,0.795886216784185,0.859372221008791
"200",0.247135904626576,0.595563557999105,-0.693231710607125,-0.0580325228217902,0.0465420128121943,0.562396115814167,0.655369900694602,0.104028552887501,-0.64515786854593,-0.00751330211754046
"201",-1.17007505509498,-1.33823729726902,-1.03889072047562,-1.34008366607268,-1.18811911119098,1.99836799477087,1.51690603121571,1.18037160502485,-0.131146846126054,2.08305298490178
"202",-0.964283369194111,1.26043388468487,1.88873040883025,0.661948028400209,-0.0421885267497055,1.0796012347186,-0.13535746189633,0.00286359456427814,-0.76875704986732,-0.166516434268841
"203",1.57854541765032,1.23051136408502,0.914956165304852,0.747734217249208,1.03772201220313,1.29681921427971,0.37535584293837,0.463937287212943,-0.204930532409126,-0.674432298686157
"204",-0.222197199030959,0.867602428681578,0.630158193837919,-0.142329468205737,1.16628171484433,0.564610430766358,1.32065228233303,0.634656957322623,0.995020235734428,-0.0328569796586511
"205",-3.04487570455071,-1.86780544241456,-1.29692071978876,-0.873751911845655,-2.5931336014778,-1.28373159075916,-1.12674628857732,-0.702591272360924,0.470140035628687,-0.94931810260999
"206",1.33112201820267,-0.0356691206531112,0.316173605500327,1.15070352197315,-0.426948932090509,-0.399801415099797,-0.983089088927845,0.230631740287762,-0.749396523987999,-0.0513405909145104
"207",-0.615829275672553,0.548583025683401,-0.301549900610689,-0.719090957361543,-0.00362874617317017,0.622179912410712,0.271488680209926,1.0213233990057,0.302290902397745,0.0343390703318525
"208",2.50989047679077,0.880808344299732,0.779341572119672,2.21272200926739,1.61216679106555,1.00616230035634,0.308728818255062,0.0749282014167626,0.319443872697619,-0.618591756872333
"209",2.42313846024761,0.655999689965847,0.727358240148104,1.2584870998031,1.22708071729492,0.056911811315011,-0.207516354418041,-0.14816255875166,-1.08045065387702,0.154535580330223
"210",1.07778267537549,1.71757845737728,1.05956682745783,-0.417098711915862,-0.135482283348706,-0.124394909578537,0.123859146606418,1.090289893494,0.433554143192224,1.26478623008911
"211",0.269440204914887,-0.551753202613902,0.285086231112721,1.15097295940927,0.373241028374607,-0.0749849018657885,0.809831394920071,0.168724034142676,-0.0379379726730195,1.20625348840105
"212",-2.42479976076777,-1.15598755539912,-1.15441545482104,-0.0803305220418342,-1.35990249399951,0.0944512264470044,1.1678772972984,0.0540480955156009,-0.901800391374871,0.772567791529658
"213",-1.07993495088531,0.0552396009064657,0.330760870179015,0.330584414369136,-0.689032438554837,-0.496027090948168,-1.08678051952361,-0.982592028664882,-1.01272860670673,-1.73585443368742
"214",-0.0308528003616635,0.763319133991387,-0.802345970150716,-0.87501429535723,-0.232583484590978,-0.700768539273676,-0.0382635031956737,0.0190240598012945,-0.388110849269923,0.473605795029239
"215",0.460027240741033,-0.343608129772594,0.71742278723747,0.478108542113699,0.402566095873498,-1.12924830655666,-2.18404488298,-2.22995975742621,-1.79996526802887,-2.6541187365514
"216",0.679748484877969,0.482647277141403,-0.343400642776807,0.568541329930712,1.0138317382371,0.673945879014073,0.156038444249991,1.22210431929,0.0613971580625427,-0.0868739104123759
"217",-0.313152020613591,-0.379545187225111,-1.20115135855125,0.371238841103375,0.117907330949282,0.906057190120671,1.24701095401728,0.97343616323156,1.69235019123521,1.36389179487381
"218",0.0728691199067117,-0.297880946449722,-0.015141282385902,0.324796637061624,-0.887061596627213,-0.85758569501712,-2.73553458975453,-1.41982936468168,-0.257702841110698,0.127958049236795
"219",-0.560653084376109,1.57686860424932,0.25029398143012,-0.96602765947388,0.367240040417811,1.11623228477606,0.452470629277468,0.560213004719984,0.54732307161756,-0.131111480581203
"220",0.0625801522024475,0.526790812872179,0.577590360945849,-0.615112741018701,-1.0928794303679,0.929260607850301,-0.904412226557542,-0.689812617339105,0.828484455150936,-0.175717227291878
"221",-0.174824279322359,1.20671324041826,0.239653616891615,-0.266804268159741,-0.187261905550825,-0.62637174080495,0.320333720335383,0.85443502311985,-1.14592822675609,0.302374168181792
"222",1.06955206186988,-0.508092203387822,1.87539326936148,0.203141581425378,1.27113942446487,-0.610249810039395,-0.343589176342714,0.0642439072947892,-1.47351808509911,-0.349035713030988
"223",2.0621735847708,-0.242363048490671,0.570543071255353,-0.00726978846582426,0.588612135760868,1.63306481247803,1.81094676391458,2.59130681947487,1.84642700212371,1.38787227429178
"224",-0.727252520269206,-0.685054150965026,-0.510317985955923,-0.52989687694718,-1.26209808098824,-0.609080870472902,-0.944357187999554,0.0364237573116847,-0.579867666115707,-0.362019605855269
"225",0.54544593837238,0.458712362531892,-0.340739851136534,0.655995733728636,1.54325192048953,-0.225721488491439,0.806319501116672,0.239309204999988,-0.0164559886775348,0.726456158726649
"226",-1.0311821367881,-1.12329408819752,-1.96661275045421,-1.16150515015724,-1.10000982855708,-1.64272105800352,-1.62083111010384,-1.43383995861934,-3.02750441013114,-0.435502925591349
"227",-0.554882797491408,-2.31592522660669,-1.34585759654876,-0.288711086945248,-0.500911196169453,0.187058421990394,0.0701116739694038,0.0321553989771131,0.0555040384754256,0.299074544250093
"228",1.4566691937526,0.947773123120999,0.792207651204983,0.412510475872739,1.45578720142764,0.401153372139132,1.11664720954118,2.06114417438704,0.626910173538182,1.34903545191167
"229",-1.45680710098946,-0.0204785813611486,-0.733806518307726,-1.68663847534663,-0.45754085718207,-1.51636537280066,-2.06813980887637,-2.23262617623317,-1.31705475304504,-0.175768980019462
"230",0.205927913673609,2.12306236861145,1.25505045630669,0.639194910104289,1.74235555041664,0.356987869395156,0.778364045433576,0.830798600747733,0.972804448408351,0.772509184645564
"231",0.04397746484504,-1.49970379455653,-0.422571318382617,0.492775649380021,-0.65982278252168,0.41615698710949,-1.67524782015596,-0.999149303247784,0.0250492367788465,-0.987850976704961
"232",0.361262631762462,0.422826475055037,1.27263924930263,1.54402418424401,0.155459518503945,0.613207994384475,0.584452553310001,1.16185405894492,1.21153249820532,1.28813338905814
"233",0.18830669090227,-0.863085969659452,-0.712311871570339,0.535440711740982,-0.758682455055216,3.41306622087385,1.61679346762314,2.50893089580794,1.81353885692986,2.10030560514618
"234",1.17506637475333,-0.278628313271298,0.8684743056293,0.812173255391563,0.248633669289108,-0.714757112075442,-0.163137903057876,-0.852592644331373,0.301330524415412,-0.66655562046729
"235",-0.565006694435501,-1.26895654615605,-0.14525064496846,-1.24387191420902,0.178523252986006,-0.142428763296872,-0.155643994561921,-0.784606184261335,0.166463428907675,0.64985181405595
"236",0.178005305900463,-0.734865826701439,-1.25401817636133,-0.0413325279541707,-0.652880409078182,1.3870340163379,0.444823174478122,0.84979685100786,0.347784566616252,0.593980173473828
"237",-0.28070460906355,-0.972177114705969,-0.157402229686373,-0.730405940779387,0.0429499224362449,-0.90986141803483,0.550640719985253,0.396435058041686,0.255486568155079,0.339344329292869
"238",2.43246705106089,1.49825963490829,2.78303014900964,0.927834803125639,0.796314241123554,1.08649865025552,1.52048057517963,1.01484668261878,0.126613332882183,-0.90412808006933
"239",-2.05140889100133,-1.12624226750934,0.87477066384141,-0.756959447090698,-0.570764003154266,-1.26929186646408,-1.40986938101636,-1.79332035918756,-0.43419694639441,-0.435379740828636
"240",-0.54169443395212,-0.0239206182713129,0.665050667172341,-1.13038020756688,-0.203992576853633,-0.964825298757932,-1.09989803419099,-0.440768123433855,-0.320846538789004,-0.946042071651791
"241",-0.0952930103864684,2.2019048153567,0.738024432165748,2.27981933582514,1.64218176189409,2.86178987346888,3.02741275802887,3.26687004943343,3.40286129852001,2.85958394963959
"242",1.38157626688057,0.212028838636974,-0.869347015574308,0.427961081988982,-1.05210096552256,-0.033723341762939,0.278193140422847,-0.0227241500058694,0.520776054737513,-1.63591823469301
"243",1.22735431816332,-0.307397449569049,-1.36351816061055,1.51985938211129,0.443211749642671,-1.54025315038174,-2.0190713104998,-1.66638935187763,-1.27151217407224,-0.642065033258273
"244",-0.896662269468979,-0.465514416750299,-0.909549790774504,-0.07670610848267,0.0163028668108867,0.132685772952533,0.0073675486435521,-0.907519891947168,-0.714844871218213,-1.80112571771624
"245",-1.20579078829108,-1.38337312830955,-0.157961932177733,0.188545251578029,-0.866067666977959,0.331553490815888,-0.427322506694319,-0.353221587084149,0.866003745255059,0.241259765366515
"246",-1.06277341229274,-2.53000627948539,-2.35293028051704,-1.39934726704864,-1.19659342421331,0.605640249527562,0.66177365933047,0.161645315466329,0.59126322295095,0.106047611936858
"247",-0.769934326002991,-1.66087214656371,-1.14558305421897,-0.602250606318913,-0.12061749437294,-0.534423630208081,-0.321088725078895,-0.332138292749044,0.796253856126133,0.21466934408707
"248",0.501865724444409,-0.0932129940788751,-0.927281454065979,-0.116117684226806,0.127646159674693,-1.89920696704524,-0.078887993472553,-0.798640556531191,-0.32663257151757,0.396225462662175
"249",0.240433795576388,-0.796669731392436,-0.210810237382322,-1.4863092671944,-0.831423303875393,0.402590305334082,0.384289319679031,0.533282463092111,2.01541049633861,1.53209838586571
"250",0.756920585416179,0.525528261922059,-0.668771042523408,0.964685116252138,0.110513139103912,0.224960236004673,0.697305939948768,0.909406105494194,1.73103975451426,0.371888402593405
"251",0.937090552367201,-0.944009033730646,0.0918106825372458,-1.20469182318606,-1.16549928037134,0.372186615125797,-0.090624410343184,0.030042176762542,0.339370870495862,0.669697959937059
"252",-0.995308229098917,-0.245591327275522,-0.747452928338037,-1.35378375960744,-1.56051374281532,-1.73196150556213,-0.0250038547634653,0.877573184833159,-0.0477957496577265,0.157105952123695
"253",0.931146123667463,1.12173733043609,1.85814507767473,1.11140417359496,0.245996953762324,1.05177483063566,1.12797109764278,0.0937719892162769,-0.250604337904497,0.736193987329879
"254",0.337119809764935,-0.688867770999727,-0.975137929154997,-0.518858134046156,0.144234480792228,0.512660067809525,0.0675675814779912,0.454263748338626,0.172984852195179,1.0408655370968
"255",0.136205793136782,1.66896952616209,1.15747601218031,0.937801289425195,1.91825153007017,0.846221796092399,1.13800842813419,0.0106396267806327,0.246081520706191,-0.445727969127593
"256",0.793645346999341,1.30399187729652,1.64195408680777,0.538047283338421,0.0899877679231822,-0.498506932528755,0.649336313054033,0.650400552183012,2.01722925020376,1.05845528779685
"257",0.656272784475104,-0.0153408929517078,0.625949070070318,0.101695100757914,-1.00470263854852,0.31073678272949,-0.864189633604534,-0.468038037385309,-0.164715855110592,-1.79570237803459
"258",-0.0652542487514871,1.80093861773136,-0.252788907565933,0.755208003779479,-0.30747412379004,-0.311624076347843,-0.899576653391625,-1.54608022129188,-0.533612331605026,-2.07925258932068
"259",1.97897502738899,0.0544272591293265,1.61598817027056,0.195699595180887,0.444439519215664,0.831954475894389,1.42145726747998,1.59209025425993,-0.123057333531084,1.03921087929348
"260",-0.451651153202477,0.0973329325745953,0.0996710740164751,1.38023911677877,0.100583858676992,-1.05069179599077,0.43331301950968,0.670329569316151,0.438470664365296,0.179295974082249
"261",-0.479350896135101,-0.509445797974797,-1.459258878497,-0.843835993853911,0.151532721590514,0.363860006067968,0.404138803700017,-0.064624132971908,-0.100622657521879,0.761156192176751
"262",-0.713598993216342,-0.779813502075221,-0.739599690932718,-0.650052105961407,-1.81160966286772,0.39369850020732,-0.331734135834581,0.0409845615246784,1.16995729447439,0.941791964501701
"263",-0.515276473750706,-0.592703560607181,-0.914551109043196,-1.07639671574306,0.130086513747785,1.85790109330954,0.498502932100656,1.65183728902646,0.239635247353471,0.718630700546951
"264",2.26100210760023,1.0305854597078,1.84052603682902,0.966732426473685,0.592822263629924,0.95035467238627,0.32408646619955,1.20840775866656,1.4455848724862,0.590441639375314
"265",-1.4940475778931,-1.90840197772162,-1.34907808530147,-0.378215920305519,-1.06918992785462,-1.08262553872624,-0.486428904864236,-0.37966823823002,-1.29712289995376,-0.422695524828617
"266",-0.600360738763878,-1.53241314536297,-0.287923956732829,-0.783219242693466,-1.14111753107025,-1.02966246890452,-0.945978046864458,-0.423749559542988,-0.529889771970925,-0.511518185954065
"267",-1.703614124147,0.206453785445954,-1.29806020754224,0.456145791343649,-0.55338489572525,0.327407871354549,-1.14609994976108,-1.40211892387594,0.263043777923344,-1.35851416411635
"268",1.46854741102251,2.28287293655752,1.12240763741844,0.860472109292837,0.309621484233457,-0.0986816074760412,2.16830335758835,1.30213831155495,1.557894084657,0.356772250401218
"269",-0.0517757708332946,0.20930186579916,-0.0243105585194608,1.14351997037535,2.3709277360079,0.682683694147177,-0.435618485405057,-0.550412763839118,-0.651514142936131,-0.645268019056786
"270",-0.852827535011522,-1.859582031674,-1.89379747961275,-0.866080108434969,-1.13404396343336,0.593998165486988,-1.00582702454105,-1.01832270050778,-1.83247720665036,0.949437139272027
"271",-1.19815858958017,-0.617524364094504,-1.00951172433727,-0.901380708518069,-1.64976534156667,-0.704249497013773,-1.01982816610462,-1.3916597198901,-1.02396863161107,-1.24524895826249
"272",1.1216229370876,0.0525732870834585,-0.501577958351962,0.840980892853403,1.15638794916046,-0.989580400405154,-0.67120443486518,-0.508462834564954,-0.499163421538513,0.161828901325074
"273",1.4042167235372,-0.681138812000393,-1.01862132165905,-1.01196095108861,-0.776726353793725,-0.397835983709377,-1.10693544778378,-1.17219811718028,-0.579201122422461,-0.347101876787367
"274",-0.978920515284822,-0.846614527968185,-1.9787987664508,-0.642452653083746,-1.42886114820668,-0.216018056393793,-0.614574191097252,0.0455638088540851,-0.794821508369814,-0.81809237542699
"275",-0.310674203493751,0.542503335561059,-0.134044240207297,1.13920887055612,-0.100241132470788,0.389393038395012,0.0111374849671437,0.0754110408040845,0.557236878194407,0.833088659186181
"276",1.38523223135822,0.226716290753395,0.341171611615069,-0.828457919776921,-0.458742607220399,-0.494368673127683,-0.669981547824961,-0.320260238689342,0.048243980336828,0.404957527547775
"277",1.51914151100933,-0.316292157260591,1.07279155330252,-0.347983131118954,0.363876422936151,-0.401092610837929,-0.229446766767587,0.242441128034169,-1.62922141165616,-0.337030747113102
"278",-0.49737834957801,-0.0805852028465518,0.744405707446101,-0.689263462339486,0.586795990527033,0.331831462735697,0.616286388578658,0.175517656239423,1.16811881563892,-1.15091535905886
"279",-1.51157331966727,-1.14888647172875,-1.18676556705918,-0.437623508593992,-0.274490517408465,-0.505868783691469,-2.48108183840201,-2.07281706259034,-0.518545665409672,-1.47818233303327
"280",2.71482744366811,2.0767819212369,2.85477656913517,2.63108830912204,1.66030474757657,1.3805285445506,3.21189805844069,1.89152392309371,0.490276281133894,1.48008086334856
"281",0.304223794532599,0.41652392349667,-1.05601739502284,-2.36550839425695,-1.0619026217362,-1.96474079942873,-1.92503578097127,-2.49750788427646,-0.0442966346478258,-1.74963352587132
"282",-0.156884371427571,-0.611407709797522,-1.14010210650127,0.523831116392911,0.522549802815365,-0.286933341211906,0.575345853457848,0.904543250869707,0.512179800275009,-0.678039817418786
"283",-1.66069854974315,-1.6886778483263,-0.179483967086056,-0.654533963531367,-0.948897282363584,-0.307823683259813,-0.587320945195769,-0.245211033294122,0.346015403977072,-2.61096517196008
"284",0.853382042456686,3.12675537225501,0.629960342698324,2.04686387419891,1.6052225317157,0.479404767554744,0.657590329036585,1.03460766954936,0.673505074575402,1.0759257931628
"285",0.819550010382066,1.84573859186636,1.87001358680628,0.178659348315097,0.482125091912411,0.254943835170537,0.0429700484477798,-0.32965219907856,-0.621550260898995,-0.725244191535583
"286",1.13915073411499,1.32518622066832,0.132750738095783,-0.345299524193045,-0.152590585002397,1.26883218962409,1.31554965894206,0.954837050954139,0.95256577654993,0.766947226422053
"287",-0.0464576594774218,1.00413798906526,0.420466395738826,-0.903570692305913,-0.0845997245313456,0.948269143043325,0.195059106283127,0.85537110163751,-0.0219470182216806,-0.171104532053502
"288",1.70691204613735,1.24461501196755,0.77817210786017,2.12735622635122,1.01526366125101,0.706648521581314,0.758302717517701,0.932584798273375,1.71465941437719,1.56660928000275
"289",0.639925188604254,1.78637739133549,0.371355452206675,0.55684948968312,1.53146816429124,-0.591957073982151,-0.584180538798706,-0.650482024742629,-1.15198257060605,-0.0790577353817113
"290",-1.11192790761774,-0.354228999756357,0.176317143940336,0.693540680977892,0.626345283052112,1.01467461740701,0.260204483849239,0.416000155458944,1.18802891698169,-0.0653164416288632
"291",-0.753265109880622,0.305618345368373,-0.508675536014982,-0.772397589676649,0.969303880384109,0.795372866953461,2.69745680085805,0.958158298363799,1.21503519445609,-0.67595512991293
"292",-0.728032460743019,0.944251334456795,0.515456195184059,0.156559916032738,0.928287432327446,1.47312060251735,-0.65682517399739,0.59826733666906,-0.250214310481391,0.750136985362191
"293",0.97263510497802,2.19944955432228,2.06004585624112,0.821487246142295,-0.340068597129515,0.789768726336507,-0.246734460886146,-0.63395645438749,0.798198476444262,-0.0952999014039817
"294",-0.67195928431613,-0.629306203477766,1.90437914571822,-1.22158686593141,0.21494369130365,1.01593888924244,-0.0230118638211037,-0.313711054820509,-0.907491027798289,0.494205100635514
"295",0.47638010995723,1.48279518211561,0.658099211248489,0.323770389093361,0.553397730722282,-1.23732183916903,0.207001157688265,-0.147680436390531,-0.645701413309606,-0.304064831423691
"296",2.10659043610386,1.16995500606763,1.20186468367651,0.0781094152373394,0.544151003844965,1.4566192078015,0.284692777832326,1.12855947148081,0.465023502613648,0.864507536060359
"297",0.863048644099119,0.303210086312109,-0.258707591016142,-0.0741671113546698,0.647009373310181,1.17099435458789,0.266635765732372,0.301275395224094,0.324153717024722,1.33489446897343
"298",-0.837237043292873,1.39417484510631,0.0890527208468165,-0.0403508008628659,1.10098192224365,-0.315945828974093,0.465228063078011,0.463966093945286,1.8877928211507,2.21421449928305
"299",0.214309644754036,1.08859702381935,0.742520206421757,1.81488084897657,0.990722733451396,-0.59064318588358,-1.5831953867777,-1.51268029254649,0.204809949074596,-0.103647085294834
"300",-0.222556246345218,1.05311774258576,1.43504401486904,1.86206362503089,1.09093918201299,1.03102666968959,-0.463438619587048,-1.42911332454097,0.407307418816175,-0.179762005620209
"301",2.01091984992634,0.709489664033368,1.32925950630498,0.653364433851485,1.46119818204463,2.38635534117447,2.76187207026581,1.58502105264319,1.24377986335503,1.03907500600581
"302",-1.86269137728396,-1.3539371828875,-1.03209128083308,-1.47634435235116,-2.51998605357549,-0.0296330296775874,0.460210226473387,0.347250759000919,0.0247257913697183,0.376894693081731
"303",0.96511615208561,0.142671051913117,0.576065453992179,1.69506399108884,0.78468032134168,0.909914845239766,-0.22835654373191,-0.005551939036,-1.00968220163241,0.668615587875293
"304",2.34334994491062,1.04973412183373,0.193788290291591,-0.152859848531744,0.151825688932712,-0.214140245412922,0.311455267820898,0.346350575939054,-0.591250393954193,-1.00483888488788
"305",0.397955307880957,-0.49024602832705,0.563590442589683,0.266403761929129,0.0572576683872091,-0.459792657930369,1.08587566378675,-0.0760621143475246,0.0366884931005662,0.3117885392734
"306",-0.00660591963747563,0.551477679968678,1.23021041272751,2.08434839017234,0.200480506153762,0.378766056005022,0.18563871706319,0.886750935108181,1.48260568713819,-0.344633373966382
"307",0.811150745719649,-0.12705356083913,0.27588275699101,0.12861141943658,-0.158139236357612,-0.132312781123683,-1.35423069818947,-0.773055933588049,-2.11002299659143,-0.778660159341286
"308",-0.565114313506632,-1.17660331667699,-1.90112885266893,-1.36132928778769,-1.12692629872294,0.18833059456402,-0.337590955922838,0.154577784176824,-1.19720697980105,0.924816720352645
"309",-0.473490737382177,-2.06838838391514,0.147149111248797,-0.171634865007513,0.232262783397238,-0.619887752948127,-1.48595240826266,-0.626352606557826,0.847679242574677,-0.227508004376843
"310",-1.11773694338255,-0.776763636983136,-0.611274530797573,-1.76023076127375,-2.46559424894085,-0.145274741146667,-1.4051917507085,-1.47277111714633,-1.99083257630296,-2.41948992772875
"311",1.16164523595167,-0.961993263755421,-0.137196965463666,-0.817424302287641,-1.56276010768852,-0.194124263675544,0.0247100480926438,0.0476223430130034,0.631069355140842,0.211402238317899
"312",-1.10764061037485,-0.800019119229606,-2.33765596127861,-0.595114547170468,-2.34935625261267,-0.233793797450822,-0.411479300805171,-0.194683905957052,-0.772384033722649,0.107460810434897
"313",-0.894867117027067,-1.21277048574109,-1.93560861058118,-2.08221460150129,-1.47527365275496,0.349333529946559,-0.236329333037101,0.201354852803385,0.277065852878629,-0.681257582867013
"314",0.643017589516171,-1.07484682874856,0.190378614735709,-0.0648541531674829,0.960854209003409,-1.69968946074254,-0.0899738510391545,-0.0690208572715465,-1.07744090394034,-0.985208413746676
"315",-2.97553060299429,-1.980211990148,0.297658105234018,-0.593476841100052,-1.52041467695751,-0.785856168210438,-0.531727779508345,-1.10219625322055,-1.17728924805453,-0.928811658305082
"316",-1.78247879454079,-1.98726848304916,-1.93894726190066,-1.86612312157252,-1.80644751415288,-0.791729733853976,-1.25429246321763,-1.55863424749208,-0.116699812634275,-0.0866963567207663
"317",-0.282883148898514,0.306813396106562,-0.191090475022136,0.247121789472361,-0.250455427170825,-0.465403197520983,-0.487992662915558,-0.911577154068809,-0.784171037626474,0.398163544663472
"318",-0.109724310746035,-1.4283456463705,1.07370452216725,0.0586251747264791,-0.026752189553952,0.433818286517499,-0.727652124615174,-0.192561795564082,0.51566270716386,-1.22704720065197
"319",0.876035869625568,-1.13821442981034,0.940779148423856,-1.18326362865888,-1.28507282700483,0.212586750813494,-0.320700336706256,0.376533600576487,0.176279990886459,0.528004676806786
"320",0.734463724200751,1.14212712418029,-0.637586387840393,-0.778036399651816,-0.337400592994887,0.358867556481947,0.353526506573543,-0.323705127822785,-0.0939085120470265,-0.386929206432619
"321",0.164607417149977,-1.13509260982775,-0.236879658959931,0.40347961662261,0.753563449945805,-1.39087392114648,-1.96893707397268,-0.197577614007617,-0.644822777441579,-0.0820475475535269
"322",1.01739119305975,0.469072751383865,0.079264438938643,0.586231555700649,0.0252913074679552,0.210659713354523,1.43693278704568,1.54633429633066,1.57027121820721,1.00340428370587
"323",-0.498674837672317,-0.787195765131014,-0.952144335705955,-0.719748172706968,0.233842307485573,0.166155080636971,0.397118418709667,-0.130021635883994,0.513036111621705,-1.3312151991231
"324",-0.47066135134365,1.22531788133048,-0.545567661311674,-0.173854332531038,0.790207070386375,0.697459426699793,-1.46110941964856,-1.39569673038996,-1.06869824117582,-2.57253224501462
"325",-0.437038973321323,-1.31152243966815,-0.861292152828904,0.229822528365902,-0.70694128247597,0.936359169969151,-0.330091924301046,0.199038832756651,0.936868048896099,0.520281095298476
"326",0.764280069590163,0.639546659690061,0.35107223315472,0.810573956158249,0.680222705817182,-0.276554975087906,-0.964531606628524,-0.817589457852396,-0.106435615376968,-1.56984840109609
"327",-0.616273476093244,-1.46510134461864,-1.80940602950042,-0.941425554384935,-0.841750747608141,1.07411349117754,0.865267764499411,0.957509556633058,1.72057682065584,0.240136464720694
"328",0.837387821263396,-0.0321354592607686,-0.427572987866899,1.30630132660344,1.1188778580734,0.506804678827394,-0.313627563269904,1.52555767596938,-0.257775972083275,-0.898427013888878
"329",0.984986157858583,1.87871727479277,1.22896382803649,0.792211775885231,1.87774148356043,0.353327824350675,1.82215720577926,0.581295929427453,-0.0552889914761866,0.880903094877313
"330",-1.05387815583813,-0.271331503109741,-0.346947278509606,0.584434346164401,-0.114959042598172,0.366320004741071,-0.508403965028842,-0.197455834338909,-1.28860981507564,1.74134668369829
"331",1.0812864425909,1.35032783285681,1.79010379490309,2.80838186561973,1.99324669414073,0.303561680823832,0.337014019084934,1.36965557981536,0.541633677270418,0.965405354972338
"332",-0.256489002160358,0.071337846202568,0.142368530043886,-0.362001622343245,1.01451967987227,1.64058490095939,0.500882730061586,-0.167962680276691,-0.820962047636413,-0.624278614139582
"333",-0.869749052103424,-0.985314528074913,-0.556955576977549,0.753141721904686,0.460850863409041,-1.82020889064163,-1.87471807003778,-1.67297123395482,-2.56019612988251,-1.04667795490305
"334",-0.0226073698087571,-0.629370055238358,-1.46431191008976,-0.174140608493296,-0.290771172320624,0.991692671286904,0.741458607799522,-0.0308152003041578,0.620852918975848,0.295404800785313
"335",-0.519098860985905,0.337293990111779,-0.20116313690379,0.112223317943611,0.960657560793465,0.398873623059115,-0.383405711310361,-0.540800719626661,-2.3384447903909,-0.642507220024
"336",0.0693551150307799,-1.21156679565706,-0.0345399188615566,0.319710335218908,0.28713559892235,-0.243109920898239,-0.818849984740732,-0.328361031921383,-0.0819937164019371,-0.450535015061955
"337",-0.0304874243863815,0.519366754438528,-0.709493476501744,-0.219348149261101,0.771033005646115,-0.253521556179018,-0.745282768329911,-1.23051977288772,-0.404431584286045,0.895724102893003
"338",0.876382625041307,0.629500662723021,0.377681151092782,1.44450259474985,1.41880033938826,1.08600708131674,-0.91494092164809,-0.812310901363103,0.232217411649792,0.019310383984846
"339",-0.285594510029484,-0.473065954199748,0.35770647248404,0.34991077929091,-0.0249338203785635,-0.837962951149574,0.284592230687889,-0.618066418365023,-0.623020884952173,0.764415068128035
"340",-0.778823724314738,-1.19756069953379,-1.76580486308251,-1.75469862457906,-0.324227805978595,-1.19771497451381,-1.54956989836785,-1.0714841026533,-0.802851525052581,-0.888762503005719
"341",1.00342336769646,1.68526890856426,1.7363150109665,0.221612926621142,1.18688158212875,0.24328736506618,0.36028328738849,-0.672379798597013,-2.08547257552749,0.06707293122237
"342",-0.38004034939169,0.00529051961962565,-0.481441420118703,-1.55153974026668,0.0350987948786936,0.248962129636228,1.6920528922062,0.505331743949604,-0.619374683098806,0.22782575623519
"343",0.392861124317975,-0.799069969378939,0.772600949425628,-0.445621144438423,0.0206773800364419,1.09903433184885,-0.62300644927977,-0.219300992955843,-1.02702917693007,-0.36177840622964
"344",0.0405007908944105,-1.06270115665962,-0.702899370689983,-0.853212882808448,0.0200254348630281,-2.2177271755899,-1.62444382741065,-1.65299119191096,-1.35595676842553,-0.107616831125901
"345",-1.27282816661892,-0.982714264010179,-0.440460026733093,-0.981068190179276,-1.89719569530607,-0.675875882616991,0.290607006457173,-0.904277091627488,0.71360225023653,-0.550052363655199
"346",0.304698571056573,-0.151993824591028,-0.470632322249516,0.961557550702595,-0.336671174280789,-0.928786488038715,-0.720337435913288,-1.48470723952074,-1.52021075890005,-1.68574362830492
"347",-1.97681463052107,-1.48584874835916,-0.370232465665912,-0.869688273071434,-0.688757498598678,-1.06983258671373,-0.924408701685842,-1.5317754929496,-0.804075069705244,-1.81245848729419
"348",-1.50174131010228,-0.556146106173961,-1.66959138956075,-1.53091109291142,-1.18661584252157,-0.287563366746097,0.934209109972502,0.981952755729846,0.626899225907786,1.38055884904796
"349",0.262187755514327,0.662043100787176,-0.718888501922643,0.939875715593656,1.49755346461801,2.21341544224309,0.89308188587528,0.220575300194583,0.984603193141677,2.08957059028979
"350",-1.21663700730416,-1.34325086273975,-0.6587604908319,-0.408951762682873,-0.77431341359979,0.274986962615244,0.588388937545746,0.185486493469008,1.06736923884955,-0.0360818822264917
"351",2.82820189009894,2.32739430646792,1.69839190056539,0.398708743318767,1.11083250995817,0.234407721705262,0.969335510569798,0.538089624423426,0.96211861978507,1.58512449958715
"352",-1.74684906144425,-1.25110921638511,-1.9213871365073,0.0668135899757689,-1.80803930012772,0.191567660284624,0.587597331037488,-0.0920105529791222,0.335561746768791,-0.00220738099065184
"353",-1.1394018476456,-2.17192594022365,0.273143463615323,0.309523203972191,-1.07335886217349,0.789662719993066,-0.406372711363151,-0.283524715047691,-0.248229378658086,1.17046763600103
"354",-1.86144747257657,-1.3179562866428,-0.447948292627322,1.62006368999634,-0.78032824700273,-0.132306726031345,1.03386051641955,-0.160584924155204,-0.0368788738250895,1.16285811159793
"355",2.32518396077979,1.0993690820139,0.352562806894923,2.87870259117483,1.10222877469354,-1.42699632226818,0.126162877394997,-0.0851050324753608,0.817072644313005,-0.0352490010718133
"356",1.68252044123315,0.02526436779075,0.334329535827244,0.160513826659175,1.56797301047695,-0.470024823444235,-0.21595631865399,-0.12040558104134,-0.545232555013401,0.0999804049201962
"357",-0.0242504106462547,0.597114694347316,1.19389695760648,2.70633887793159,1.72748477152963,0.458239428338388,0.505953558743187,0.242723186425722,0.459857337347138,0.20627264833727
"358",0.39688939044466,1.853186968059,0.3426310081139,1.25452636502995,1.5671451256937,0.474492009317353,-0.036324668882864,0.34386629038944,0.192941463875467,-0.621924867786638
"359",-1.35786525057748,0.3055935228673,0.351304255092918,0.878276787320303,-0.273652896634071,-0.644507286052056,0.138637835868351,0.0231430506250876,-1.23868255924551,0.163384771456564
"360",1.70504990227303,1.05349699001076,0.00139447557452704,1.01368818153883,1.09894235351031,0.401005938943634,2.88929229235635,2.27665489058727,1.75319690477695,1.02372067059372
"361",-1.45911779156193,-1.49845502150233,-0.775579057516534,-1.09417874162067,-0.994041023826225,-1.24248613064389,-0.86384235115716,-0.861520740036771,-1.77490502960363,-0.459369804207728
"362",-1.46905742087443,-1.34631125046017,-0.14192763085766,-0.416516109219134,-1.11046112775409,0.861907501382598,0.195210086485449,-0.502861276083895,0.863514924983844,1.55360887350215
"363",-1.11894037575881,-0.530530254075776,-0.63146282081294,-0.679427571422958,0.0570289578154969,-1.6668981209559,-1.91513120705049,-2.46355216338621,-1.63024075513089,-2.471199383259
"364",-0.373002795818937,0.261670194021734,-1.18576098274771,-1.14070221689366,-0.866958617773153,-1.18776910740649,0.656000193531987,-1.1021963292079,-1.48785886310569,-1.07136898514367
"365",-0.488924225223189,0.202548606806389,1.4129621885299,0.285415964565047,0.751932958444004,-0.384497747023729,0.561189050201032,-0.343664450257143,0.0326661981203195,-0.282308391622588
"366",-2.0446040324092,-0.529867575398169,-0.956801919016261,-0.64317631330203,-0.767969766543781,-1.47246269362523,-1.98031303364853,-2.70709756559903,-1.3925407600875,-0.967366560325684
"367",-0.415356244890031,0.922593811116752,-1.94219645806472,0.0594669145339435,-0.8005399976327,-2.09042452906821,-2.27886715795534,-1.83395427823349,-1.96304075358489,-0.947528750294287
"368",1.1706676080622,0.609715188416304,1.54131752808167,0.124106051643984,1.45688441156921,0.252040748171738,2.37036916633055,1.8078839243094,0.345633338288831,1.21740751676074
"369",-0.0162783255808526,-0.0720564700051411,-0.706775796352395,-0.688606061933617,-1.77235446141555,0.952045073881966,0.275219155499001,0.374734444891294,0.0437577009287027,0.267133318163441
"370",-0.323065975750015,0.40872593775934,-0.247964044967653,-0.0285366661497663,-0.983199494814371,-0.0455329728061295,0.0179800842732067,0.858014048717014,-1.15172572206883,0.20258693314793
"371",-1.51450824254464,-1.70930314614378,-1.01860119823459,-0.923974430149462,-1.66771869820901,0.290753317756894,1.26220474021797,1.36358218931578,1.34196027758279,0.572133389117501
"372",-0.0313703690371,-0.786590944421324,-2.28018889410339,-0.315231576707219,-0.783417514597736,-0.144591726866437,-0.374960965824289,-0.808835430588295,-0.230448005702424,0.996260824228699
"373",0.421583915799449,-0.864471191468294,-0.518780046642266,0.882618667300481,1.00317318476095,-0.173663423692341,2.03404623685009,1.04888675788578,0.0755643355239582,0.108498356177301
"374",0.313228871693616,-1.08387225565669,-0.38307153446861,0.447481728864815,0.905224377207878,1.20205639831781,0.126900346860865,0.83302932556004,0.866173713607564,1.21676572791842
"375",0.139412189126323,-0.789309980758337,-0.817714161997349,0.444843334893247,-0.590768517202035,0.414479156419882,-0.489980122166311,0.545555340791515,-0.326181412977323,-1.74053782348662
"376",-1.27664213904697,-0.759722928630922,-1.32367821087533,0.0402190875968457,-0.631754669007244,0.732341855008221,-0.596876369927067,0.210235108790434,0.403830395774211,-0.253112595669378
"377",-1.35785704873227,-0.250148698275539,-2.00251405965375,-0.783159303528574,-1.01016373459917,-0.427436754717627,-1.96711060335321,-2.2557287558857,-2.13202426900456,-1.05487039025531
"378",1.28734849992991,0.131601814116377,1.94872294316318,1.66851776668963,0.461731803241393,0.793340085511892,0.609651738500764,0.0150971839089175,-0.189002432997692,0.390634179941428
"379",0.875254023984596,-0.466842543594626,0.725521377142311,0.480015218000338,-0.6650262610139,-0.0895982431346977,0.38991140026967,0.0972692923573856,0.21581307048553,0.764068183104914
"380",-2.48772583829667,-2.27062073206683,-1.29031774137986,-1.88788824695551,-1.40844782872163,0.749831976299721,0.232695745471089,-0.131026905618553,-0.687148938367857,-0.260276125089376
"381",1.51279289145796,1.12554549904826,0.755727482701297,0.610983094041755,1.2796137605487,-0.103446646869418,1.25938804441617,1.06186266635892,0.000394687285024727,-0.453797361729952
"382",-1.31774381173312,-0.323085028370849,-0.465849082827185,-0.858998328710107,-0.625038797786071,-0.655636703494357,-1.2364520572254,-1.40623408303022,-1.03649652354527,0.607312238140726
"383",0.860029324397164,1.10157600987402,0.587796778468078,1.60512075267121,1.19773842710512,-0.385365694351072,0.64292152221807,0.175242333094733,0.782451464916983,0.379534350861878
"384",1.85432810048642,0.782627617378599,0.510052156581435,0.615412071540012,0.805365832186721,-0.0926131500068323,0.164837267087676,0.347794268527413,0.00779513709646433,0.363549645753254
"385",-0.37719574569866,-0.0838112582882907,-0.216223998783113,0.235167513486481,-0.902472262927825,0.50218770577959,0.489192645751946,0.458548360570257,1.66524650876464,0.936100508821299
"386",-0.0738773503779385,0.396378534256913,1.56207560564877,0.802965230212151,1.08105365626292,-0.455697369290678,0.113770539730076,0.432980564496958,0.172335393092765,-0.801276447562046
"387",1.01660707380013,0.937740227078833,1.25069542268997,0.0891945069491499,0.875548573132161,-1.11357932108598,-1.52714054321859,-1.82039092739627,-0.676725514747268,-1.09221160737045
"388",-1.79838302502142,0.564157309510987,0.513794473203225,-0.378659311406619,-0.816096172889903,-0.4993934053538,0.590282294316057,0.636529879343594,-0.0798610555320861,0.688149318687363
"389",-1.41936889899825,-2.30573914997662,-2.92010360193679,-2.33437751991305,-1.70274926824249,0.163606558184743,-0.957897771685154,-1.70203839765737,-1.11759664590906,-0.713261915209342
"390",2.60415841755727,2.36855285654462,1.50835548521308,3.56246428960609,3.12122840530601,-0.0844461092294068,-0.502695184371335,-0.717623506621247,0.237940230966913,-0.0254167361016961
"391",0.552005135429973,-1.395100851515,-0.944993232765873,-1.52385895699327,-1.17180738730461,-1.02181135348266,0.376981655614797,-0.124858208259156,0.47630980853911,0.370290011637802
"392",0.540326139131791,0.690300360128507,0.152734950561872,-0.625702385966775,0.401242781823866,0.369456535596128,0.427933031414648,0.415871900502848,0.750774685898073,-0.0345827153579174
"393",-0.670230935155869,0.954322351775354,-0.142278504430587,-0.954245776834996,-0.679647827963849,0.688785598732928,1.0052498568903,1.09276641828241,0.488839789409669,1.28306373787998
"394",1.13344380497671,1.17532414540055,1.45760271740073,0.97987414905094,1.64463370399329,-1.53672958836961,-1.02559471597563,-0.100743324674497,1.47591472665935,-0.758371466696598
"395",-0.907116663258683,-1.97983125971414,-0.369739171723726,-1.2398324958556,-1.45685598142275,-0.612280792023302,-1.60256836990444,-0.714734789781419,-2.3824280897422,-2.07320300971636
"396",0.344374939274151,0.0299215582276941,0.688810619739104,0.643480566419414,-0.261564390733703,0.473058075762148,-0.992336720253798,-1.33252359277975,-0.57798107418681,-1.55869160932047
"397",0.544818338636693,2.00473685268367,2.4636553513185,0.607789289432095,3.0989148941388,1.745945928688,1.48327198981247,1.00519547191792,1.70121344969969,1.28352540526191
"398",0.390805507540335,0.811544472131018,0.931262985203547,2.54410519520531,0.902346440645977,-0.796608830054674,0.428635360879559,0.533211715320018,1.17712215211228,0.403491502537597
"399",1.2988125809976,0.706278926863323,1.25704527319452,1.48903265219088,1.21579885805134,-0.757324448345215,-1.18111123914328,-1.38679709631298,-0.422712476658179,-1.10323555394932
"400",-1.56452586797606,-0.270497238138653,0.447763950244462,0.365179598371139,0.387980857462982,0.159007231739478,-0.922131501594611,-0.751221249451227,-1.38956596108368,0.47393770585027
"401",-0.348180804561519,0.71049446159782,-0.516417016254966,0.667618526757395,-0.213124506259454,0.567103305725341,-0.753724836817584,-1.25414737281203,-0.874347906744589,-0.608831820190363
"402",0.631386904763604,0.373012093325853,1.39157475130663,-0.0710903847043745,0.052928092722054,0.17304830084669,-0.355022212989718,-0.709229546197557,0.00495276354999127,-0.0225478498704358
"403",-1.27457796201798,-0.294409651420015,0.0822441559083825,-0.788103174778203,0.306825043451978,-0.773862462063853,-0.191611094750521,-1.11787830147081,-2.24360831111117,-0.433431298989108
"404",1.41211635787378,0.211879426691517,-0.386912487043108,0.375463197208925,0.835100026559431,-0.469695883068703,0.407055531873737,0.155123103575501,-0.565771866013455,-1.39767587071711
"405",-0.260831250565427,-0.552479641961869,0.602775123442692,-0.746107328157242,-0.479475999347529,-0.115570809492036,-0.532919365435777,-0.165212698004839,0.910533711327997,1.02610078325492
"406",0.792091840224879,0.0197018210543007,1.42018822565828,0.777008298377603,0.261013976435572,0.114170063747277,0.767809738447245,0.370362286190958,-0.459199830542313,0.00737954464409921
"407",-1.24351460971686,-1.36432888700425,0.334448527386199,-2.22361793298455,-1.16686058434887,-0.672107217742504,-0.324648906598043,-0.227497142940377,-1.42035517209472,-0.851201079146867
"408",-1.76946953970129,0.289035340053604,-1.43281310954799,-0.780170245968827,-0.291695141126891,-0.49142536418602,-0.919965143143346,-1.1244126736449,1.23312173032358,-1.97217541437211
"409",-0.278017036794027,0.369480181806759,-1.09879807229779,0.931413524615414,0.788210381683722,-0.458708864736841,0.341747361204725,0.288249672272403,1.09115509207006,0.406120393679532
"410",-1.89054952547857,-2.40529040226328,-1.01777855865884,-2.96789728352478,-2.96204991349976,0.0924958995802682,-0.404883942117474,-0.745174592421888,-0.676985220877051,-0.92801824749029
"411",-0.1041973502266,0.053360535647566,0.338259152837073,0.243361479439757,0.138962318263371,-1.17535079724443,-0.255978643974635,-0.92747548610342,-0.936453330415635,0.241004347302247
"412",0.865642032060772,1.6132138283578,-0.418327480199063,1.1732579688949,1.31668683109044,2.75309998118705,3.01573524409337,2.97692394766582,2.8241373790944,1.70185775637065
"413",0.114543515622076,0.903165701771598,-0.555288073752432,-1.42579550089067,-0.40719532962213,0.715852640917667,-0.149105998157149,0.367357706770008,0.962980425235148,-1.31177928843425
"414",-2.28134987936032,-0.537075370206403,0.10899452366112,-0.318788145253419,-0.925299618242771,-0.984253141254103,-0.256118981054251,-1.17856002667117,-1.1474456476708,-0.433803284631012
"415",0.749521190477397,0.149733854257655,0.00550351717180178,1.03147061416424,0.644547293625234,-1.33028524678417,-0.543155729933494,-0.166533733021282,-0.923637124578851,0.793995317316768
"416",1.10749912762988,1.20079097343305,0.746910371603237,1.02057534936474,1.16993434174432,0.131753830601226,0.0751668435411261,-0.0244900658357395,0.127877555501797,-0.343709162331048
"417",0.53942086252949,1.27048217350542,0.167900592411674,-0.700897172456759,0.932985450313949,-0.321420314958966,0.516518963114795,1.11941069506536,0.634544368043085,1.26417725277855
"418",0.358819485378933,-0.399352964488806,0.773833380971909,-0.566666826100303,-0.477670730194621,-1.00032459247601,-1.0500534577224,-1.49850635051992,-0.433524505538628,-1.90406532047135
"419",-0.211888649138822,0.77244680884341,0.304776107794983,-0.44716335500158,0.646436769375206,-1.4328326638785,-0.699669308851777,-0.698655272200615,0.557472107036095,-1.06525652483875
"420",-1.16716837052415,-1.31855827045447,-1.33024852958972,-1.8955048885475,-1.86999888343536,0.180963978180173,-1.48685713902408,-1.54345452384428,-1.23603503503579,-1.11347436958176
"421",1.00157733145461,0.282600226750651,-0.951622545949791,0.599168962131337,1.0469336954879,0.650887629915084,-0.398060425824006,-0.300223700237743,-2.07068455184572,-0.326099371981332
"422",0.2560226068529,-0.41132353671612,0.773183948032505,0.303007182332412,0.174306899730741,-0.0367073555910897,1.85796926567199,1.14341648356794,1.04170227698252,0.636231271715475
"423",0.528342083915709,0.529189496781877,0.198483934238889,0.628033687019648,0.40396465004699,-0.393443474356311,-0.0836969430662675,-0.237807574571809,0.314848005417848,0.799832435897972
"424",0.914486693488992,1.16629709443072,1.09882122257108,0.38469503346415,1.27966050812997,0.684788036695387,0.784485345151427,0.388821081660996,0.521491794330549,0.139727357819158
"425",-1.29994503270133,-0.598489709513194,-0.585128530802661,-0.437283735338569,-1.36984766369938,-0.98630351015569,0.538942604134158,0.577502481370076,-1.09713443646545,-0.13631221555816
"426",-0.783160739533971,-1.58998239662208,-1.04914179646486,-0.308032990445023,-1.08855011033936,-0.660004476357672,-0.823022408767157,-1.04040511661599,0.29172910659508,-1.19864383193751
"427",0.829017848629175,-0.170745685800422,-0.473308437366698,-0.00628929941533323,0.36735538358333,0.979203974066698,0.650887149174349,0.433459528699499,-0.163061131265221,0.813027303125643
"428",0.705379816996229,-0.905940843269443,0.667781118904109,-0.686137092960314,0.0818132310272383,0.199935984600725,0.0767867819625584,0.732988324555848,0.499478794567016,1.00212184585921
"429",0.783821313986254,0.298769242443978,0.0847295281060221,0.856947726809714,0.508641224433706,-0.406609164029689,-0.1329023844269,0.526100508222333,1.10158994523832,0.50731774792879
"430",-0.403569437883022,-0.519207730346252,-0.621472306086852,0.264657008983253,-0.362582886530665,-1.06702067371076,-1.61240656260812,-1.49323794365105,-1.68525426255458,-0.627744071365918
"431",-0.892139710234906,-1.07101929967527,0.400384423024347,0.546695841849168,-0.507989343758614,-0.975531105380847,-1.84941577913667,-0.894686097357086,-2.2281771292641,-1.47510868098995
"432",-0.736093805007353,-1.26222009068266,-0.181757542497952,-0.705448459988866,1.13458372973768,0.652520511881999,-1.71277396707892,-0.81890076563153,-0.247744685501259,-1.8673496958693
"433",0.39163316742051,0.938155691313838,-1.37419776737352,-0.342104589039264,-0.31139098681275,-1.25616208518759,-1.71799275998392,-0.948080977924086,0.130418932785444,-1.31709285408863
"434",-0.307716436925279,-0.273066768093079,-1.68721427046897,0.180049007852473,-0.3558940829777,0.888755218227316,0.185141028162623,-0.528414283404432,0.518368443652388,-0.380886883881037
"435",1.88905146785635,0.998137004371446,1.59831821460801,0.417674438609015,-0.215966622901145,0.627853499556171,0.526220377462123,-0.00906478896505691,-0.0550927643534937,-0.0835593874160936
"436",-1.51316319033318,0.233371131315578,-0.16603751169292,1.15101473426746,-1.04449915317147,-1.68992659332359,-1.07317529508957,-1.48198202148113,-0.577098207687867,-1.12024325332548
"437",-1.60660409328759,-3.2135174306013,-2.61329764777607,-2.14324144810771,-1.55742737671657,-2.3218180904824,-2.54643949246593,-2.05026711552411,-0.841169396455746,-1.9625943358096
"438",-0.381105490280343,-0.474078850652035,0.196053217264136,-0.722393259895321,-0.282761381812098,0.860246493536392,0.00931144815814247,0.530823079118322,0.718900532271559,0.617009133855504
"439",0.259856421096277,-0.691512045116566,1.75310064367147,0.124012079396333,0.715972493176628,1.21644678127305,1.30491066486184,1.97542632298085,0.713426628219576,2.703001556348
"440",-0.512821614783858,-0.636043392406225,-0.781965418227544,0.140423076534015,-0.750875585625383,-1.5952167595346,-0.714474194292273,-0.275758907471066,-0.286732132012736,-0.970024676720914
"441",-0.55862546041803,-1.03260718661578,-1.06006184533391,-1.73880472220989,-2.11634003185161,-1.60950707770216,-0.200672493283383,-1.23188002063051,0.0459693873968223,-0.804085836229944
"442",-0.225241863070335,0.875447751141338,0.749588617874578,0.472038901459975,0.949296794608786,0.170079880924681,0.692404181402682,0.366905975805551,-0.608946855059626,-0.444748288151988
"443",0.0163904297209292,0.0285837794913835,-0.873359526139698,-0.566917605714157,0.727805278407944,-0.239668326103658,-1.00022180458064,-1.60988865059805,-0.449159256445956,-0.286884726494693
"444",-0.424955056720331,-1.1594392620146,-0.659118995248399,-1.84660607501121,-1.62840130111735,0.0577314670456821,0.319457056193806,0.408452391358263,-0.564888489924834,0.407067984898782
"445",0.911131266001634,0.763298731026916,0.394222005170162,-0.528417982184326,0.0309310867842769,1.41897030986827,0.468358555581783,0.638219849986025,-1.8878398644986,0.477613496934038
"446",1.68446593631061,1.67969379631342,1.79388576646952,1.80938163134987,1.97817708361863,-0.573290677302268,1.82205471700928,1.14491861670107,0.764191835820372,0.567044363798639
"447",-0.967617172663244,-0.475058011640901,0.270958754739926,0.224402066713786,0.198839863326765,0.523557408640684,0.109375579821276,0.371458558524188,0.0947701316352384,-0.184616463481745
"448",-0.803408479343927,-0.659600260874488,0.267396980795435,0.0413755334123263,0.301235815857231,-1.2927714950899,0.545831839490103,0.555602715080502,0.860651717470799,0.21340390813682
"449",-1.43277650591334,-2.33494669079615,-1.64962898580115,-0.144844721665268,-1.2280313067114,0.564194418060894,1.17227897848169,0.450620690202088,-0.422715045399952,0.900581148534039
"450",0.00417567755205163,1.12849561550109,0.648595231426415,0.52283016764959,-0.167408713054268,-1.06837727067116,-0.803713750980164,-1.44526870248906,-0.624760826050062,-2.24559429134938
