item1,item2,item3,item4,item5,item6,item7,item8,item9,item10
-0.967598366,-0.685504304,-0.341773762,0.6001866,-1.063811197,-0.835442182,-0.403118317,-0.701868063,-0.612515625,-0.19013948
0.274573469,-0.327350012,-0.016575067,-1.076607891,-1.453712034,1.134969469,0.46899904,0.676400991,0.409580852,0.798570791
0.255132147,0.826496592,-0.30772456,-1.149805577,1.380413199,0.692956833,0.566101663,-0.309426612,-1.270246145,0.234768607
1.725037295,1.666835797,-0.381034617,1.125943895,1.390782482,1.608350351,1.506541872,1.324619852,1.613788053,2.099732496
-0.464468663,-0.583665389,-0.507207842,-1.339331562,-0.62485036,-2.11688952,-1.487543514,-1.427074557,-1.572683834,-0.380013764
-0.500672076,-1.107561122,-0.309690288,-1.387163369,-0.612346541,0.33390011,0.077041581,0.000773022,-0.032353444,0.954654143
1.181671079,1.497643262,0.581115153,0.594010961,0.523857972,-0.003367311,0.577642154,0.752469931,-0.051298487,-0.338220021
-0.352237237,-1.98606832,-0.896621012,-1.233209816,-2.022897176,-0.128432053,-0.544551693,-0.750175435,0.106588137,-0.849549235
2.356808731,1.943404321,3.37784366,0.930089294,2.346868049,0.93207535,0.818160446,1.195021773,1.677300974,1.928422476
-1.737853445,-0.144142042,-0.957920513,-0.130138783,0.488225348,0.58789059,0.825524466,0.704977462,0.880948755,0.036085133
0.082441138,-1.492025937,-0.082054413,1.135390377,-0.020440554,1.101530664,2.244496417,2.026916004,1.480540482,0.858199609
-0.913166764,-1.847351661,-0.780729712,-0.318575567,-1.148239071,-0.549310698,-0.237742467,-0.858105699,-1.600979396,0.357814224
-1.889765032,-1.970287253,-2.558540014,-2.369438472,-2.717014442,-0.070345943,-0.262785982,-0.481156473,-0.331888708,-0.017153324
-1.46707744,0.400915059,-0.629643271,0.178990885,0.509818867,0.873334512,0.420475273,0.571630103,-0.109316639,0.597043201
-0.399271811,-1.842983113,-1.109607705,-0.143819574,-0.589412088,-0.924735639,-0.688871346,-0.740917982,0.626167164,-1.369268168
0.412872323,-0.414294158,0.234148197,0.506810145,-0.601720741,-0.617011235,-0.110965741,-0.383351642,0.443981685,-0.28417242
-0.641869125,0.540786333,0.553590449,0.106657368,-0.488852892,0.517543647,-0.656529573,-0.772946744,-0.232047948,0.607564694
-0.240954381,0.171928331,0.245438195,-0.741563237,-0.924957532,0.117140217,-0.095553931,0.461223352,-0.328987581,-1.01193804
-1.661821392,-0.766219351,-0.046840697,-1.14764846,-0.620325639,0.855213446,0.171601456,-0.907233818,0.006070833,-0.058450764
-0.414365169,1.236244181,-0.843823034,0.161073824,0.711420323,-0.605679901,0.159255159,-0.792500679,1.080741586,-0.427165061
0.916468106,1.04952889,1.281599542,2.28801519,1.617465721,1.7869082,2.452800565,1.161393988,1.705512448,1.434808721
0.999087981,1.371282041,0.833577402,1.578922194,0.736484679,0.947849783,0.941108962,1.3481953,0.588734226,-0.211889901
1.091734831,0.933524661,-0.426265058,1.377535994,0.403406154,-0.914412249,-0.214842577,-0.108076975,-0.415504157,-0.429543806
1.060187791,0.073766418,1.576277174,0.728961555,0.311090401,0.319256719,1.148880275,1.101529793,2.390978815,1.169333686
1.593742937,1.334681787,1.189267893,1.930729348,1.427777298,1.156137034,0.575244573,1.088265093,1.041541915,0.606253204
2.332349201,1.557124286,1.19987572,1.009149126,0.796290196,-0.788143264,0.765026408,-0.257189195,-1.372018623,0.311879619
1.641004024,-0.529785324,-0.337206372,-0.099654349,-0.484698332,-1.127975813,0.942442188,0.022631261,0.821406097,1.31413689
0.834710063,0.501380054,0.840575514,1.537363675,1.316080454,-0.655551427,-0.220518492,0.506165326,-2.143468002,0.097103057
0.267927266,0.520871103,-0.476163768,-0.174952862,0.869492035,0.453142667,-0.335359483,0.2201963,0.290909657,-1.344794433
1.332729924,-0.562863458,-1.562125867,-0.828547265,-0.416256714,-0.115255578,0.302221824,-0.892742975,-0.528820947,-1.472540496
-0.321254378,-1.023738199,-1.850865778,-0.157384153,-1.579715623,1.204005684,0.546055722,1.749291422,0.618644756,2.13707326
-0.204588143,-0.188913188,-0.575965493,0.357835096,0.647883426,0.42629191,0.941644935,0.664440027,2.079140849,-0.331982942
-0.339427939,0.526250009,0.401894361,-0.849712085,0.075569347,0.067564325,0.151720331,-0.167530422,-0.536058754,1.460765765
0.808743928,1.030335572,2.105073028,0.442603283,0.537252246,-1.285163828,0.01696103,-0.475273222,-0.204598407,-0.051048892
1.093689628,-0.319499589,-0.491070523,-0.733964961,-0.522629716,-1.189508314,-2.404786959,-2.338311629,-1.695423349,-0.629791385
1.196987639,1.765004417,0.715154794,0.109225244,0.766298009,1.635217184,1.466851729,1.053466585,0.167440884,0.173949264
0.305970232,-0.143072618,0.212504297,-0.629667126,-0.346508763,0.087651332,-1.286093688,-0.139516068,1.272892909,-0.592688003
0.77947303,-0.267625716,0.273969307,-0.172282953,-0.072160029,-0.697090131,-0.129305363,-0.944665265,0.001289972,-0.996074549
-0.375829209,-0.094884956,-1.165625156,-0.324619879,-1.631161761,0.517081446,-0.170490447,0.527747392,-0.420219108,0.841265309
-0.81000263,0.192948769,-0.15536768,0.227276312,-0.543140129,-0.780262896,-0.181216418,0.478047225,0.620200468,-0.342441174
-0.941881542,-0.341267639,-0.584992631,-0.659295821,-0.458381514,-0.361134757,-0.164528711,-0.512638166,-0.596408019,-0.797714272
-0.63197611,0.044810288,-1.306083977,-1.104073366,-0.516421882,-1.195029879,-0.689245336,-1.274750163,-0.220505408,-0.315752002
-1.50008436,0.465119192,0.185404519,-0.403769961,-1.156074198,0.154563591,1.733797383,1.889488031,0.955483478,2.759878916
-1.401854905,-0.943848448,-2.014142168,-1.473413789,-1.950996846,0.575863117,1.245721351,1.563965334,0.315246898,-0.054908078
-0.626497297,1.467638608,1.56810793,0.936547253,1.213201354,0.73436938,1.184589454,0.539439912,1.960652979,0.363260731
-0.106446183,-0.031848722,0.712135395,-1.5814253,-1.075136987,-0.546538097,1.60337949,0.64626049,1.095200664,0.17739705
0.240515152,-0.28793994,-0.946014679,0.952344113,-0.013262032,1.004900884,0.984090792,0.851266535,1.134429464,0.060478822
-0.258569526,-0.907447997,-0.175499695,-0.717895711,-0.3513299,-0.633364273,0.553054883,-0.54710323,0.998936421,-0.070118205
0.459360444,0.125751826,0.172508654,-0.004901848,0.037757044,0.318754705,0.157878016,0.458728385,-0.062070078,0.478652422
-0.983731015,-1.544487407,0.006109693,-0.215617077,-1.135452397,-0.333851763,0.620809229,0.554953854,0.184806444,-1.429665433
-0.055501819,-1.630065151,-2.681722716,-2.404933564,-2.075660523,-1.248346335,-1.46113082,-1.276880752,-1.058516128,-0.766246019
1.622433541,-1.252543538,-0.48204291,0.332763468,0.025251321,0.912053016,-0.572692291,-0.058255665,0.17755865,0.941600745
-0.111179751,0.838341937,0.582040598,-0.115241661,0.715437746,1.667007771,1.928954662,0.923395766,1.266757987,0.843924227
0.915098958,1.176387417,0.698474155,1.041964975,1.856474008,-0.131484998,0.037990958,-0.451509869,0.223220624,0.072016767
0.849306222,0.947150139,-0.740628674,0.635118897,0.429125842,1.070960426,1.359405686,0.9204528,0.925397121,-0.471967564
-0.721831123,0.088497385,-2.510229079,-0.353438318,-1.217466526,-0.343489684,-0.757279981,-0.55729397,-0.290848809,-2.101813186
0.972731155,0.092493913,0.701428039,1.246087371,1.775694476,1.074311687,0.968352016,1.081879316,0.605917943,1.551134253
0.733882246,1.241743798,-0.31036157,-0.470154685,-0.834203819,-0.594776696,-0.253689407,-0.102862727,0.144656613,-0.324360989
2.223767223,1.473908994,1.335725889,0.738266935,0.968701001,0.489459477,0.503473516,1.111669325,-0.516512284,-0.695127462
0.353641524,-0.349423891,-0.529583557,1.019954622,-0.509736443,0.119565113,-0.312052466,0.17875448,0.393694673,-0.298436282
-0.150968212,-0.686086665,0.02266005,0.121942197,-0.335129725,0.629655357,1.001406839,0.969782263,-0.949860404,1.895904248
-0.380404468,-0.042417923,-0.161790759,1.959994309,-0.12760683,2.023963715,0.99525975,1.483354541,1.615416112,1.480774012
0.111391176,1.340127152,1.126826805,0.604981322,0.764838956,3.151573122,2.339212432,2.235911196,0.057051131,1.691901862
-0.960378983,-1.24854119,-0.611474966,-0.98902311,-0.896715019,-0.690257808,-1.019510457,-0.992004755,-1.540936854,-1.311418689
-1.681916528,-1.351495987,-0.142194905,-1.129265842,-0.153941257,1.828494136,-1.056795217,-0.226354188,0.091049635,0.953749788
1.607755441,1.072755194,1.526407898,1.866663634,2.183523343,0.437244218,1.277634414,1.036422495,0.524851375,0.986804249
0.748022633,0.47795401,1.599553621,0.950908856,0.936472352,-1.016817522,0.01213184,-0.452362725,-0.035717656,-0.709036032
0.45547135,0.192316856,0.429159348,0.893320971,0.792912259,0.885064502,0.760542815,0.288716927,0.484760901,0.872546227
0.254762946,-0.494531915,-1.013653092,-1.227714891,-0.11856515,-0.167178331,-0.15543753,-0.122978757,-0.469630678,1.672254547
-0.300409087,-0.814053799,-2.646261514,-0.967048918,-1.214030467,-1.318766229,-0.762637071,-0.775561559,-0.996018327,0.540594754
0.071412368,1.556271618,-1.500189887,1.25513675,-0.638154438,0.240593677,-0.357151625,-0.214665906,0.186383846,-1.17399129
0.186531135,-0.144862819,-0.250153868,0.716279499,0.05504242,1.374092917,1.70221738,1.46638562,0.889555332,0.938395163
0.469684324,0.299791698,1.216417683,1.22930978,0.789783128,0.004186123,-0.651995405,-0.895588501,-0.750439475,-1.165874691
-0.975163829,1.073835955,1.650109639,-0.503869729,0.222065332,0.93103271,2.410381017,1.909994156,0.105415075,1.22613302
-0.268796704,-0.878451985,-0.400341577,0.909100314,-0.256898346,-0.67723012,0.281824343,0.282591875,0.203765725,1.125753311
0.122515508,-0.665610983,0.485463492,0.728357728,0.070510477,-1.256920375,-0.621090622,-0.221795818,-0.517657537,0.267098859
0.907683334,-0.327350402,-0.38778567,1.16486785,-0.308844069,-1.396080972,-0.182619297,-1.372082663,-0.353715589,-0.781195564
-0.83148484,-0.621307269,0.288386583,0.168790543,0.799709925,-0.33061251,-0.980469666,-1.107506616,-1.431749301,0.835842079
-0.168850684,-0.302521768,-0.719845182,-1.239658746,-1.87013361,-0.97456294,-0.301401817,-0.02548877,-0.484370163,0.795788488
1.892305135,0.303972776,0.454671377,0.140371467,0.277967155,-0.481956512,0.256432732,-0.107968825,0.500422951,0.091221769
0.830931461,-1.695535879,-1.692338194,-0.439914096,-1.360797028,1.043059353,0.698217174,-0.425102636,-0.924917833,1.120461913
-0.07198682,0.472457858,-0.380550235,-0.77096177,0.785841228,-0.834654189,-1.102941271,-1.734636024,-1.996785616,-0.139651
-0.361836348,0.268433261,-0.249533705,-0.282713666,-0.87150423,0.687619027,-0.422460058,-0.822721661,0.747340037,-1.251379185
0.591387024,0.423698717,0.605840379,-0.176244207,0.210142651,2.290250504,1.399765188,1.704333343,1.238190077,0.979591902
-1.460599604,-2.089059175,-2.339069175,0.827137569,0.324647817,0.492143476,-0.52503718,-0.658642288,-0.875276895,-0.741402682
-1.41505317,-1.245652154,-1.683715718,-1.828522764,-2.437063541,0.397619154,-2.234521369,-1.4934821,-1.802562387,0.254716744
-0.619757161,-0.152204544,1.69911898,-0.651708748,0.247062462,0.689502409,0.98494472,0.74288109,0.049572542,0.600185798
1.502191511,1.818417518,2.968646102,2.920164378,3.823785943,0.357133596,1.464085615,1.090811452,0.51636204,0.757098686
-1.880094392,-1.604494881,-1.094539637,-1.897772054,-2.034521206,-0.825942618,-0.679825188,-1.531415171,-0.102477562,-1.4542848
-0.352454577,0.439624639,0.237161544,-0.608382076,-0.201381503,0.471119923,0.419784545,0.252612071,0.08379683,0.468831331
-0.629698883,0.787589663,0.149596951,-0.328018715,-0.432274139,-0.298283616,-1.339462365,-1.579489746,-2.223729591,-1.799865033
1.10043002,1.108499447,2.424254968,0.212632551,0.768309413,-0.781378263,1.154200717,0.674073374,0.744299468,0.0830611
-0.806982092,0.150525497,-1.289836786,-0.67274698,-0.796910253,0.794219414,-1.038481408,-1.409850046,-1.086610769,-0.283848968
-0.238999342,-0.34569413,0.017911112,0.861799676,0.50415749,-1.111258467,-2.845938931,-1.879939497,-1.119593258,-2.041869718
0.295008675,0.943410786,-0.48468632,-1.58515086,-0.730961423,-0.717384315,-0.907566035,-1.746452423,-0.322362229,-0.035916316
2.154952446,0.147911774,0.414778038,2.46821315,0.543924835,-0.141555614,0.784026531,0.471843151,1.139474636,1.226543394
-0.232170237,0.970098553,0.294966282,-0.064855202,0.365108395,-1.150985933,-0.130900171,-0.007070059,-0.442758199,-1.243694447
1.151388944,0.379421875,0.135081424,0.730243142,2.68621103,-0.804874942,0.058224458,1.115936964,-0.177629727,-0.090438165
0.85138897,-0.354279028,-1.22843901,0.663213329,-0.507525113,0.021704288,0.79796907,0.750887467,1.08558003,0.666545445
1.020588309,2.853946429,1.155381859,2.173181973,2.902812322,0.217691535,1.463221164,2.018699524,3.185412909,-0.191930896
-0.100675247,0.658089518,0.508324364,-0.05956724,0.973523142,0.696807719,0.786387655,-0.157156973,0.230180457,0.3987708
-0.885497013,-0.988901346,1.29247655,0.843774373,1.392900413,-0.904101601,0.213049673,0.746980072,0.558560669,0.355509566
-1.100946967,-1.07117374,-0.134984962,-0.162120198,-0.212945656,-0.853828974,-0.389961794,-0.152019935,0.380011248,-0.220402263
-0.230207211,0.438096868,0.736047214,-0.258062129,0.648479533,-0.95711301,-0.971584678,-0.976145316,0.59446179,0.981784028
1.015519289,0.431996638,1.457231077,1.627041444,1.190960264,1.395150056,1.289676223,0.806293684,-1.419431189,1.735564238
-0.000739456,1.23528039,-0.647837886,-0.131390843,-0.465444999,-0.284230009,-0.652756661,0.175622222,1.82773322,-0.436871529
-0.445250327,-0.329024835,-1.205355887,1.049883092,-1.488454089,0.968005939,0.933793455,0.711611778,-0.144876977,1.471557849
0.364382232,0.676721449,-1.146521326,0.24459011,0.428039033,2.164622909,-0.18224085,0.457844523,0.409413363,-0.739848415
-0.276072303,-1.019131395,-0.465331628,-0.407722587,-0.869027738,2.482002739,1.339930325,1.209753357,1.444735652,0.955543432
-0.542429946,-1.177622778,-0.913169233,0.765220383,-1.555605944,-0.045602389,-0.24054641,0.244134007,-0.539154297,2.148286193
-0.811180399,-0.865118506,-1.433917941,-0.348438542,-0.466914888,-0.49974636,-0.008136972,-0.495771404,-0.302811301,-0.753119222
0.967557564,0.002787473,-0.729448779,0.306699245,0.848195154,1.046804719,-0.518962911,-0.241779926,-0.765542817,-0.187943741
0.713984132,0.162483269,2.130771183,-0.567723248,-0.816740958,-0.856509926,-0.927990263,-1.424404325,-0.412042567,-0.600047709
-1.029198936,-0.509258662,-0.397906475,-1.085266555,-0.772416318,0.440849304,0.160303273,1.156673592,-1.047808134,0.278925673
-0.000851258,-1.196100886,1.006985536,0.775964328,0.094017186,-0.380839916,-0.924329047,-1.02288545,0.055863182,-0.941489074
0.52683113,0.708074065,1.583786015,0.559250927,1.571529201,-0.814605651,0.309876587,-0.288441769,0.68612796,-0.483702063
-1.225642797,-0.538961137,0.632605941,-0.908158975,-0.751351901,0.457550512,0.498541848,0.835104526,0.382246621,0.809823866
0.461310334,0.120075146,-0.712073924,0.186448333,0.346326733,-0.436655073,-0.583862733,0.212026608,-0.436416723,-1.121876784
0.285394196,0.346325814,-0.036462581,-0.113998128,-1.438806582,0.395995887,1.065766405,-0.106041476,-0.782345725,-0.950312448
-0.943645105,1.44640984,0.307393086,-1.046825487,0.598775999,0.700110697,0.301505391,0.304537493,-0.637069649,0.323654443
1.385670267,1.022889965,-0.264068191,1.04188233,1.172269115,1.011666222,1.073978423,1.212855101,1.589880295,-0.158651606
-1.024164454,-0.904516288,-2.091017558,-1.932557085,-1.810393659,-0.168245625,-0.455915357,-0.202058699,-2.467917719,0.618727356
-1.302338273,-0.986412164,-2.458335477,-1.181585631,-1.643623516,-1.159781236,0.601851144,0.156941213,0.536213414,-0.013310355
2.182785839,2.828637432,-1.100555552,0.408020378,2.853569842,0.161859876,1.664515467,1.840370028,1.593710143,-0.249781871
0.202323439,-0.027515432,-0.323683425,-0.12347077,-0.0346308,-1.446714949,-1.850625015,-1.203423927,-0.857169154,-0.529924669
1.387102193,1.479715938,-0.176246039,2.054382852,0.774931935,0.503633444,0.41988102,0.234204384,0.13138698,0.760401788
-1.286821294,-0.44486151,-0.677390235,0.149090189,-0.001549818,1.487882358,1.548983269,1.504144567,0.481842366,0.074175565
-0.034593861,-1.320378429,-0.634667432,-2.157004738,-0.125730684,0.397189001,0.050662906,0.124299273,-0.649011847,0.032339395
-0.378036092,0.568071592,-0.496980552,-0.269808276,0.022771907,-0.352804005,0.57614013,0.408770712,0.961543317,0.199376827
-0.025005606,0.000423226,0.186872514,-1.286388556,-0.465173991,-0.774203211,-0.160703068,0.380543767,0.069462153,-0.712497462
0.761466229,-0.33093612,-0.88015514,-0.546824026,-0.882014586,-0.693032301,-1.357421162,-0.757187832,-1.532824746,0.159575989
0.601988122,0.080551304,-0.250683199,1.110965522,0.078993407,0.02910948,0.930268285,0.633206884,1.172259539,-0.449636993
0.430693965,-0.425352627,-0.079948349,-0.025539894,-0.160832101,-0.551352905,-0.649370222,-0.38345741,-2.461316358,-1.089830631
0.640805218,-1.492316666,-0.93789024,-0.536265032,-0.312831059,0.621647879,-0.609203266,-0.819291458,0.422917887,-0.90204785
0.226021323,0.804610302,-0.661290134,-0.597913036,-0.108909554,0.521786728,-0.313133665,-0.248187794,-1.571855443,-1.042667962
1.633365855,0.850698514,0.236957431,-0.015305872,-0.297121968,0.554538481,-0.944345669,-0.979935265,0.438783282,0.145483609
-1.280928781,-0.256302413,-0.733107819,-0.01585643,-0.208366117,-1.129616174,-0.694877168,-0.423739418,-1.477440817,-0.59671045
1.152574502,0.202715405,0.996849763,0.089609952,0.280281522,2.061047656,0.973020864,2.14937948,0.860941108,2.056451334
-0.15509017,-1.150199809,-0.917529001,-1.401730881,-0.334563054,-0.834449587,0.800578844,0.52147058,-0.949767517,-0.912597926
-0.049155757,0.373545807,0.604689097,1.142586052,-0.514299616,-0.740688271,-1.093787905,-0.188174448,0.278863257,-0.339925469
1.483682119,0.333321286,0.143641601,0.458784502,1.263424883,0.181860173,0.335683799,0.237308816,-0.671689234,0.310745014
0.839136229,0.313716162,0.877279788,2.151966673,1.712825766,1.038543807,0.759021443,0.235302157,0.961100668,0.16388748
-0.659651892,-0.253269839,-0.538746077,0.512331774,0.816536861,0.530432015,0.346839704,1.363309224,1.631215916,1.397295058
0.754891429,1.809810663,1.370509452,0.081932091,0.125335203,0.159035504,-0.132661192,0.644286456,0.845695345,0.847917566
0.182559689,-1.43062917,-3.063853138,-0.702208694,0.153011449,-0.982810955,0.053993371,0.118354811,-1.068946467,-0.509863374
-0.117185923,0.883446536,0.767815952,1.086758386,0.514339837,1.630697029,1.939149606,1.841531204,1.26116916,2.677418019
0.755475484,-1.056620671,-2.430912811,0.459462954,-1.065763699,-0.181002243,-0.090939218,0.222431957,0.567638859,-0.294757418
1.347832224,1.009911265,2.714098096,1.605714575,1.008945601,0.543271191,2.227963956,1.09541033,1.577021422,0.54923076
0.086479733,-1.766614108,0.366351253,-0.00159789,-0.451688962,0.035278018,-1.196319905,-0.987655393,0.208007092,-1.624113545
-0.621838219,-0.079319406,1.152010528,-0.76272855,1.05273491,0.299295803,2.149219467,1.209859467,3.151894146,0.585543928
-0.372574213,-0.338076143,-0.436284074,2.361734623,-0.444484997,-0.425817215,-0.749676382,0.165817039,0.377089376,-0.471929769
-0.438992397,-0.627353271,0.63324948,-0.220682472,-0.637957774,-0.391458315,1.179549822,1.022181824,0.917044698,0.564840833
-0.242371073,0.025488536,-0.74968847,-0.516125757,0.375749309,0.507495247,1.272008077,0.908166997,1.631023798,2.536072646
-0.446332245,-1.823234161,-2.057732063,-1.171212188,-1.405232662,-0.246776348,-2.457059183,-2.3473304,-2.111781146,-2.356881215
-0.160094772,-1.183155277,0.368576645,-0.005643807,0.422341411,-0.154286171,0.847398138,0.189425268,-0.990300307,-0.388532716
0.066194523,-0.322160189,1.653410715,-0.19616907,0.762285875,-1.859032936,-0.884563697,-1.726172698,-1.321873495,-0.959769815
0.027210278,-0.256266108,0.405141514,0.831313049,-0.319455233,0.765157269,0.584169948,0.843490387,1.418238293,-0.479018982
0.588424142,0.442251745,1.673818412,0.734729985,-0.632433644,0.778019681,0.310318546,0.069963661,0.943236339,0.712737033
0.618634216,0.992106184,0.273991563,0.205072698,-0.321793495,-1.142836131,-1.204894898,-1.546178705,-1.16701797,0.208959815
-0.298595528,-0.143207617,0.749360029,-0.380768582,0.210331277,-1.367807111,-1.341929125,-1.225368342,-0.846217515,-1.279476494
1.363817794,1.005848921,-0.571843575,1.86737671,0.911401622,2.376973935,1.893599969,2.500540208,-0.339514899,1.717780637
0.96408141,-0.157315893,0.132313365,-0.57122563,-0.84695884,0.488589925,1.982834556,1.984182165,2.629069011,0.898997641
2.671003812,0.729354109,1.820512698,1.540181271,1.118378264,-0.763130957,0.090093262,-0.041900022,-0.629046532,-0.422891494
-0.511097675,-0.054583113,0.730212249,0.653524654,1.083504417,-0.647746187,-0.750026849,0.231703832,-0.420627595,0.672065793
0.817360394,0.182615599,0.69292751,0.425590443,1.251537797,-1.146022813,-0.001809552,-0.600820202,-1.586892566,-0.037261311
2.243906073,0.922733693,0.918897099,0.428282199,0.938712959,-0.1474583,-0.183751022,0.707841816,0.901238408,-0.18680025
-0.761840862,-0.794786681,-1.23753798,0.512731144,0.00654749,0.098276842,0.524770782,1.38383585,0.346850324,0.542433311
-2.246095896,-1.991080635,-1.2464197,-1.03017644,-2.81649229,0.862319199,-0.413835851,0.109111209,0.753559435,-1.085046197
-0.537757625,0.298795888,-0.10476549,-2.025704343,-1.243854613,-0.390901196,-0.696428407,0.02124417,-0.82194581,0.028524723
0.062377684,-1.738457141,0.476971785,-0.194061721,-2.567321148,0.917659515,-0.713790979,-0.573196093,-0.125737169,0.661933115
-0.107216387,1.63656427,1.102863089,1.137492787,0.058251686,-1.44742225,-0.765067013,-0.058946377,0.159368714,-1.606031885
0.559547557,0.210646739,0.711134987,0.088833679,0.118093897,0.84884689,0.11721932,-0.444363939,-9.25E-05,0.43319584
0.053723312,-0.783014539,-0.712259163,1.325229216,0.713384556,-0.341026987,-1.032306055,-1.234976903,-1.119510618,0.22134207
-0.252112227,0.236167681,0.587101633,0.384578337,0.888941835,0.551080228,0.491449602,0.865415179,0.967217936,1.004285241
-0.087005318,-0.210746012,-1.497388899,-1.876523799,-0.731091522,0.834741704,1.060827777,1.188321088,0.635737637,0.229301015
-1.367806027,-1.152409787,0.99828124,-0.785211163,-0.142950792,-0.095361195,0.021012393,-0.731412966,0.184321837,0.608494154
0.568669199,-0.694501307,-0.060459388,0.30510053,0.72304751,-1.609056096,-2.027863578,-1.843687671,-2.458180436,-0.811801989
-0.767902124,-1.17576132,-1.496364639,-1.365722081,-1.360470022,-1.048699315,-2.578321422,-1.326325239,-2.568116657,0.290146129
0.929256857,-0.006611306,0.103477061,0.884722714,0.264837552,0.902477039,0.809002019,0.725645374,0.292380554,0.399995202
-0.105564274,0.522496102,-0.627438906,0.33004873,0.421846151,0.036731992,-0.816859377,-0.964463419,-1.441590929,-0.205497984
-1.154502233,-1.502371846,-1.987321172,-1.198214251,-0.570008033,-0.998692644,-1.704574181,-0.82002264,-1.046919617,-1.064370396
0.105528297,-0.169891542,0.06721829,-1.122674001,-0.176572327,-0.11194275,-0.159685738,-0.153901635,1.695668312,-0.087951712
-1.426844524,-1.118878065,-1.53408337,-0.301130954,-1.20329701,-1.262747939,-1.205653434,-0.12440444,-0.006873351,-0.748166823
-0.644257223,0.50821677,1.252680364,1.548029119,0.866170872,0.335117134,-0.027722008,0.218903345,-0.919430214,-0.31893295
0.057597039,0.789556391,0.200486238,0.180880098,1.08879262,0.734530918,0.521865214,0.744978585,-0.307805942,0.597276197
-1.052044815,-1.655326043,-2.18850861,-0.027766803,-1.219695072,0.267729316,-1.645235685,-0.575259997,0.685586012,-0.668728606
0.677883871,-0.422635993,0.390986672,1.007046158,-0.090094122,-0.231199478,0.861803351,0.110816762,-0.246236262,0.043242397
-1.867350512,-1.586807408,-0.522323308,-1.139554954,-1.935149505,-1.096919208,-0.92415823,-0.945445864,-1.794176578,-1.238471487
0.974628808,0.687751247,0.473316958,0.864998796,0.074506229,0.856435464,1.012208693,0.500711963,0.630764806,1.627841044
-0.268220274,-1.022632872,0.205819161,-0.225900906,-0.490803078,0.113215469,0.304633775,0.352995296,1.303576236,1.657119859
0.835253393,-0.27654317,1.209603426,0.736610639,1.327548557,-1.462931671,-1.075914271,-2.063822559,-2.554739019,-0.750019486
-0.932829332,-0.612428082,-1.137759616,1.14155508,-1.131657788,0.867336636,0.699477897,1.117062184,1.152487524,0.217885173
0.361142178,0.197699137,1.581778604,0.916028831,-0.332353865,0.981605279,0.240935308,0.714043721,-0.307174209,1.782318451
0.294426285,0.803759703,-0.559807754,-1.010836228,0.315526987,-0.015211656,0.454150589,-0.39091518,0.260451653,0.252663848
0.05142038,-0.040524158,-0.791390496,-0.375434838,0.109269511,-1.13254225,-0.325794538,0.488417221,-0.190675617,-0.49866202
-1.699577256,-1.803292623,-1.227713589,-2.940952297,-1.985499179,-1.315777969,-0.501146399,-0.388845497,-0.584320396,-0.238763304
-1.275779563,-0.086457363,0.04695742,0.31236828,-1.108415319,2.268334787,1.260885857,0.849728092,1.006826397,-0.536084066
-0.269044969,0.527601231,0.447492139,0.700723089,-0.429825388,-0.421204097,-1.064586584,-0.243640593,0.24731766,0.367506617
0.303041967,0.722845902,-0.840865437,0.602022434,0.97798959,0.656305185,0.662080742,0.437675673,0.29780295,-0.104015902
0.416466191,-0.624854733,-0.348476941,0.154949715,-0.599854561,1.442763039,0.795963972,0.905706106,0.629874959,1.462347896
-0.359840741,0.942881275,0.509463702,0.415935,0.571737046,-0.95517587,-0.526707774,-0.806443264,0.905236284,-0.280657392
1.766393358,-0.17585392,0.611433886,0.737924841,0.140342397,-1.609353478,0.806149031,-0.134492435,-0.272488339,0.026470231
0.285029476,-0.009833432,0.207511608,0.159065526,0.71860951,1.215237645,1.454108567,1.491938786,1.452875349,0.373792868
-0.883477084,0.353907222,-0.177190949,-0.624601192,-0.351511111,1.78143978,0.170230978,0.749164123,-0.991174826,1.604718335
-1.024897522,-1.515331522,-0.77449941,-2.190330868,-0.464008825,-1.518407601,-1.768171932,-1.903251105,-1.247777493,-1.027402251
-0.092421438,1.388999665,0.131367047,0.750249735,1.579783169,1.463481053,0.672522259,1.104392189,-0.31867667,0.601505847
0.737124196,2.378291742,0.820468883,1.142605269,1.014162785,0.119857081,0.965380564,0.888797974,0.541294094,-0.104835547
0.345051198,-1.230049134,-0.615869695,-0.861549544,-1.08670614,-0.65990086,0.379894206,-0.461888474,0.43696977,-0.444397052
-0.657808196,1.189786948,0.468969064,-1.230870083,0.499962055,0.346008717,-0.736178086,-0.071193666,-1.268463084,-0.099067658
-2.321197602,-2.313854034,-1.613500638,-0.149571762,-1.838590547,-1.070059328,-0.950069588,-0.23003997,-1.002293844,-0.476640556
0.673948561,-0.131750404,1.690729843,0.107767954,1.501534033,-1.160048494,-0.220714067,-0.641181662,0.775085808,-1.690049796
0.361999815,1.654873941,-0.051235617,0.940140125,1.409571518,0.159722495,0.631980986,0.183432259,1.342722261,-0.607032854
0.991397879,1.042893309,0.296828299,0.462478557,0.586406976,0.535226579,1.016596795,0.088464784,0.01308144,-0.133637435
0.877400434,0.839411817,0.209979186,-0.37249212,0.274303578,0.571947189,-0.631796748,-0.980558531,-0.339875166,1.338881126
0.372822133,-0.201569136,-0.205909575,0.173993485,-0.775926495,1.339122502,0.773407951,0.533493059,0.808994871,0.559362438
-0.293463458,0.044080963,0.033409156,0.901305938,0.104512578,-0.680615035,-1.005411302,-0.996116329,-0.216120254,0.103432862
0.575666294,-1.757413379,-0.11865838,0.278209893,-0.700012216,-0.607544918,-0.965132801,-0.695524365,-0.320008594,-0.388454062
-0.545496169,-0.155391576,0.972770723,0.218538282,-0.574100167,1.285033094,1.055288949,1.187443715,-0.000300841,0.825315286
-1.929143951,-2.969242221,-0.764600479,-0.110992125,-2.07960987,-1.678548383,-1.164153145,-2.634670169,-1.166099138,-0.8594149
-0.877003439,0.588271516,-0.235692957,-0.971778727,-0.010205118,-0.381752326,0.09674673,-0.02510016,0.706273506,0.121003524
-0.08377391,-0.89210584,-0.05923252,-0.614490922,-0.158935021,-0.13848874,-0.620391729,0.47263348,0.197317093,1.299736858
-0.157651655,-1.56756884,0.927318772,-0.418563586,0.304376703,-1.216138019,-1.338905443,-0.6937725,1.012560051,-2.064345974
1.330207205,-1.061588304,-0.300596663,-1.357130588,0.083316261,0.616523458,0.591498319,1.15196261,0.87751892,1.620008707
-0.207669557,0.81389076,0.324346858,-0.539594909,0.7833429,0.50583686,-1.770237561,-1.157836485,0.216998172,-1.960347977
0.390202658,-0.150825944,0.96036612,-0.483204047,-0.158949589,0.710780383,0.106736798,0.456994189,0.206600238,1.616519748
0.719524952,-0.072350958,0.355593194,1.574019878,-0.043117499,0.382232584,-0.778870307,1.0363224,0.404260511,0.069765145
1.363858191,0.530089256,0.997536885,1.433717041,0.865443792,0.837928668,1.82723148,1.572060628,2.140147744,0.705815309
-1.696313,-1.394795905,-1.67205584,0.176765694,-1.459694891,0.505173226,-0.050364862,-0.72411981,0.342167894,0.631718643
-0.506672837,-0.722467219,-0.54768427,-1.430557975,-1.58899033,0.616547325,0.757606838,0.62562647,0.965681282,1.513665525
0.14531124,0.587260786,0.233273907,-0.775498229,0.616442066,-1.085430798,-0.255560982,-0.429635411,-0.345655798,-0.001344972
2.217571346,1.346157936,2.002770919,0.784689124,0.965294573,-0.067560756,0.57749089,0.324109849,-0.655508977,-0.28530784
-0.93375602,0.492195992,-0.183513313,-1.090387777,-0.865512482,0.987321624,-0.797559439,-0.918502456,0.116952376,-0.370398279
0.229095337,1.264555802,0.720657173,0.089949138,0.085432203,0.825441411,-0.686964866,-0.755655213,-0.5771347,0.097887757
-0.074979192,0.234582034,-0.087890905,0.885527464,-0.023325113,-0.512173688,1.130197737,0.482778078,0.604885047,-0.308237562
1.853122634,0.428065502,-0.453205033,0.499085278,0.396204905,-0.411636923,1.660813692,0.81533188,-0.255537217,0.414153494
2.947019067,2.656719166,1.403546154,1.433820291,2.163024522,0.841915858,0.982396867,0.784345509,1.964163082,1.122752973
0.777386291,-0.717972818,-0.873245708,0.39976223,-0.706050423,-0.097557424,0.402630379,-0.349973753,1.275108233,-0.115557848
-1.54278967,-1.091889318,-1.473110454,-0.224216984,-1.294971097,-0.994806227,-1.402413533,-0.971415264,-0.978609914,-0.831913744
-2.017189307,-2.455280095,-1.282259297,-2.46820936,-0.976808606,-1.24393541,-0.670166053,-0.020398887,-0.044242896,-0.831898698
-0.848849856,0.149552817,-0.502352732,-0.976018101,1.051721411,0.192023525,-1.102676797,-0.916072872,-0.724536851,-0.183854591
-0.878939551,-0.834896157,0.130421512,-1.424091783,0.449931593,-0.068038936,0.456919005,1.424427188,-0.051899205,0.242018912
-0.616177081,0.650233302,1.495833545,-0.283587983,-0.782471175,1.441568004,0.74916266,1.482460239,1.771533871,0.744485119
1.431214446,1.126952561,-0.299965284,0.869364604,2.150478651,-0.00818755,-0.090031371,-0.240947401,1.589222139,0.272927305
-0.027219473,0.97483933,-1.299096019,-0.480655705,-0.301116401,0.498952716,-0.453019882,-0.52206249,0.348659285,0.121730001
0.987774858,1.139488743,-0.026111596,1.971674991,0.029353415,0.948415057,1.29565441,1.433345247,-0.103572562,1.616048749
-0.644979772,0.162278129,-0.884892485,-0.981635987,0.592200586,0.974048744,0.164229548,-0.130332951,0.531628878,1.160481294
-2.387288685,-2.256313641,-0.591100348,-0.36376258,-1.803515764,-0.058444114,-0.805057943,0.009159226,-1.468684334,-0.123557829
-0.253486075,-0.983768397,0.19310161,-1.128867884,-1.467320817,0.966394341,0.751328948,0.475328178,-0.232584601,0.898980078
-0.663824998,-0.993865376,-1.387397652,-1.625617277,-0.981140354,-2.0507571,-2.368685912,-1.71852118,-1.707318796,0.310411034
-1.490838942,0.60188757,-0.118074696,-1.850858087,-0.723901116,-0.703684148,-0.931393564,-0.734981545,-1.378716985,0.422753257
0.630927916,1.10351896,0.326886817,-0.096586236,0.256921621,-0.91144442,-0.277958124,-0.482560239,-0.301084186,-0.922220924
1.110365477,-0.095133128,-0.490874219,-0.070904851,0.359810605,1.24046486,1.420279966,0.804189104,0.907717201,1.440782841
-0.653291808,-1.770938141,-0.123075075,-0.950587253,-1.422863837,1.019366945,-1.007286194,0.021979172,-1.242121757,1.33414537
1.254852837,1.984777233,2.270591433,1.095408719,2.657250011,-0.878418604,-0.156046682,-0.652458388,0.43600524,0.975521737
1.287717947,1.196125304,-0.567887569,1.000287136,1.545210907,-0.394604435,0.216199589,0.058632854,0.710353144,0.78003189
0.158487625,0.135625101,0.897161587,-0.167782295,0.438371677,-0.64525721,-0.669929158,-1.07664761,-0.556396559,-0.355859381
-0.114670817,0.019165864,0.358115804,0.0917295,0.62466159,0.809321435,-0.562314339,-1.268478714,-0.956837082,-0.56774628
-0.357969618,-0.29809637,0.031942845,-0.489963675,-0.149952095,-0.066159049,1.112525331,1.319688718,0.477674081,0.589053343
1.404239786,-0.240113225,-1.249890125,0.634042436,-0.544985441,0.059510901,-1.910821032,-0.837379386,-1.014575042,0.338347012
-0.552941151,-1.009629577,0.185429924,0.575079436,-0.512218396,0.768313644,-0.537664749,0.410175439,-0.250486185,-0.176844892
-0.595925207,-0.505901008,0.39150847,-0.491554065,-0.280985423,-0.850949815,-1.247603041,-2.58263838,-2.526938056,-1.599020678
0.502833265,-0.154041263,-0.320901107,0.71850792,0.374460322,-0.677648169,-0.039754936,-0.058299485,-0.254576622,-0.466403865
0.197979859,-0.13849116,-0.233960001,0.045951873,-0.389264684,0.151282923,1.481089426,1.62962695,0.5564614,1.180010156
1.616323165,-0.45804041,0.220182136,1.287446834,1.188679703,1.624748782,2.318520163,1.367651285,2.539011001,1.227932748
-0.561023152,0.804546101,-0.008894423,-0.30616541,0.376734728,0.195240713,-0.903560553,-0.930137549,-0.29410517,-0.839817519
1.561872742,0.742308562,1.58886324,1.301955659,-0.323314597,-0.626886789,1.09540214,1.211668882,1.864558569,-0.114251489
0.336495725,-1.579413454,-1.024532094,-1.565297831,-0.805871923,-0.059618892,-0.7573112,-0.228575682,-0.013401101,-0.754774238
-1.26757535,-0.30883418,1.073322003,-0.04985555,-1.018486891,0.220411349,-0.432265074,-0.498305579,-0.643752228,0.488055646
0.53536804,1.002763306,0.003941247,-0.940262819,0.690929093,0.921594199,0.977416015,0.526083138,1.393923738,1.186662651
0.951442226,0.394119848,1.446414746,2.456755458,1.306395756,1.67694191,2.269914834,1.746853036,-0.365076101,1.993981295
-0.559925366,0.457710917,1.084770175,-0.107755408,1.223530712,1.294109755,1.284376908,0.999185273,1.702722737,0.396296847
0.994660413,0.17008111,-0.101893888,-0.058853473,0.968722116,0.725367443,0.345776249,0.367495764,-0.58518942,0.837595122
-0.837728863,-0.201583578,-0.202316797,0.476512844,-0.546829153,1.114676191,-0.050276393,0.873519118,0.311683739,1.112398898
1.907457833,2.173041048,2.860869535,3.132368484,1.91556869,0.380676658,1.860136561,0.262420686,1.31666236,0.982600449
0.513960607,0.415764255,-0.450997784,-0.659659477,-0.460929881,1.535194238,0.805440096,0.447611792,-1.429219803,-0.445525712
-0.894549747,0.441171355,0.165367907,-0.916885758,0.359996899,-0.779004773,1.360514484,-0.079434218,0.650295908,0.087754071
-1.215948844,0.137831384,0.260768458,-0.150794019,-0.268978327,-1.770980106,-0.000643315,-0.00258237,0.456459105,-0.252011909
-0.484249897,-0.794717902,0.433131058,-0.606324305,-1.246441935,-0.128247942,0.538761845,0.963314191,0.337874565,-0.837314462
0.644125268,1.395357323,-0.885561375,0.945114582,1.14828656,2.002565936,1.343198056,1.025799325,-0.797790315,1.746444644
-0.90954505,0.754872487,-0.305150517,-0.962334952,-0.465677331,-1.239955877,-0.597081039,-1.022766029,-1.226518692,-1.399213745
-1.853104907,-1.190275222,-1.295280331,-2.337476344,-1.117590996,1.159365265,0.820998764,-0.497494972,-0.278176077,0.600123145
0.190685278,-0.297442714,-0.34421506,-1.217382229,-0.136292275,0.051562928,-0.519129268,-0.393633555,-0.354902031,0.037391001
-0.530525581,0.085646613,1.131134585,-0.036698394,-0.100070369,0.56054826,0.358051474,0.244679036,-0.612510945,-0.131367904
0.165267978,-0.520086964,-1.682333471,-0.172532554,-1.925203436,0.144240088,-0.663068954,-0.261895114,-1.420887963,0.857413111
-0.237700186,0.078304179,1.144794016,-0.781817382,-0.061286425,0.728179269,-0.065965927,0.551097046,0.773898796,-1.193766057
-0.287841641,0.533713686,0.088304292,-0.588177507,0.476786454,-0.278540027,0.92604184,0.974830797,0.339317623,-0.182984143
-0.299426657,-1.322942027,-1.770135991,-1.821794821,-1.03069429,1.596012348,1.937733091,2.291332649,2.669048814,0.827532663
1.38909731,1.040579282,-0.411377311,0.637821163,1.162004188,0.283993198,0.496680564,0.307400181,0.793839185,-0.824977078
0.014611131,0.223876542,0.672494183,-0.560315874,-0.320598953,0.089115974,0.182777143,-0.696725047,-1.738777602,0.333944454
-1.30171296,-0.668399521,-1.742641435,-0.789852699,-1.494384018,-0.009755607,0.380006709,-0.115434105,-0.098813688,-0.484313351
0.534889394,-1.141936743,1.260557482,0.390982134,0.437480042,1.010793031,-0.372838791,0.778427124,0.35688102,-0.322518233
-0.324902572,-0.59710229,-0.340502186,0.473131371,-1.652155991,0.882201413,-0.594448065,0.579755684,0.583414415,0.864649464
-1.994472972,-0.543333414,-2.199724014,-0.333898246,-1.679643709,-0.919449559,-1.715521309,-1.709684346,-2.139138309,-2.318008396
1.319271104,0.52464234,0.137646457,-0.050821562,0.354459217,-0.032502204,-1.052822347,-1.046049134,-1.506115561,-0.989799716
-1.107682381,-1.174501777,-0.307332463,0.524071949,-1.426082676,-0.707693666,-1.00838826,-0.04118583,-1.625109702,-0.176497424
-1.488685421,-0.228884667,0.332772052,0.411517901,0.034222948,0.702515606,0.638682721,0.992877266,0.104565364,1.341318794
0.449979292,-1.314022679,-0.772038842,-2.325640988,-1.207555911,0.169975654,-0.183898252,-1.132128417,-0.004520475,0.630449087
0.765099247,0.576152555,-0.16897615,1.044450695,1.175078242,1.176444669,-0.881564061,-0.178212718,-0.413529776,-0.590550935
0.688734664,0.059102203,-0.841303053,0.193622845,-0.70133759,-0.067314021,-0.916669131,0.235111627,0.694254216,-0.227241927
-0.861859148,-0.809325812,0.168361533,0.616508317,-0.628554504,0.013904459,0.68779598,0.703753469,1.999467473,0.609214391
-1.976004194,-1.741528858,-2.561153117,-2.425997548,-2.71731128,-0.329234548,-1.17976011,-0.289956602,-0.456879121,-1.050340993
-2.164483573,-2.501055369,-1.000514242,-0.02465879,-1.90887899,-0.716988957,-0.324754664,-0.097272031,-1.218289585,0.354398232
0.877584575,-0.187539396,0.82339204,-0.116395545,0.393164466,-0.313167496,0.495571583,0.313796134,0.306246543,-1.342470625
0.37712017,0.814481928,-1.232425653,-2.444837511,0.056539375,0.001576427,0.740830322,1.218443943,0.564193059,-1.348080861
-1.119956809,-0.790178337,-2.425556547,-1.575391568,-1.69619169,-0.705839604,0.384275974,-0.407713059,1.999907842,-0.177661871
0.514491719,1.155682788,0.618280978,1.392145738,0.24850054,1.853946626,2.00251126,1.179976141,1.082002895,1.606041508
-1.063962559,-0.789257531,-0.160741879,0.145876653,-0.56536335,0.125039167,0.352487169,0.009631876,0.134512737,-0.556817777
0.787311013,1.220525997,1.82157913,0.294951695,0.729439246,-1.876125768,-0.587632731,-0.467547055,0.46172226,-0.707694321
-0.526832744,0.584356276,-0.37810012,0.451916958,0.476115024,0.842070332,1.102486338,0.093734946,-0.1053663,-0.86457992
-1.451662939,-2.320790853,-1.5180338,-1.348033918,-1.918470728,0.550830601,0.042730481,-0.311350632,-0.993405018,-2.021712844
0.048339256,0.21377316,0.437613798,0.647862011,0.726565101,0.489393497,0.374152094,-0.227480112,1.373889229,-1.336497131
1.298303175,1.473794115,0.832058811,0.129497549,0.475022689,1.058557021,1.077726343,0.265032937,-0.545100656,1.099439664
0.696362931,-0.104247338,0.339196687,-1.268602008,-0.52014982,-0.666060851,0.051193034,-0.757705938,-1.12139196,-0.49618296
-1.726731971,-1.42122865,-0.783114181,-0.516682073,-1.351184699,-0.289661056,-0.640938399,-0.377380369,-0.681773226,-0.26838816
0.890226793,1.380827094,1.378327294,1.000861389,2.442067144,0.808893487,1.022082872,0.982541601,0.405288183,0.366516163
0.17722985,0.679266813,-0.317589635,0.681677996,-1.028309357,0.042526018,0.851442507,1.063827654,-0.487632267,-0.355606248
0.248728006,0.640025126,1.069528089,1.872884242,0.770327775,0.15803801,-0.284311578,-0.348777618,-0.202043153,0.102557844
-0.570661117,0.378736168,1.018643726,1.85884191,0.954220503,-0.076769377,1.303722763,1.523616705,1.095231368,0.61963751
-0.176325824,-0.278437238,-0.130276701,-0.11423948,-0.002542643,0.241548144,0.999241682,0.524148321,-0.002118813,0.953198279
-0.854238407,-0.793702146,-0.662503516,-0.2135251,-0.403129306,-1.141887116,-1.452631666,-1.498997395,-0.551848878,-1.425072698
1.353208619,-0.913421411,-0.550165221,0.626793539,0.28038648,0.056034375,-1.099265422,-0.889093857,-0.153427036,-0.725130973
0.66872554,-0.996323949,1.237281325,0.285954237,0.53316726,0.234355499,0.237808977,0.513817269,-0.275277837,-0.860245338
0.869041216,1.313860696,0.185195179,0.99041486,1.60921748,-0.716858319,0.449280885,1.466231961,1.690623239,0.718773579
-0.946997385,-1.103159749,-1.108921869,-0.608866983,-1.150116985,0.37463964,0.758339967,0.480321348,0.681512899,1.861334021
-1.086345093,0.126420939,0.795813997,0.019420031,-0.219313532,0.766294256,0.243577403,0.109539393,-0.498592627,-1.012249932
0.861124968,-0.07933112,0.256847875,-1.133401604,0.206602501,0.068896344,0.521746243,-0.024227812,-0.064724321,-0.80718003
0.612918587,-1.434742935,0.718242699,0.455561824,-0.801770252,0.103408568,0.77713689,0.577820969,0.890637715,-1.244501321
-1.592071079,-0.277922494,-1.122815636,-0.787493895,-1.138704121,-0.600867645,-0.684135887,-0.949392344,-1.793034702,0.622391508
-1.484279613,-2.616123579,-0.707226081,-1.146150632,-2.028208158,-0.313783665,-0.286425452,-1.037924314,-1.239557687,-1.539872781
-1.404761451,0.09327394,-2.033163737,0.173070622,-1.632615478,-0.132480181,-1.042030822,-0.663629253,0.13207384,0.893885294
0.055709437,1.077026598,-0.268131003,1.001769973,0.410729499,-0.143035262,0.190079767,0.033183161,0.312453205,0.960105121
0.753313831,0.2391408,0.409882454,1.002892505,0.91215884,0.48437344,1.097629118,1.560942613,1.093330972,-0.561471896
0.099199409,-0.426192574,-1.253672677,-0.02697372,-0.949629678,1.716528318,0.88516233,1.364856565,1.082787826,0.403692837
1.349101042,-0.467790371,-0.229473382,-0.682559482,-0.756593184,1.391691213,3.767966759,3.924327863,2.99153336,1.919780738
1.889803174,1.470032749,0.610780019,0.491931112,0.299902025,-0.50791698,0.441874515,-0.602633839,-0.393093459,0.297660378
1.248967753,0.909795423,0.68293867,0.442551803,0.159535131,0.121185291,-0.170469793,0.74470888,1.311277587,-0.816252435
0.09736456,0.305226417,0.090220818,-0.601338072,-0.183246589,0.250058901,-0.127510225,1.589613312,0.638455672,1.994310377
1.174386033,0.571794853,1.263533132,0.259700843,2.000948316,-0.841048516,-0.034765642,-0.511382877,0.087971425,0.646669232
1.372662884,1.464249026,-0.155076894,1.025489656,0.428625661,-0.372951139,1.341693588,0.560581463,0.579414891,1.170650146
-0.686231032,0.420903162,-0.722107928,-1.101358296,-0.7249913,-0.245090683,-0.31932597,-1.190130116,-2.340494341,-0.555045061
-0.766317183,-1.203067562,0.477262067,-1.100887657,-1.51634762,-0.696688896,-0.189800531,-0.366083628,-0.895520156,-0.756853839
0.091371606,-0.21077657,0.606736614,1.260012107,0.66173045,-1.504649145,-0.315190967,-0.426877372,-1.547177465,-1.346017107
-1.781474442,-0.015896678,-1.4953649,-0.707832503,-1.057119934,-0.937128283,-1.409961585,-1.863256782,-0.832153918,-1.193107072
-0.005427118,0.831118019,0.862223553,0.477786922,0.683194235,-0.161919942,1.172402768,0.481861519,0.551518554,1.006767717
-1.393643386,0.613660636,-0.218469042,0.414817938,-0.004132195,-0.307606595,0.875124633,-0.267383877,-0.643511449,0.361125828
-1.981444343,-0.828533957,-1.597711018,-2.182543033,-1.873174713,1.073757938,-0.975712905,-0.033175925,-0.783813315,-0.65344444
-0.251048652,1.529988399,1.3035043,0.618094301,0.320672032,-0.277586021,-0.407452809,-0.307292748,-0.557535812,-1.42385276
-0.127095001,0.831004024,0.479464639,1.543192254,1.474888333,0.518361082,0.490281547,0.338002387,1.039797911,-0.140018419
0.932392631,1.575902492,0.493017564,1.325048299,1.025674613,1.176276675,1.077014232,1.50646266,0.983163855,1.152416876
0.78239262,-0.516388136,-0.210849298,-0.722758326,-0.659288231,-0.642509618,-0.580605299,-0.465895772,-0.123490313,0.855295754
0.817982037,0.085954591,0.450928165,0.767871664,-0.67526456,-0.494585387,-0.745276595,-1.124454073,-0.962468155,0.677850401
-2.152611483,-2.119636016,0.140250564,-0.869823944,-1.568373004,-1.258798128,-2.791398499,-2.389007129,-0.989518817,-2.400084354
0.595014768,0.4947661,0.118568358,0.836080192,0.191116675,0.373795426,0.203904572,-0.117635246,-0.700971777,-0.666609667
-0.844643993,-0.577618155,-1.969662781,-1.120272978,-0.945658981,-2.413497321,-1.808383104,-1.976173844,-2.438509054,-0.149501999
1.161069603,0.528589139,-0.100913786,0.814934471,-0.54818651,-0.306352296,0.326947868,0.596958352,0.644769421,-0.504471468
2.053022714,0.412533551,0.226699997,2.029674405,0.713299897,0.317339918,0.955534024,1.354187317,1.555932357,0.220215027
0.47876556,2.338395603,-0.092552111,2.17740325,1.080301156,0.238161762,0.349176128,1.21176947,-0.131402588,1.148003211
-0.167863732,0.911441049,0.086246433,0.147155662,-0.883718693,0.269501931,1.05835297,0.852814202,2.13256004,1.502413531
-1.208487888,-1.070314622,0.645221444,-1.034974003,-0.765213593,-0.244851695,0.211482569,-0.818958328,-0.731183122,-0.163107557
0.623256693,-0.901971334,-0.676605012,-1.937851932,-0.516189329,-0.895883887,-0.11497396,0.342142252,0.675052311,-0.203871428
-0.722459135,0.898173791,-0.696809128,0.060561669,0.879801297,0.177200822,0.459855826,-0.36775647,-0.44649649,0.450586664
0.22759486,1.221592775,1.118353779,0.124123273,0.294302602,-0.44161588,-1.130335435,-0.624611076,0.004159392,-0.660939249
0.493743523,1.666791473,0.554438676,1.480020368,0.384519638,-1.101267201,-0.388459475,-0.894170399,-0.268328054,0.160378114
0.409626203,0.193553226,-0.483180812,1.293809644,0.285169324,0.354896708,-0.918521574,0.129218338,0.197942482,-0.067456495
0.481888175,0.894529735,0.08465062,0.414201689,-0.406121796,0.067923651,0.065039991,0.607207621,0.615988937,-0.366568687
1.667853301,0.109290572,1.487031516,1.561986861,1.243013025,-0.449631585,0.156391505,0.457649935,0.04903097,1.502664614
-0.02098385,-0.466890408,-0.068363063,0.048716439,-0.009219244,0.128669517,-0.62035001,-0.193300683,-0.819421078,-0.412186775
0.986829859,0.836961836,-0.838440152,0.699621789,-0.781548375,0.199686723,1.067264454,0.785683018,1.919321504,0.027282442
0.30461387,0.664624553,-0.77669803,0.570059967,0.096021216,0.385887537,-0.258686657,0.443171608,0.606349603,0.54485802
1.943322284,0.229685685,0.402306093,1.96984369,0.453707096,-0.260008754,-0.739236968,-0.588429949,-1.177624482,0.517069683
-1.523437824,-2.479977536,-2.755952462,-2.093372849,-1.21164755,-0.360002477,-0.289635162,-0.659495953,-0.571321184,-1.023403395
0.368891691,-0.220287191,0.681591461,-0.474667844,-1.076893116,0.465057648,1.061112937,0.755255991,-0.323725751,-0.043524888
0.088806438,-1.298458778,0.095087715,-0.287581001,0.162357182,-0.598411743,-1.706083502,-1.311649006,-2.04687293,-0.307610394
-1.770989149,-0.05125326,-0.10348161,-1.501781302,0.408527422,0.243347364,0.961037655,1.670020528,0.22247893,-0.396279256
-0.124060969,0.984531624,1.233601015,0.060904527,1.211859615,2.086940484,2.193524751,1.108328338,-0.193364363,0.3167828
-1.593753764,-0.044912186,-0.25709883,-0.513594085,-1.211986848,-2.158053552,-1.052921696,-0.424291238,-0.98528184,-1.887534628
-0.990920538,-0.875840223,-0.965634633,-1.369278636,-0.576203572,-0.399013683,-1.01736068,-0.213317635,-1.466322752,-1.153334057
-2.517679574,-1.122128785,-0.11450043,-0.343872763,-0.41257043,-0.440286089,-1.079186846,-0.615855165,-0.088959481,-0.614035332
-0.468960026,-0.920698232,0.11813739,0.151450967,-0.509717959,0.689059241,-1.142796315,0.776475865,-0.543613717,0.29911423
0.756534464,2.31590128,0.611517469,0.836012944,0.925018916,0.617288091,0.335219936,0.669153779,0.745694492,0.745977644
0.5388147,0.491601425,0.243532952,0.881490369,1.545629303,0.946731206,0.659621357,1.248291423,-0.131930702,0.299620673
0.421960901,-0.199789057,-0.004594064,0.497356518,0.530779127,-0.266126706,-0.654984447,-0.599837633,-0.806103174,-0.824546714
-0.321420703,1.422426128,0.830767713,-0.133266659,1.994514063,1.845830847,1.491363713,1.405654521,0.551825055,-0.990961112
-0.022965136,-1.429259071,-0.744583254,0.150166745,-0.261363622,0.250132925,-0.654687084,-0.826336482,-1.523286015,-0.581922178
-0.261848361,-0.199744004,-1.354363057,-0.440742409,-1.447490848,1.738031934,-0.394029967,-0.58883756,-0.209054405,0.603571609
0.795539998,-0.828381831,-0.69456874,0.290822354,-0.678359364,0.972761159,0.959025566,0.627972783,1.241964061,1.829794946
1.364362363,0.244019502,0.259498778,0.995420149,0.449322248,-1.543299505,-0.444563553,-1.321198415,-2.795276165,-1.560598309
1.222665508,0.74467182,-0.49792522,0.105031613,1.112315686,1.128572778,1.053431691,1.596080109,0.632647567,1.245561645
-0.315788075,0.264474362,0.65189636,-1.735234077,0.11058579,1.652161332,0.176050613,1.13073081,0.812102542,1.305667833
-1.873693277,0.467458572,0.873946481,-0.216557307,-0.524266887,0.535694365,1.604103155,0.649916771,0.184071293,1.013049524
-0.809670326,0.35408921,0.129913018,-0.245417635,1.198238394,0.069647581,0.423090916,0.981870698,0.147713955,1.68798113
-1.758676252,-1.260465514,-0.977316947,-1.481798276,-1.652637501,-0.284821085,-1.659324526,-2.236811914,-1.005843911,-0.221935728
-0.055850325,1.545207558,0.115336561,-0.342081848,0.874999107,-1.033191002,0.01209158,-0.702407964,0.79939183,-1.353706775
1.251385175,1.354319216,1.056931385,2.109454277,1.323741396,-0.934175298,-0.090166066,0.318895767,-0.730522327,-0.496822416
-0.93659166,-1.138208478,-3.18678684,-1.627033908,-1.694471786,-0.110789952,-0.997170278,-0.623896305,-0.324766902,-1.268150273
-0.071992789,1.379102324,-0.461015967,-0.395429836,1.296222084,-1.405721477,0.688682614,0.517756862,0.230610806,0.441707638
-0.213534973,0.328957453,0.300841088,1.025300036,-0.419829226,-0.619634157,0.915905823,0.315350408,0.752090126,-0.012327054
0.759988779,0.724298096,0.42686083,-0.321091251,-0.150067452,-0.510708769,-1.221983782,-1.569568195,-0.411520158,0.342821232
-1.274270425,-1.317400273,-1.237238334,-1.557008381,-1.426510803,-1.314831226,-1.054032382,-1.138954252,-0.668176065,-1.623975601
1.29460658,1.650331813,1.207442689,2.019814393,2.742495401,-0.184027232,0.647263595,0.216529764,0.217981227,0.271127516
-1.651437838,0.080666863,0.364838602,1.219165955,0.087962406,-1.102608853,-1.597755102,-1.915297994,-1.334836229,-0.09123582
-0.667985463,-0.951135249,0.819794441,0.840145985,0.26687802,-0.577070954,-0.843545308,-0.053224664,-0.483584726,-0.808250323
-1.065995485,-0.75148492,0.408664211,-0.285268704,-0.769676347,0.89961097,-0.227759928,-0.807028977,0.007629934,0.011372475
-1.374958732,-0.711726914,-1.66563776,-0.45548067,-0.705475822,0.44090773,-0.133485698,0.399455461,-0.090278639,0.076111709
-1.305702529,-0.404317321,1.32194301,-0.729409612,-1.165835335,1.081241756,0.458526495,0.095743746,0.933973497,1.203615956
-0.766807224,1.063702289,0.455078226,-0.057259825,-0.324435651,2.242419876,0.235676679,1.082964811,0.051002528,0.756566165
0.146441581,-0.138682081,-0.154052185,-1.118911201,-0.772576188,-1.370620292,0.733195437,-0.525926841,1.277089314,-0.907055608
2.206213907,1.720901148,2.229142817,3.269190263,3.488688913,-1.294654859,-0.121739139,-0.243245949,-0.4350138,-2.67335733
0.610708262,0.83362837,-0.397023452,-0.581057569,0.977675219,-0.515506409,0.143712136,-0.606971921,0.878602398,0.206305775
-0.132997019,0.269600185,0.168330222,-0.126872097,-1.230195526,-1.178584758,-0.996096996,-1.049091367,-0.365878762,-0.286763996
0.42965386,-0.367054441,-0.565735844,0.248221833,0.033240006,-0.295245334,0.305891156,0.278633998,1.889297934,0.233168162
-0.308165221,-1.163623436,-0.662523653,-0.851892218,-0.553000107,0.811990597,-0.057590619,-0.101021282,0.300973305,1.065804292
-0.028418507,-0.131616656,0.40172532,-0.463292904,0.635298424,0.153311195,0.098021005,0.176860225,-0.194132602,-0.755821733
0.667975418,-1.265560871,0.028499151,0.201343993,0.212915472,-0.426263269,0.908607615,0.881878623,0.819270184,0.115847603
0.707763302,0.64390445,0.151710186,1.185774441,1.07993547,-0.082153365,0.50940106,0.431896839,1.106747624,1.716186242
-0.32065724,2.200994688,2.385834349,1.179650924,1.580627731,-0.158824832,-0.134780945,-0.44317231,-0.503477544,-0.130202244
0.749676934,0.160458062,1.045987421,1.107436145,1.181158016,-0.554118947,-0.623249672,-0.59048294,-0.187526098,0.19069577
-1.701748979,-2.918013823,-0.796302004,-0.699448196,-1.185912882,1.253957401,0.398960389,0.27970292,-0.054610989,0.50776653
0.426557715,0.561972454,0.935942197,1.242081021,1.161635798,0.333700766,1.236757175,0.09799002,1.65778673,-0.299344924
0.895455642,0.677879461,-0.883309113,1.198844536,0.617324837,-1.024235655,-0.542185214,-0.274922709,0.50804123,-2.15947323
-0.611548187,-1.253539372,-0.944018075,1.222388982,0.556841182,0.708438594,0.527992928,-0.850637928,-0.145654955,-0.629067042
-1.610028159,-2.399519101,-1.051761469,-2.486908435,-0.679203391,-0.921986781,-0.225670369,0.076757565,-0.806485152,-0.655006859
1.001933443,1.293302755,-1.128901668,0.51999481,0.515559599,0.299249498,-0.313987459,-0.952443015,-1.21724723,0.488104716
1.539594537,2.473751175,0.66004762,1.872079249,1.84493759,-0.183712789,-1.203001259,-0.830032524,-0.073392912,-0.091539639
1.019110112,0.126696794,0.465841409,1.177188843,1.714177713,2.290895633,1.980819068,1.533689368,1.352094508,1.108642827
-1.056766786,0.802929584,-0.213424369,0.252347574,-0.253367945,-0.030271327,-0.094310155,0.050093087,-0.923435676,-0.004931164
0.442051482,-0.173266042,-0.455768474,-0.883494079,-0.661605076,0.895395395,0.75181962,0.270631983,0.532413819,0.384810181
0.423411151,-0.118469714,-0.380746404,-0.109471232,-0.394780008,-1.101242955,-1.564683907,-0.736644493,-0.29133281,-0.85045155
-0.668139534,0.483276412,-0.890089714,-1.564004787,0.874451622,0.517484293,-0.541745646,0.017902509,0.256215498,-1.365206403
1.313987267,2.405433473,-0.094856513,1.018453702,0.901221253,-1.408557184,-0.256444758,-0.138114081,0.738492891,0.430321457
0.9139438,0.34129859,-0.393933913,-1.341519319,-0.734977948,0.205609068,1.34278326,1.382004245,1.838326995,1.36240977
0.218651964,1.323754316,-0.773174037,-1.338825677,-0.238872407,-0.297026808,-0.311566042,-0.244800933,0.790611599,0.43509986
-0.021513268,-0.635924858,-0.170114712,-0.247329665,-0.621712665,0.836264625,1.23237431,1.656172234,0.572987248,1.894622864
-1.18258981,0.231582545,-1.042834949,0.215125291,0.270053839,0.429858905,0.206808962,0.461750466,-0.194155948,0.088664562
0.049062677,-0.172825444,-0.460126416,-0.250315742,1.045975792,0.037020056,-0.603841132,-0.191805383,0.142812685,0.083775064
0.197189446,-0.227090916,1.147396353,0.335336259,0.948313862,-0.457284647,0.423361247,0.354660633,-1.21980463,-1.611308493
-0.170331259,-1.809067821,-1.360097209,-2.274941373,-1.040160203,-0.577567686,0.449744575,-0.071360984,0.681899591,1.712800291
0.039892721,0.156297101,0.012521887,-1.312912675,-1.341772561,1.881047208,1.486057008,1.120322208,2.493783779,1.09504053
-0.450926485,1.218529106,1.175134459,1.018360872,0.720358891,0.978822323,0.517752531,1.030630341,1.575801151,-0.712361757
0.768306808,1.717069109,0.649334292,-0.052491026,-0.583365733,-1.135858221,0.350303662,0.184477585,-0.154926397,-0.326727205
0.996787423,2.351129791,1.415475109,0.552397211,1.807197662,1.185566199,1.237520858,0.57918745,1.32732317,0.884324189
-0.322105375,0.269355222,-0.386881797,-0.338058169,-1.065220351,-1.43064471,-1.504942999,-0.391783625,1.046233702,-0.780262096
-0.172514873,-1.689311257,-2.648614437,-2.543030704,-1.70119231,-0.169605219,0.516729896,-0.113664101,-0.410734865,-0.734809665
1.481072531,2.526253044,0.759364587,-0.57329873,0.728439936,-1.102193628,0.637656036,0.410569064,0.282932909,0.151791583
0.416821422,1.448158893,0.62258851,0.658449888,0.757436332,1.476004371,1.931052366,1.864440232,1.813866297,1.358807054
0.60405094,-0.709416336,0.428798733,-1.280245669,-0.251143596,0.865385572,-0.1215007,-0.296828285,0.190227616,-0.168985918
-0.43691988,1.342506147,-0.295656726,0.963801237,1.743597747,-2.282690445,0.103247818,-0.356099989,0.019972223,0.08117845
-0.444646524,-0.097143496,-0.496897757,-0.189708065,-0.053405088,-0.741417252,0.667935073,0.051995324,0.294153036,0.102928129
0.153192,0.32443757,0.58359816,0.459378007,0.946528751,-0.861246464,0.229294341,0.131280569,-0.080788502,-0.809651138
0.575555487,0.711948822,0.614401855,0.026894241,0.382255558,-0.534939481,-0.307650275,-0.307990217,1.437635358,-0.285167991
-0.07802913,0.698061316,-0.23382456,-0.434475457,1.109539876,-0.958620011,-1.081913274,-1.535770232,-2.148890228,-0.761913024
-1.662513305,-1.234509138,-0.16779314,-0.802909602,-0.858538499,-2.219658399,-1.511391241,-1.625514019,-0.603188308,-1.088184062
-1.256181455,-1.942777174,-0.134316372,-1.086903662,-1.503038879,-0.647943748,-1.970023768,-0.805610114,-0.773276453,-1.627085917
-0.450838402,-3.221817902,-0.4688575,-1.624756746,-1.150693677,0.375109079,0.714297009,0.895625165,-0.103859558,2.155534028
1.255003202,0.175045927,0.864753065,0.827806069,0.138369999,1.377308701,1.41790729,0.386370238,-0.28731025,1.018686718
0.716221198,0.651361739,0.543562233,1.496354383,0.067167209,0.920217465,1.098053136,1.51336592,1.684945171,0.519115092
0.703187699,-0.85893158,-0.081107539,-1.946962351,-0.285212806,-1.293638183,-1.264566329,-2.435122117,0.37966208,-0.285803684
-0.643620143,1.51984455,1.283028525,0.190531218,0.517624216,-1.6855878,-0.650611911,-1.614080134,-0.28053478,-2.115529807
-1.791794925,1.411452343,-0.051102754,0.64106109,-0.275699079,0.708773352,-0.183642325,-0.204718594,1.323851773,-0.135721745
-0.843265728,0.291555002,-2.153024802,-2.445359579,-2.179656139,-0.323763581,-0.093946193,0.584733405,0.388570286,-1.329336424
0.037498775,1.564606821,1.941465593,0.716697753,1.863300819,-0.485358602,1.190575572,0.586875118,0.481745044,1.60564915
-1.077899208,-1.951642684,-0.774322545,-0.643203679,-1.950973657,-2.001269197,-1.917257287,-0.251738572,-0.818027415,0.174922455
-0.83458942,-0.852241739,0.833859123,1.720731425,-0.380123387,0.168083936,-0.060354981,0.697061949,0.820023405,-0.523520548
-0.729668862,-0.554653432,0.016099138,0.769966431,-0.191531404,-1.289235071,-0.00575779,0.590355797,-1.025472589,-0.927956453
-0.64459317,-0.774125791,-1.572327095,-1.268346982,-0.958181872,-0.535935708,-0.076105222,-0.430956748,0.206601006,1.510901683
-0.363626981,1.076919803,0.044247615,0.076920604,-0.487632252,-1.353036897,-0.944602273,-0.693855843,-0.469433872,-0.221800682
0.042504689,-1.260246836,-1.213765288,-3.742566088,-1.261701347,2.34165514,1.287592362,1.189823158,0.204967598,-0.17971984
-0.407963508,-1.041119635,-1.392143342,-1.762177865,-2.654936704,-1.052416039,-1.830411791,-0.558862902,-0.480427613,-1.041521223
-1.391771458,-1.403794783,-1.771054842,-0.800934427,-1.10555743,-0.592018185,2.039193591,0.812882787,0.62836071,0.953475583
0.514574438,-0.237370153,0.290998494,-0.118144097,-0.701376695,-0.21582032,-1.541495839,-1.673852261,-1.095529654,-2.380330782
0.456573611,-0.147478331,0.659786916,-1.245116895,0.046994115,-2.111991082,-1.727165787,-1.171384872,-0.765896864,-1.763972186
0.274878026,0.73917382,0.204304241,0.493273456,0.854726319,-1.113751806,1.116640317,0.879087661,0.541309679,0.577917066
-0.121425061,1.766645111,1.419895948,2.26334563,1.357300227,-0.393315789,-0.303185141,-0.268138548,0.980864402,0.71543758
-0.791379062,-2.188331281,-2.556303006,-1.627935009,-1.990473219,-0.945078001,0.535547849,-0.031279944,-0.421384498,1.823452037
-1.006459131,-1.291192626,-0.943145211,-2.113700342,-1.020760794,-0.129233164,-0.533656999,-0.755117855,0.192230058,0.288681307
0.800386268,0.687055362,1.094924622,0.680175484,0.815356232,0.088761399,0.054912064,-0.552820304,-0.693532482,0.496485537
0.014526825,-0.320761414,-0.429907213,0.705367153,0.060331493,-0.224547364,-0.466939079,0.173803812,0.454863082,-0.753980329
-1.4252106,-1.275464255,-1.170719898,-1.022955966,-0.331411688,0.517217167,-1.513902902,-0.825339003,-0.248360059,0.278514196
-0.800747468,0.167533267,-0.460972304,-1.215500967,-0.148608279,0.561440938,1.097839574,0.808376527,0.524763127,-0.455876707
-1.978040102,-0.552541932,-1.641956879,-0.820043926,-0.305196752,1.824101233,-0.351086296,0.386847706,-1.106080783,1.015014517
1.056569126,0.497528732,0.601121031,0.480540814,1.410762219,0.784062637,-0.162140351,-0.359401536,0.059517791,2.348582153
1.416284923,0.287421812,1.383366099,0.284993776,1.400361985,-0.248269507,1.678868205,-0.134018124,0.650849526,0.343884598
1.4656624,0.117516135,2.434544718,0.804343539,-0.023462478,2.650942593,0.683174751,1.198741086,-0.882638191,0.307015087
-1.863740879,0.263917113,-2.043587892,-1.369483134,-1.705382607,-0.343995607,0.84068317,-0.479063411,-1.355626626,-0.225626523
1.144473495,1.490802187,0.758934918,-0.957730545,-0.353307755,1.446122555,0.229445443,0.782828992,0.313742179,1.519435626
-0.307674284,1.431003855,-0.6172935,0.653763064,0.128354488,0.82745411,0.138572147,1.464027059,1.061643807,-0.719819264
1.760085508,0.064603116,0.879481055,1.795101264,0.991094906,1.056428197,0.17166254,0.886279589,0.878483844,-0.486629275
0.129701948,0.950779888,2.161949683,0.065834495,0.237918694,-0.474504296,0.846245188,-0.277572392,0.997944974,-0.701171846
-0.008412902,0.115560093,-0.053440617,0.902972797,-0.239159588,-0.517828142,-1.017938436,-0.019341425,1.216973567,0.197658049
0.094898775,-0.72294519,-0.383504185,0.919224228,-0.055434341,-0.756898149,-0.733120863,-0.920331622,0.146560042,0.684811697
-1.759492424,0.071992992,-0.017287708,-0.107927515,-0.521203024,0.659144765,0.675350568,0.166679081,1.102434533,0.307576533
-0.355691834,-0.813618198,-0.053381163,-0.539493053,-0.823987372,-0.352130721,0.48046448,-0.408939081,0.004590558,0.046392502
1.01362043,0.697282171,0.927789924,-0.06126354,-0.729473691,2.216160068,1.463653646,1.616077064,1.315014503,0.819694098
-0.353020105,-0.721079937,-2.592736077,-0.458303506,-1.173091485,1.252283735,0.56358992,0.302926152,0.097574691,-0.155072832
-0.409808774,1.105257997,-0.602585488,1.586732049,0.756627018,-0.29750907,-0.913602676,-0.629894248,-0.018499706,-1.222760752
0.005314627,0.171104874,0.068771525,-0.054841774,-0.199457626,2.30490017,1.359736872,0.25123514,1.70943944,1.190984063
-1.236633666,-0.144796206,-0.26014177,0.373416676,-0.171235764,-1.198903651,-0.217624411,-1.247534721,0.144361941,-0.808265665
0.637179093,-0.599559744,0.82105537,-0.310168819,0.825297317,-0.19865434,-0.244087082,-0.260491953,0.385131233,-0.26803787
1.161300414,1.514555934,0.724596007,0.851266826,1.642501349,-1.055752888,-0.731504583,-1.235782801,-0.817086772,-1.500002525
1.42828487,-0.422733305,0.248548168,0.053226855,0.45828142,0.507952444,0.159590575,-0.046350176,0.107787232,-0.135199908
-1.834934698,-0.402785767,-1.36301709,-0.882392924,-2.330612793,0.255655084,-0.495247923,0.590923075,-0.175436605,-0.237112854
-0.121707185,-1.880931959,-0.246711812,-0.082395554,-1.364180438,0.743124489,-0.429252049,-1.036198625,-1.080399044,0.052633918
0.169895606,-0.512597844,0.649691521,1.149090793,0.89453619,-0.237446886,-0.313348702,-0.749825653,-0.613961369,-0.546694315
-0.523056771,0.43456286,-1.511069689,-0.101748427,-0.906047731,-1.076252281,0.062785431,-0.677686577,0.16905965,-1.58583291
-0.652889829,-0.245985503,0.633213969,-1.355796521,0.288938522,-1.246367777,-0.810150888,-1.372670753,-0.110159828,-0.680949496
0.738538906,0.104659341,-0.603267081,0.740357752,0.038668109,-1.244586448,-0.703177718,-0.416354862,-0.899080554,-0.680867821
0.457377484,2.392449558,0.798286156,0.114375249,0.560637362,1.078723788,0.064008702,0.630850737,0.378836862,-0.075904714
0.887906527,1.635132289,-0.60246431,0.67345519,0.489193846,-0.712998929,-0.600979992,0.769938734,-0.072458303,-0.018992491
0.463565219,-0.860665656,-0.003069622,-1.04788717,0.363582038,0.669273393,1.627345472,1.123329959,-0.249756258,1.29328057
1.007327019,0.47072554,-0.01751956,-0.909995523,0.335333855,0.046903157,-0.014167796,0.391556068,-0.818790376,-1.256630413
0.205689995,-0.625250924,-0.71712118,-0.561248554,-0.048189759,-0.528401273,0.095001042,-0.48907479,0.177101541,-0.807764907
-2.153800442,-2.290000908,-2.175313607,-1.318521497,-2.106950027,0.24560174,-0.338569929,-0.948768361,-0.668467932,-0.698098399
0.437358852,0.298223697,0.216055888,0.471926424,0.855660887,-0.297885091,-0.086454317,-0.381160047,-0.414958464,-0.233333724
-0.876866895,0.479029907,-0.242647063,1.568092558,-0.1761354,-0.068589643,-0.041049603,0.081781521,0.445370543,0.069528148
0.612012672,0.624888602,-0.750222165,-0.288047052,0.376900579,-1.015289384,-1.37967626,-0.63646909,-0.85312353,-1.290571717
-0.933333061,-1.676487039,-0.715087716,0.291033122,-1.717106567,0.173495751,-0.71197542,-0.937224287,-0.60106432,-0.140481535
0.881377857,1.200201337,0.050259626,0.805731041,0.223153198,1.098756393,0.329110646,0.967589946,-0.062758381,1.434743459
-0.946627981,-0.013828405,1.148240449,-0.376687476,-0.827525231,0.312895568,-0.769839486,-0.100609632,-0.568379217,-1.038906996
-0.586152496,1.322885832,1.82766607,1.263963063,0.819989715,-0.818440793,-0.241313651,-0.963150688,0.44279233,-0.588073514
0.21680919,-0.886969271,0.333069927,-0.234649469,-0.863223688,-1.227005432,-0.135505423,0.4239259,-0.271251297,0.588028779
-0.799306731,-0.385202163,0.495910214,-0.478073595,-0.1451225,-0.940440799,-0.637382268,-1.11004464,-1.010876813,-0.854796779
-0.8824758,1.276295922,1.035524797,0.519412364,0.471702592,0.702557896,2.374155106,2.182884407,-0.273014094,2.02821582
1.472545998,0.729422692,-0.172292317,0.96851307,-0.407563856,2.357529647,0.489534777,1.290018101,1.194926588,0.968224037
-1.907634636,-1.056604293,-0.625766903,-1.135481481,-1.152433774,-1.528876716,-2.483142662,-2.438496067,-1.239542981,-1.758618561
2.064844126,1.134188902,0.099777385,-2.281486834,-1.10072921,0.375197561,-0.215767787,-0.104638933,1.123906208,-0.911138093
-2.128492427,-0.838601205,0.090576896,-0.546922731,-0.579111504,1.505253655,-0.342799769,-1.440617939,-0.728838062,-0.450794765
-0.007068968,0.685994419,0.343169666,-0.47711801,-0.234404516,1.608521651,0.974819685,-0.2116361,-1.24143217,-0.170510132
0.315101826,0.273051783,0.478560881,-0.422681834,-0.528956263,1.249647207,-0.683560031,-0.28891441,0.01843609,0.358633226
0.774755292,1.12474941,1.186566538,1.079788298,2.291028656,0.198992412,1.730568592,1.395238727,0.559552915,0.918661663
-0.782289772,1.64774382,-0.110814628,0.641686473,2.071222732,-0.59061473,-0.000153536,-0.687918494,-0.146296354,-0.796363366
-2.040457949,-0.471616416,-1.406452997,-2.317945086,-2.363613487,-0.880954323,-2.043678924,-1.882414544,-1.507977529,-0.923828049
-1.422366892,-0.53717619,0.128763207,0.207658657,0.580572725,0.206485133,-0.66769558,0.337816076,1.145735081,0.813486336
-0.468151056,0.516876246,0.963112766,0.619141002,0.562779066,1.937962959,1.548723903,1.351736553,0.584401787,0.011286457
0.590698832,-1.158511133,-0.045044704,0.517987615,0.48327578,1.218862698,-0.091252778,-0.210295439,-1.481180684,-1.84012383
0.594494115,1.594780117,-0.086603848,-0.144870009,1.192696238,-1.388338796,-0.406447661,-0.188973271,-0.148358436,0.802996758
-0.905272151,-1.09067325,-0.349932647,-2.630788279,-1.852857494,-1.540314382,-1.94346932,-2.061121016,-1.374760091,-0.983937455
-0.108338573,-1.09997735,-0.446356383,-0.330738058,-0.982263124,-0.990838266,-0.418275545,-0.908809007,0.42273851,-0.505939898
-0.98657415,-0.184993763,-0.104019334,-0.95799182,0.845714379,1.131503844,0.88892587,1.245181684,2.041119068,0.977382067
-0.239591263,0.799912573,0.246859329,1.681674852,0.959641774,-0.515252771,1.019612594,1.008865902,0.448064011,0.49729195
-0.487505178,0.085599986,1.175359257,0.096107086,0.988417576,-0.115488514,-1.196802891,-1.292023294,-1.093461848,0.052142262
0.820153711,0.163880395,-0.746044489,-0.988592254,-1.323689759,-0.631353603,-1.010056089,0.917940296,0.149566335,-0.686357203
1.904161497,1.70713306,-0.177904104,2.002021151,0.76158515,1.82871811,1.114856405,1.541588703,0.561235911,1.072492397
-0.956781,-0.972807903,0.157799652,1.72088459,-1.19419228,-1.049227306,-0.99055207,-1.613817184,-0.745979867,-1.729663566
0.711424661,0.795866945,0.538958022,0.294163532,0.779720812,-0.397309797,0.74208768,0.025630861,0.641748076,-0.855672746
-0.264752134,-1.257485962,0.336295175,-1.130559954,-0.67085737,-1.318228307,-2.050232383,-2.12315073,-1.526485216,-0.499766708
-0.122552354,-1.410552065,-1.213434757,-1.730005507,-1.414192438,-1.220677946,0.845144205,0.777583333,0.788124553,1.843095694
0.125863533,-0.306001061,-1.171775501,-0.32915648,-0.5558584,-0.272567918,0.091240428,-0.545240148,-1.665782437,-0.292027232
-0.173636215,0.074514582,-0.075816852,-0.099967128,-0.278239069,-0.826092716,-0.110286463,-0.077945343,0.091337491,-0.368157144
-0.620512374,-0.671792864,0.686880412,0.785339971,-0.867863402,0.076374469,-0.338342279,-0.216286734,-0.733203608,-0.293365307
0.349611803,-0.734283925,-0.541199101,0.478105358,-1.121335307,1.265945678,0.937501013,-0.07527884,0.504926872,-0.25591081
-1.397236486,-0.537561873,-0.507318584,1.139265394,-1.160046577,0.472785277,0.972843054,0.125721376,0.788347636,-0.665984901
1.112436447,-0.067271106,0.632261783,-1.113579503,-0.902402686,-0.35034918,-0.432929161,0.085121877,-1.175804784,0.161826609
1.094999664,0.859655054,-0.429945834,2.193483027,1.289876483,0.861566908,0.437293361,-0.063244831,0.332395361,0.397863194
-1.567467071,-1.385155124,-0.891960408,-1.129215818,-1.11977035,-1.782965948,-1.806292384,-2.204442566,-0.164339028,-1.136831271
-0.726433305,-1.349289348,-0.632879856,-0.370954945,-0.981410263,-2.030037056,-2.840232869,-3.253137863,-2.225341291,-2.125101251
-0.640147346,-1.613802605,-1.293776508,-1.205993577,-1.011004322,1.984064479,0.352002487,0.09447536,-0.015699298,-0.360365049
1.479478371,0.224789093,1.018137447,0.409637594,1.699405582,-0.2371208,1.014122818,1.049446001,2.161309102,1.118520777
0.489468644,2.016289226,-0.74586861,2.983349276,1.633663327,2.429237022,1.720780215,1.126265512,0.681926983,1.491733169
-0.39909326,-1.148685897,-0.372198546,-0.165134389,-0.83734714,0.134473506,-0.817892005,-0.657738243,-0.203529394,-0.052675155
0.143927073,-0.146038459,-0.465864902,2.046298123,0.801056559,-0.158216407,-0.727144366,-0.359736639,-1.378555359,0.421416552
-0.714498687,0.360900896,-0.346488889,0.523884168,-0.318864869,0.899211142,-0.584776507,-0.235541574,0.566031829,0.476047961
-0.110432074,0.946165027,-0.25835513,-0.887937728,-0.196712183,2.451172958,1.463866489,1.836472632,1.89534639,1.561696146
-1.399377453,-0.626656944,0.090288979,-2.058344485,-0.816578601,0.670478719,-0.29940238,-0.622746968,0.15431877,-1.451799095
0.096112006,-1.145097153,-0.032267316,0.123977861,-0.468140392,-0.0771781,-1.159746911,-0.883601375,-0.673098832,-2.053259961
2.206774581,0.63606314,0.596189117,0.944792821,-0.186730146,0.252853664,1.72468415,1.066638808,0.494250446,-0.954061785
0.09478967,-0.352984573,1.127682988,1.060479429,0.849334232,-0.506712556,0.141813055,0.137989139,-0.773798012,0.520135744
-1.351579939,0.388994211,-0.043325868,0.879138416,-0.333772626,0.525148036,1.350272297,0.904419135,1.855432029,0.380811246
0.814627344,1.309843678,0.842617458,2.360318712,0.622253042,-0.521958512,-0.004373321,0.22697038,-0.067288017,0.649715341
-1.564589322,-0.819839986,-0.14641865,-0.644439344,-0.055824178,2.09206821,1.889666024,1.476727408,1.275311289,2.192356508
0.461380195,-0.343155054,1.306642753,1.171672547,0.617912374,2.062906766,-0.415662199,0.734356412,1.33948205,-0.468735058
-0.382915331,-0.920912978,-1.182936486,-0.140288268,-1.547722156,-0.785766873,-2.471424818,-1.578486861,-1.500806802,-1.406463915
2.551352492,1.2069323,1.479648001,0.987824807,1.631128828,0.393824712,-0.975002594,-0.019063954,0.157022886,0.37723402
-0.301821274,-1.172263982,-0.949095078,-1.287171224,-0.889337029,0.759060375,0.122288107,0.537364864,-0.513971948,0.380798773
-1.213140316,-1.239781079,-0.143721467,0.056797611,-0.826017859,-1.381752746,0.163635671,0.612983054,-0.607411357,-0.292669564
-0.494020227,-1.975040822,-2.284222152,-0.898146382,-0.918404636,0.246109668,0.533785288,1.058368011,0.584243849,0.146612903
-2.42160818,-1.804505149,-1.011321443,-1.681733628,-0.636390116,-3.014106577,0.319137385,-1.479750772,-0.114433997,-0.361186142
-1.307082166,-0.035162517,0.074974912,0.772769633,-0.199253852,-0.923500963,-0.424865238,-0.029057321,1.057009744,-1.519606322
0.418210842,-2.274624093,-1.323229749,-0.923626232,-1.523876084,-1.034724344,-0.594056379,0.034890717,-1.151924412,-0.525975846
-0.516501103,-2.513347423,-0.329170426,-1.49136072,-1.82232501,0.137795097,0.374402717,-0.364984365,-0.476494929,0.641865945
-0.666871674,0.136491672,-2.087857503,-0.915248216,-1.045412608,0.797395205,-0.413113674,-0.42118838,-0.367272488,-0.4094021
-0.649846905,-0.142455856,0.241695015,-0.061380377,-0.265953203,0.516043899,1.473904152,2.077556269,1.199225949,0.110701601
-1.008985571,0.22841677,0.347286878,-0.649142866,-0.247275921,-0.212425932,-1.306123063,0.497265435,-1.604752742,0.825050132
-0.837956894,-1.915111349,-1.750010708,-2.390909579,-1.651418111,-0.031835578,-0.811782286,-1.965920448,-2.106494959,-2.287361216
1.666799855,1.508810721,0.934100747,0.915053322,1.487404888,0.333623267,0.79707242,-0.073296517,0.1009263,-0.105810067
1.008897815,-0.571471934,0.178131419,-0.352102527,-0.540360522,0.965884051,0.093375445,0.802842871,0.394252431,0.428366507
2.159110145,1.575782123,1.065265508,1.630614248,1.874864535,-0.372088217,-0.975908257,-0.318011154,0.50453939,-1.452087703
-0.445661745,-1.05965571,-1.137512399,0.65275973,-0.029044218,-0.245662308,1.03591896,0.853418592,0.772413956,0.5282619
0.689408311,0.047453922,1.330518022,-0.115030766,0.316507767,0.055616338,1.484492648,0.294877205,1.5419643,0.515549544
1.133906676,0.388331521,0.366168998,0.235318628,-0.026664539,0.696326725,1.345012015,2.048149103,1.124017643,1.216826379
-0.484023933,-0.842480289,0.157856921,-1.206627323,-0.21021209,-1.513673723,-1.501157074,-1.682204172,-1.834233131,-1.516968549
-1.080159397,0.433441715,0.184755215,0.877925599,0.971611529,-0.202944004,-0.165746299,0.038629139,-1.494386808,-0.473452946
-2.07025868,-2.782490002,-1.134750236,-1.058078456,-1.283409716,1.168222778,-0.784857645,-0.887479611,-1.957203353,-1.161461398
-1.900878152,-2.292412755,-1.877168174,-2.66374132,-2.397172812,-0.229884582,-0.54221918,0.586894059,-0.317258143,0.731673773
-1.974273543,-1.218862485,-0.64765724,-2.156829266,-2.357624644,0.121375726,0.150336755,1.411903172,1.076115574,1.029293605
0.508493812,-1.29145145,0.894342653,-0.537993698,0.694858522,0.69317404,1.336925508,0.916981642,-0.027278372,0.369609739
-1.396652331,-0.17151678,-1.404683338,-3.208742715,-0.872612825,-0.392136254,1.2148909,0.337564405,-0.437970642,0.123335685
1.382649907,0.842062521,0.52219109,0.285771586,0.220317067,0.939123195,1.689336542,1.848096145,2.164185317,1.19714881
0.282202667,-0.038652161,0.005422253,0.766898399,0.21365328,1.640982875,0.994051239,1.142907263,-0.227618959,1.077327622
1.30914039,2.735664085,-0.368735206,1.187735062,0.983553517,0.927844059,0.590201499,0.754500272,-0.070410581,1.008412357
-0.495027155,-1.212218093,-0.629335973,-2.710207014,-0.739195665,-0.146499866,-0.474204507,-0.50795284,-0.478198495,0.729844264
