ID,stress1,stress2,stress3,stress4,stress5,IQ1,IQ2,IQ3,IQ4,IQ5
1,1,2,1,2,1,-0.11390669,0.002776048,-0.593330967,-0.94854602,1.009519169
2,2,2,1,2,2,-0.885139461,-1.626951827,-0.67289496,-0.561626496,-1.121321178
3,1,1,1,2,1,-0.200370918,0.258900099,-0.449014456,-0.648372971,-1.028216447
4,2,1,1,2,1,0.186646425,1.188804827,-0.160276045,-0.623083265,-0.026293724
5,2,2,2,2,2,0.844977178,2.534631149,2.194679565,1.791102727,-0.126931179
6,2,2,2,2,2,-1.107069592,-0.348830325,1.312574428,-0.863576607,-1.523571229
7,2,2,1,2,2,-0.879625848,-0.623063236,-0.043432408,-0.267292264,-0.848075726
8,2,2,1,2,2,0.163818974,1.02659102,0.049848435,1.174401486,-0.257556103
9,1,2,1,2,1,-0.773635438,-0.845051442,-1.064678826,-0.43643135,-0.750758123
10,2,2,1,2,1,0.313737973,0.150512091,0.198674168,1.137387289,1.095241646
11,3,3,2,3,2,1.313294965,0.407198325,-0.190092829,0.2071752,0.640935284
12,1,2,1,2,2,0.927123236,-0.683717379,-0.459840258,-0.35032152,-0.251977943
13,2,1,1,2,1,-0.203662553,-0.14555042,0.122067655,1.372452279,-1.114131325
14,1,1,1,2,2,1.040805045,0.312004621,-0.228054852,-1.044255811,-0.634369134
15,1,1,1,2,1,-0.343500997,-1.232458399,-0.804354413,-0.586762009,-0.865078213
16,1,2,2,2,1,-0.183581153,0.374006324,-0.343106463,0.533350576,0.360597662
17,2,2,1,2,2,-0.299319042,0.003924182,-0.51632076,0.04412978,-0.718406434
18,1,1,1,2,1,-0.021540073,0.084833582,-0.066233151,-0.123120984,0.939872368
19,1,2,1,2,2,-0.306362464,0.406885503,0.143366004,0.380520455,-0.658105053
20,1,2,1,2,2,-1.164120919,-1.071500652,-0.893765063,-0.991541119,1.198487321
21,1,2,1,2,1,-0.792849034,-0.774653737,-1.013546811,-0.907675066,-0.650926582
22,3,2,2,3,2,-0.283681277,-0.353223767,0.19356427,-0.908729826,-0.370408046
23,1,2,1,2,1,-0.430182982,-1.127654373,-0.21905086,-0.930616907,0.591727386
24,1,2,1,2,2,-0.540601927,-1.347812271,-0.066224121,-0.986094541,-1.194537682
25,1,2,1,1,1,-0.097324597,-0.693432586,-1.062260724,-0.644185736,-0.771158671
26,2,1,1,2,1,-1.286243851,-0.812656905,-0.899870914,-0.628643572,-1.440870951
27,2,2,1,2,2,-0.226814098,-0.521971511,1.021438468,3.057282527,1.97612038
28,1,2,1,2,2,1.560753447,1.568373733,-0.27639075,-0.260261838,-0.009598835
29,2,1,1,2,1,0.646828826,1.132151617,0.766503699,1.070357474,-0.136580399
30,1,2,1,2,1,-1.114018869,-1.323663089,-1.054638255,-0.500964687,-0.524595257
31,2,2,1,2,2,-0.631600073,-0.135866143,1.185178542,0.399331558,-0.976850295
32,2,2,2,2,1,-0.33211814,-0.223561137,-0.855238269,-0.993082168,-0.761721136
33,2,3,2,2,2,2.959600236,1.879121002,4.048665458,0.668304908,0.760197716
34,2,3,2,3,2,0.393873808,1.212523069,2.808377952,1.109287992,1.202723735
35,1,2,1,2,1,1.340076647,0.934460988,2.923549553,2.595108119,1.174410582
36,2,2,1,2,2,0.511126375,-0.110090823,-0.445418139,0.735628707,-0.060601039
37,1,2,2,2,2,0.430727689,-0.364630495,-0.301181887,-0.453212389,0.937668505
38,1,2,2,2,2,-0.978092379,-0.687738787,-1.006592611,-0.711039121,-0.405282476
39,1,1,1,2,1,-0.113140596,1.405886086,0.01023725,0.830683504,0.859641764
40,2,1,2,2,1,-1.227781776,-0.53761686,0.245247886,-0.885713874,-1.217560635
41,2,2,1,2,1,-0.935435515,-1.162972338,-0.942449033,-1.033506674,-0.862832769
42,1,1,1,2,2,0.676285189,-0.367044502,-0.499739363,-0.326021372,-0.809094908
43,2,2,1,1,1,0.787476825,-0.134807041,-0.061235668,0.071813839,0.490965681
44,2,2,1,2,2,-0.401965585,-0.158773199,-0.957743024,0.729610361,1.126548323
45,1,1,1,2,1,-0.459803508,-0.898599897,-1.048265636,-0.942018289,-1.202794058
46,1,2,1,2,1,-0.149698297,-0.172088113,-0.880812275,-0.50667704,-0.917480929
47,2,2,1,2,1,-0.718808435,-0.247742656,-0.853249534,-0.626203023,-0.897346488
48,2,2,1,2,2,0.743341919,1.562806773,0.477869481,-0.276354839,-0.267048276
49,2,2,2,2,2,2.900779416,3.034106776,0.757535138,3.283048334,0.442269788
50,1,2,1,2,2,-1.30314871,-1.808946288,-1.057020898,-1.056728052,-1.134362423
51,2,2,1,2,2,-0.891773583,-1.129337378,0.038757485,-1.01589163,-0.887602195
52,1,2,1,2,1,0.737185518,0.178581004,-0.145875417,-1.041506253,0.828888909
53,1,2,1,2,1,0.943426103,-0.297710704,-0.511813919,-0.323514355,-0.160160356
54,1,2,1,2,1,-0.339855391,0.503730634,-0.038161279,-0.238423807,0.068164699
55,2,2,2,2,3,0.550522299,1.492608531,0.324459818,-0.760823098,-0.78628924
56,2,1,1,2,1,1.28177374,-0.013608216,1.684650381,1.059243974,0.792025264
57,1,1,1,2,1,-0.433791833,-0.035123163,-0.015019882,0.091972817,1.243965469
58,2,2,2,2,2,1.250199738,0.105519715,0.081385665,-0.886187341,0.374875711
59,2,2,1,2,2,-1.043837001,-0.547573184,-0.98661734,-0.874606806,-0.792076612
60,2,2,1,2,2,1.01052982,-0.374630368,-0.132492785,0.895427114,-0.466822849
61,2,2,2,2,2,-0.309005109,0.203194826,-0.613858276,2.73779332,0.256618226
62,2,3,2,2,2,-0.18950976,-0.754896512,0.37590685,-1.05394044,-0.397699937
63,1,2,1,2,2,-0.384598866,-0.324412172,-0.766783974,-0.612552999,-0.463386201
64,1,2,1,2,2,1.192087514,0.716518776,1.028946383,-0.056163027,0.361445051
65,1,2,1,2,1,-0.792243597,-0.967780976,-1.056799365,-0.862505558,-0.757262593
66,1,2,1,2,1,-0.993477923,-1.126304722,-1.063136311,-0.725999766,-0.584156078
67,2,2,1,2,2,0.452152207,0.315459736,-0.787202611,-0.134847568,-0.699990072
68,2,2,1,2,1,-0.281719057,-0.260279375,-0.049655198,-0.847517553,-0.738619982
69,1,1,1,1,1,-0.859992003,-0.944010159,-1.064458123,-0.946168763,-0.281350354
70,2,3,1,2,2,-0.714846238,-0.836342212,-1.024011269,-0.376650095,-0.948467538
71,2,2,2,2,2,0.279528591,2.056366115,0.054795392,-0.716350125,0.062613136
72,2,1,1,2,1,-0.849080444,-1.018098361,-0.877602336,-1.008587787,-1.457039288
73,2,2,1,3,2,-0.484591107,-1.114569108,0.06097123,-0.853109103,-0.571057076
74,2,2,1,2,1,-1.087028161,-0.276177495,-1.061620907,-0.677558176,0.020745125
75,2,2,1,2,2,0.281536483,1.685787314,1.18281082,0.227040034,2.870911221
76,2,2,1,2,2,-0.94066051,-0.054032416,-0.376116371,-0.207140498,0.504519968
77,2,2,1,2,2,1.27833242,1.233912275,-0.487068391,0.367002904,0.91785116
78,2,2,1,2,2,-0.589899012,-0.410185769,-0.489130115,-0.690160121,-0.468743607
79,1,2,1,2,2,0.188184328,0.47530283,-0.163448182,0.031702319,-0.182413429
80,2,2,1,2,1,0.536372067,-0.079772992,0.491999582,0.682849927,0.223594097
81,2,2,1,2,2,1.569259544,1.066377051,-0.401891322,0.483635749,-0.339171704
82,1,2,1,2,2,-0.199993772,-0.538680163,-0.665738765,-1.022310139,-1.158413311
83,1,2,1,3,3,1.380755892,1.244313631,-0.300437672,-0.207864292,0.076144377
84,2,2,1,2,2,-1.001371118,-1.286997264,-0.878679038,-1.041357273,-0.725968614
85,1,2,1,2,2,-0.601735598,0.045548122,-0.053224683,-0.997024768,-0.392649721
86,1,2,2,2,1,0.403998632,1.356132942,0.087907403,0.023018353,0.701920076
87,1,1,1,2,2,0.244214519,0.174111702,3.560163126,-0.213538242,-1.003982348
88,1,2,1,2,1,-0.392053247,0.12294823,-0.353108053,-0.424108355,-0.334870983
89,2,3,1,2,3,0.472443014,0.031462329,0.593042442,1.030010626,0.010635908
90,2,3,1,2,2,0.978287891,1.616641801,0.668293463,2.353348023,0.450989021
91,1,2,1,2,2,-1.003519154,0.421014335,-1.019188177,-0.960212106,-0.678534402
92,2,2,1,2,2,1.36575402,0.919013548,0.795702986,1.735862674,0.079520929
93,2,2,2,2,2,0.626781472,-0.005677693,0.819828923,0.204044006,0.085807833
94,2,2,1,2,1,-0.133515597,-0.601986182,-0.487210859,-1.014453168,1.240915954
95,1,2,1,2,1,-0.505774303,-0.738488306,-0.997699435,-1.06221464,-0.725765772
96,1,2,1,2,1,0.066001753,0.572630661,-0.481600117,-0.362529203,0.326713746
97,2,2,1,2,2,0.672281118,-0.640770263,-0.65091924,-1.006078525,-0.185626671
98,1,2,2,2,3,-0.081032146,-0.57741277,-0.368139044,-0.654255079,-0.785349598
99,1,3,1,3,2,-0.578362729,-0.175532906,0.104344017,1.150689894,-0.026203718
100,3,2,2,2,2,-1.243916471,-0.907941848,-0.030603078,0.645010905,-0.878079837
101,1,1,1,2,1,0.834839539,1.103189975,0.396423733,0.909846833,1.102646826
102,2,2,2,2,2,1.74988463,1.287492854,3.240137892,1.131671401,0.059417979
103,2,2,2,3,2,0.582689255,1.205201924,-1.064145339,-0.729290231,-0.529927711
104,2,2,1,2,1,0.303424729,0.228835023,-0.182871883,0.280776931,-0.717812513
105,1,2,1,2,1,-0.366852784,-1.250930699,-0.747303864,-1.053844059,-0.84433167
106,2,2,1,2,1,0.259174131,-0.509796231,-0.278012857,1.14257459,1.446978536
107,1,1,1,2,2,-0.660592395,-0.369931547,-0.767144354,-0.987390905,-0.950699105
108,2,2,1,2,2,-0.061844018,-0.281550192,0.332451631,-0.872690002,1.331670422
109,1,1,1,2,1,-1.143477684,-0.355589094,-0.116956799,-0.796443888,-0.310893772
110,2,2,1,2,2,2.363321217,1.576057503,0.571568083,0.224907593,1.71873868
111,1,1,1,2,1,-0.12498163,-0.396316703,-0.729172428,-0.910274256,-0.179189298
112,1,1,1,2,2,1.908472377,0.749550519,0.075198702,-0.697135012,0.288040169
113,1,2,1,2,1,1.013112362,3.576944933,2.482753465,-0.169169772,0.346990922
114,1,2,1,2,1,-0.565089399,0.250532585,1.675183301,0.304150366,-0.066026282
115,1,2,1,2,2,-0.461634195,0.17634159,-0.994966295,-0.042059723,-0.154872962
116,1,1,1,2,1,-0.706572082,-0.889315048,-0.715657854,-0.059182072,-0.332460364
117,2,2,1,2,2,-1.206439634,-1.161352126,-0.560477175,-0.385541454,-0.35804613
118,2,2,1,2,2,0.600706752,-0.085443981,0.068956125,-0.704979278,0.079022566
119,2,2,2,2,2,0.171801607,-0.453898114,1.523430711,3.562695706,1.818238021
120,2,2,2,3,2,-0.434628485,-0.299586881,-0.226461704,-0.589258941,0.200422883
121,2,2,1,2,2,-0.520955984,-0.694982557,-0.393567949,-0.488926054,-1.668867187
122,1,2,2,2,1,-0.322111428,-0.137909024,-0.98480551,-1.060293153,-0.526577434
123,1,1,1,2,1,0.341807636,-1.047095704,0.112447851,1.137699536,1.261222658
124,1,2,1,2,1,-0.857386588,-0.799114196,-0.685629293,0.766229885,-0.863598507
125,2,2,1,2,2,-1.047337349,-1.063118648,-0.914838927,-1.046994188,-0.891224772
126,1,2,2,2,2,1.555302409,1.30765664,-0.793819895,-0.20738208,-0.453428608
127,1,2,1,2,2,3.474308438,0.487689399,-0.23607715,0.501375629,-0.683796707
128,2,3,2,3,3,2.042520681,1.985771098,-0.453229138,0.245762869,1.136808228
129,1,1,2,2,1,-1.323201623,-1.412148854,-0.858621541,-1.035561374,-2.04170786
130,2,2,1,2,1,-1.065024412,-1.159162294,-0.035811015,-0.973397921,-1.084363475
131,2,2,1,2,1,-0.345163593,-0.955661452,0.656038176,-0.416237677,-0.64043998
132,2,2,1,2,2,1.283229333,0.524942036,0.019787807,-0.390515265,0.770157485
133,3,2,1,3,2,-0.832023899,-0.669772017,-0.900793772,-1.022022929,-1.098163372
134,2,2,1,2,2,-1.453686624,-0.876039643,-1.01662545,-0.982661094,-0.921793981
135,1,2,2,2,1,-0.737989161,-0.726886671,-0.794814807,0.615619559,-0.670363978
136,2,2,1,2,1,-0.790468384,-1.091280761,-0.929250336,-1.03748605,-1.296452467
137,2,2,2,3,2,1.686555708,0.153241053,-0.029691515,0.139962942,0.255995308
138,2,2,1,2,1,-1.04824137,-1.270288751,-1.036268599,-0.978509558,-1.419672686
139,1,2,1,1,1,-0.42391531,0.168696751,0.716747351,-0.233653183,-0.227706286
140,2,1,1,2,2,-0.258621594,0.290428171,-0.023336367,-0.669456143,-0.608430959
141,1,1,1,2,1,-0.528237276,-0.383834222,-0.78698545,-0.84821577,-0.050824208
142,2,2,1,2,2,0.192565484,-0.133708637,-0.41122706,0.090726898,1.816055219
143,1,2,2,2,2,-0.881482643,-0.347919231,-0.993636234,-0.114469785,-0.96238102
144,2,2,1,2,2,0.303630913,0.483179688,3.13325913,1.587970462,1.51594398
145,2,2,1,2,2,-0.072188102,0.074900952,0.160271528,-0.537112931,1.4327012
146,2,2,1,2,2,-0.657092421,-1.204283177,-0.216252656,-0.391731111,-0.018360559
147,1,2,2,3,3,1.011931152,1.816500755,0.220337281,0.862000214,0.165672917
148,2,2,1,2,2,0.065263794,0.13325761,-0.344793844,0.37010674,1.858854333
149,1,2,1,2,1,-0.559738439,-1.173812595,-1.028911124,-0.560016274,-1.19851406
150,1,1,1,2,2,2.023075499,2.427402452,0.742698413,2.204026906,1.294043543
151,2,2,2,2,2,0.988304381,2.959411426,1.802941925,1.177212292,2.619464467
152,2,2,2,2,2,0.253548841,-0.900290891,-0.01943182,-0.872002487,0.926126378
153,2,2,2,2,2,-0.613222673,0.869241987,-0.640880172,-0.261152204,-0.14059392
154,2,1,1,2,2,-0.116054692,0.617471816,-0.168470469,-0.280525072,0.413242782
155,1,1,1,2,1,-0.082605774,0.058747449,-0.720130824,-0.958961818,-0.842681629
156,1,1,1,2,1,-0.020758993,-0.472610018,-0.418459352,-0.796306676,-0.633212598
157,2,2,1,2,2,0.26716924,0.116572961,1.553143888,0.86902161,-0.95611431
158,2,2,1,2,2,0.052790605,0.899075996,-0.00182223,-0.8017373,0.38916741
159,2,2,1,2,2,0.09408642,-0.71577312,0.641567159,-0.330348026,-0.64868564
160,2,2,1,2,1,-0.623095105,-1.153409437,-0.835869148,-0.549352718,-0.549234024
161,1,1,1,2,2,0.005998257,0.922422106,-0.864456977,-0.919308064,0.744433966
162,2,2,2,2,2,3.063689359,2.774161177,0.433865979,3.10439166,2.24882961
163,1,2,1,2,2,-0.423992889,-0.803119485,-0.923423037,-0.625828148,-0.422178023
164,2,2,1,2,2,-1.380161282,-0.00496036,-0.789117478,-0.787609405,-1.188518368
165,1,2,1,2,2,-0.200342603,1.592949767,0.406649285,0.71686822,-0.599636593
166,2,1,1,1,1,-0.693108977,-0.724828089,-0.988969645,-0.588296884,-1.134342138
167,1,2,1,2,1,-0.338186935,0.437888396,0.431440587,0.328444939,-0.540774239
168,2,2,1,2,1,0.057892835,-0.086518411,-0.523660025,0.23421698,0.134544306
169,3,2,2,2,2,1.548044563,1.519812334,-0.550734331,0.767816451,1.428740051
170,2,2,1,2,1,0.025809298,0.672768289,0.90942646,1.066663953,0.345531181
171,3,2,1,2,3,0.135308867,0.318402323,-0.197604635,-0.017289294,0.264296846
172,1,3,1,2,2,0.953580327,-0.686024719,0.525038505,-0.139412038,0.736535432
173,1,1,1,2,1,1.145274968,-0.266147113,-0.315824659,0.441567691,-0.078843061
174,2,3,1,2,1,1.553635722,0.833280905,1.13057023,0.103887576,0.543167405
175,1,2,2,2,2,0.777977123,-0.319421585,-0.853863386,-0.495661282,-0.589175277
176,1,2,1,2,1,0.305887613,-0.096244186,1.093966187,0.793042451,0.330556323
177,2,2,1,2,1,-0.379982068,0.126372312,-0.565947895,1.443412122,1.438421267
178,1,2,1,2,2,1.905840672,0.784746995,1.087037049,-0.512470814,-0.007866401
179,1,1,1,2,1,-0.535991817,-0.239233022,0.270391189,1.402900921,0.111331222
180,1,2,1,2,1,0.191343518,0.200251176,0.479272174,0.240099011,2.245729296
181,1,2,1,2,2,0.662017588,0.433811053,1.07423274,0.363332038,0.843566341
182,2,3,2,2,2,0.378796153,-0.034932361,0.86387644,1.788123495,0.84113318
183,2,2,1,2,2,0.642520892,-0.067216684,-0.079573958,0.225460262,1.043102515
184,2,2,2,3,1,-0.449867066,-0.564665934,0.079562763,0.35336113,1.306983158
185,2,2,1,2,2,1.455779146,1.695426484,0.096608339,0.904523234,1.2312336
186,2,2,1,2,2,-0.847411102,-1.16740081,-0.830641178,-1.06640067,-0.618740072
187,1,2,1,2,2,-0.526572354,0.016786231,-0.95336626,-0.425147828,0.169967391
188,2,2,1,2,2,-1.398141363,-1.204028824,-0.639759721,0.470977051,-0.890556524
189,1,1,1,2,1,2.664736089,0.704272362,0.245046695,-0.888034863,-0.476430293
190,2,2,1,2,2,2.650867639,1.523513749,0.716903079,-0.924128125,0.689562728
191,1,1,1,2,1,-0.07172488,-0.088508629,1.444091537,-0.982558367,-0.377030979
192,2,3,2,3,2,-0.013165538,-0.67044212,-0.257122508,0.107733365,-0.27117597
193,2,2,1,2,2,1.00780983,1.259261279,1.480695618,-0.037393789,-0.280637941
194,2,2,2,2,1,0.644311773,-0.062056233,0.706457032,1.198877189,1.995098328
195,2,2,1,2,2,-0.816305841,-0.695334721,0.397407695,0.598096584,0.05634594
196,1,1,1,1,2,0.485981114,-0.568136732,-0.943711237,-0.591176661,-0.933321792
197,1,2,1,2,2,-0.956995408,0.620846622,1.493550744,-0.900006365,0.343917532
198,2,1,1,2,1,0.214994253,-0.54718915,-1.065086813,-0.323963882,0.475940911
199,2,2,1,2,2,0.781784364,0.560521543,1.570040031,-0.48202177,1.860291076
200,1,3,1,2,2,-0.695778471,-0.42433983,-0.01886653,0.374975951,0.536566047
201,1,1,1,2,1,-0.695468396,-0.447941749,-1.056847357,-0.617252688,-0.323026863
202,2,2,1,2,2,2.210492523,0.543258895,-0.896295999,0.03535448,0.294156436
203,1,1,1,2,1,-0.795939453,-0.334319014,-0.40733494,-0.651188618,-1.257694656
204,2,3,1,2,1,-0.899926538,-0.831971243,-0.961942992,-1.065654185,-1.527904593
205,2,2,2,2,2,3.207219243,2.88794532,2.798861469,4.560621575,4.083476687
206,1,2,2,2,2,-0.845267109,-0.366764639,0.657001594,1.378540316,-0.607335419
207,1,2,1,2,1,1.151146065,-0.296558902,-1.038900465,-0.936453299,-0.981961961
208,3,2,2,3,2,0.931292708,-0.494898907,-0.484442465,-0.487773601,-1.139752369
209,2,2,1,2,2,-0.594533388,-0.427953327,-0.67013866,-1.05996202,-0.364259284
210,1,1,1,2,1,-0.738120181,-0.975858991,-0.855419018,-0.986083624,-0.928439325
211,1,1,1,2,1,0.930074607,0.075420563,0.111963015,-0.021600815,0.34565168
212,2,2,1,2,2,-0.211596274,-0.6075876,-0.44617658,-0.114609614,0.259962055
213,1,2,1,2,1,-0.366158595,-0.047787137,-0.204305679,-0.262108323,-0.15452168
214,1,1,1,2,2,-1.393231422,-1.232483074,-1.066332434,-0.826996629,-1.909913414
215,1,2,1,2,2,-0.080955088,-0.220450117,1.12004024,2.860113333,2.591456321
216,2,2,2,2,2,1.317160952,0.141802046,0.213451384,0.418407094,-0.464223298
217,1,2,1,2,2,-1.072006404,-0.948222821,-0.930093327,-1.026627631,-0.95346166
218,1,2,2,2,2,0.117473735,0.393769757,-0.301906388,-0.565407923,0.039792379
219,2,1,1,2,1,-0.813532804,-0.481023459,-0.931144509,0.500195042,0.476664988
220,1,1,1,2,2,0.615349446,0.719814146,1.375946769,-0.288007455,1.047644469
221,1,2,1,2,1,-0.683301752,1.075438341,-0.999196158,-0.229616567,-0.180082545
222,2,2,1,3,2,0.55586208,1.278038086,1.29259484,1.474706675,0.673434002
223,1,2,1,2,2,-0.865323391,-0.697861398,0.403235103,0.065086159,-0.899543319
224,2,2,1,2,2,-0.751751009,-0.968519276,-0.882193136,-0.963806681,-1.471158771
225,1,2,1,2,1,-0.213578296,-0.611106137,-0.166317492,-0.762334413,-0.509932323
226,2,2,2,3,2,1.697975654,0.238240925,0.149810555,0.722713084,0.694658329
227,2,1,1,1,2,-0.983720413,-0.876240334,-0.99774937,-1.065092096,-1.348174585
228,2,2,1,2,1,-0.05374739,0.153926578,-0.082455083,-0.616480847,-1.214161123
229,1,2,2,2,2,0.9118234,0.672306048,0.766937755,1.443531493,0.546678875
230,1,2,1,3,1,-0.665083963,-0.314637281,-0.966487611,-1.065883967,-1.222454798
231,2,2,1,2,1,-0.338985371,-0.099959133,-0.65994414,-0.724895176,0.577349147
232,1,2,1,2,1,-0.573531809,1.005171603,-0.230638025,0.950352211,1.280546282
233,1,2,1,2,1,0.470062467,-0.464580136,-0.467559139,-0.777221331,-0.753428601
234,1,1,1,2,1,-0.543536955,-0.82119992,-0.77892208,-0.024759819,-0.797523038
235,1,2,1,2,2,0.251734435,0.218124197,-0.808459849,1.680452454,-0.212302593
236,2,2,2,2,1,-0.719724299,0.184163142,-0.675337293,0.762584692,1.930367998
237,2,3,2,2,3,-1.456909969,-1.186416459,-0.926677097,-1.011069514,-1.092889697
238,2,2,2,2,2,-0.799883616,-1.173963855,-0.99213624,-1.029685482,-0.886820823
239,3,3,2,2,3,-0.819174058,-0.267539598,-0.485832253,-0.406939712,0.32782493
240,2,2,1,2,2,-1.359570151,-1.118848637,-0.478461107,-0.797905704,-0.672429769
241,2,2,1,2,1,0.290306076,0.147556959,-0.971970199,-0.982883722,-1.06995342
242,2,1,2,2,2,0.536194373,0.89684469,1.398260564,-0.157160154,-0.569434711
243,2,1,1,2,1,0.27378993,0.535399029,-0.000370872,-1.041230644,0.384321675
244,1,1,1,2,1,-1.307982256,-0.675320767,-1.053970196,-0.917744552,-0.563614631
245,2,1,1,2,1,2.720163273,1.512983681,1.145770484,0.305925706,0.501633073
246,2,2,2,2,2,-1.098175963,-0.463259676,1.391977358,-0.861737778,-0.799222038
247,1,1,1,2,1,1.226444882,0.524922393,0.048532242,0.165396848,-0.206265969
248,3,2,1,2,2,-0.173920747,0.219698085,-0.612034487,-0.110102164,-0.610911617
249,2,2,2,2,2,0.474678085,1.492473998,0.355305205,1.217158405,-1.050740002
250,1,2,1,2,2,-0.979908932,-0.352717594,-0.002069182,0.548628871,0.584904808
251,1,1,1,2,1,-2.252728697,-1.825043964,-1.031955906,-0.825042368,-1.859074366
252,1,1,1,2,1,-0.937849007,-0.682231346,-1.013609213,-0.723341625,-0.464672711
253,2,2,1,3,2,-0.066067929,-0.517712963,-0.091741419,-0.734993966,-0.19446706
254,2,3,1,2,2,0.082320982,-0.050022881,0.322588045,1.241573868,-0.118046181
255,1,2,1,2,2,0.998798817,1.844795051,-0.711445377,-0.002573596,0.787236269
256,1,2,1,2,1,0.566373374,1.202491537,-0.762035411,0.324607877,-0.221614782
257,1,2,1,2,1,-0.732111774,-0.225831318,-0.748992422,0.181883835,-0.02429279
258,1,1,1,1,1,-0.056046572,-1.188882179,-0.389346658,-1.032075835,0.087244798
259,1,2,2,2,2,0.04266113,-0.689144662,-0.356580286,1.922953299,0.343001758
260,1,2,1,2,2,0.898783349,0.809408541,-0.125897846,1.371815328,1.498446399
261,2,2,2,3,2,-0.604854948,0.443018547,0.056914967,0.358568514,-0.543872443
262,1,2,1,2,1,-0.611969954,-1.231630968,-1.036630304,0.109107775,-0.843004781
263,3,3,2,2,2,-0.231026714,-0.381632431,0.044233679,-0.55529126,-0.570828239
264,2,2,1,2,1,1.418192061,0.544391737,2.099671929,-0.364886251,-0.269393841
265,1,1,1,2,2,0.172038402,1.528824928,0.54607967,0.525151714,0.584994982
266,2,2,2,2,1,-1.04246563,-1.067679448,-0.897938083,-0.989436447,-0.298493867
267,2,2,1,2,1,-0.438336926,-0.486428648,-0.467512412,-0.941103528,0.112449592
268,1,2,1,2,1,0.304758172,0.137389495,-0.332323229,0.810011219,2.526254751
269,1,2,2,2,2,1.13741725,0.261332427,1.000473328,0.155481883,0.655224166
270,1,2,1,2,1,0.533008034,1.287873004,-0.452068262,-0.196332992,-0.248016515
271,2,2,1,2,2,-1.725044,-1.639437453,-1.055756034,-0.748069816,-1.702484064
272,2,3,2,3,2,-0.420546498,2.053708468,-0.11685138,1.080606139,1.184456023
273,2,1,1,2,1,-0.620077654,-0.421317206,-0.533045058,-0.905351456,-0.490898239
274,2,2,1,2,1,-0.23197102,-0.276128855,0.497889768,-0.476244734,0.147673329
275,2,2,1,2,2,-0.765375619,0.895314532,-0.386340633,-0.417235486,0.481623449
276,1,2,1,2,1,-1.02070231,-1.037172862,-0.782826473,1.307883594,0.642739553
277,1,2,2,2,1,-1.181267894,-1.238958783,-1.041916583,-0.891954446,-0.829116653
278,1,2,1,2,2,2.139024723,-0.152143163,-1.063213428,-0.098116528,-0.596647552
279,1,1,1,2,2,1.176674076,0.206094514,2.022218794,-0.615001285,0.460551117
280,2,1,1,2,1,-0.645583015,-1.008573498,-0.90975413,-0.653920042,-0.509186882
281,2,2,1,2,1,0.513040494,-0.389904555,-0.107289468,-0.905261951,-0.535859329
282,2,2,1,3,2,0.471042172,-0.12317952,-0.149613227,0.791947829,0.443959054
283,1,2,1,2,1,-0.418111905,-1.23492836,-1.010706576,-1.057299231,-1.331924603
284,1,2,1,2,1,-0.001235456,0.319405756,-0.577716658,1.739578091,0.263700841
285,2,2,2,2,2,1.266135876,0.612632962,1.908487513,2.318724625,0.479038225
286,2,2,2,2,3,0.686105814,1.241913645,-0.262446034,-0.21681024,0.437694442
287,1,3,1,1,2,0.018277697,1.324010758,-0.168502169,0.201459301,0.247495385
288,1,2,1,2,1,-0.60613896,0.14419496,-0.440720343,-0.702748742,-0.898479746
289,2,2,1,2,1,0.329777592,0.243184464,0.531656309,0.147809894,1.390969239
290,3,3,2,3,3,-0.124741481,0.490955139,-0.815579238,1.644210539,1.192077076
291,2,2,1,2,1,-0.46761821,-0.684383497,-0.345462484,-0.776553321,-0.569984695
292,1,2,1,2,1,1.465637263,-0.058420926,-0.551022709,0.531726041,-0.602153504
293,2,3,2,2,2,0.85692425,0.303650172,-0.916445865,-0.234583553,-0.161683627
294,2,2,1,2,2,0.270516435,-0.281515273,-0.440096631,1.284078786,-0.304232574
295,1,1,1,1,1,-0.774121767,-1.219595582,-0.459864186,-0.871185684,-1.402834908
296,1,2,1,2,1,-1.279731825,-1.417553782,-0.049714789,-0.655963053,-1.213744117
297,1,2,1,2,1,-0.7071822,-1.05636285,0.519006864,0.364477315,1.197423253
298,1,2,2,2,2,-1.247859026,-0.589569445,-0.804681905,-0.103078832,0.280675438
299,2,2,1,2,1,0.125767655,-0.463377813,0.65374141,0.481323546,-0.630399965
300,2,2,1,2,2,-1.071748989,-0.715109846,-1.063818958,-1.040899488,-0.939612375
301,2,3,1,2,3,-0.396706755,0.400756955,-0.262080334,0.004545837,-0.032901502
302,1,2,1,2,2,0.813346047,0.348421194,0.095043847,-0.150404853,0.211043302
303,1,2,2,2,1,3.02953453,0.535650441,1.431808321,0.720438576,3.12446198
304,1,2,1,1,2,-0.842112173,-0.911590599,-0.297463422,-0.974873661,-1.056022143
305,2,2,2,2,3,-0.620287992,-0.878069113,-0.786157331,-0.600938556,-0.788340322
306,1,2,1,2,2,-0.32272117,0.470988956,1.651140223,0.534207622,0.422878674
307,2,1,1,2,2,-0.255438596,-0.468671103,-0.917558393,-0.815824523,-0.886915427
308,1,1,1,1,1,-1.237421021,-0.486080354,-0.940582254,-1.066120199,-1.211273497
309,2,2,1,2,1,-0.976706596,-1.452834148,-1.064395706,0.069824005,-0.359956738
310,2,3,2,2,2,-0.357706259,0.2538508,0.053697268,-0.762361843,0.044980689
311,2,1,1,2,2,-0.977501225,-1.15895548,-0.037356617,-0.187374431,-0.735338887
312,2,2,2,2,1,0.212165742,0.159682858,-0.518024186,0.397191124,0.081444218
313,1,1,1,2,2,-0.930416959,-0.589596665,-1.000439859,-0.876993768,-0.967313477
314,1,2,1,2,1,-1.026745593,-1.210254589,-1.064560491,-1.055324458,-0.89364031
315,2,2,2,2,2,0.505254216,0.039657953,1.599030699,0.948250125,3.04665722
316,1,1,1,2,1,0.470955764,-0.078949984,-0.035444722,-0.411855977,-0.585231654
317,2,2,1,2,1,-0.981997942,-0.123185902,-0.751662892,-0.770861624,-0.41372282
318,2,2,1,2,2,-1.018345074,-0.878857375,-0.886108668,-0.953975156,-0.834558077
319,1,2,1,2,1,0.741371281,2.825557705,0.423085072,-0.755407969,-0.500138594
320,2,2,1,2,1,0.578830622,0.768276195,0.464486552,0.188101513,0.027624768
321,2,2,1,2,2,0.474560094,0.706472812,0.154405543,-0.158981723,0.996521461
322,2,2,2,2,2,-0.048042265,0.0097557,0.352763995,-0.010040137,0.631132874
323,1,1,1,2,1,-0.369325525,-0.012783665,0.017103254,-0.657723214,-0.550216455
324,1,2,1,2,2,1.053091096,1.241635426,-0.681151681,1.043530713,0.59801011
325,1,2,1,2,2,0.190595441,0.176653517,-0.820536824,-0.782981529,-0.28320068
326,2,2,1,2,1,-0.424040278,0.067157635,-0.344203913,-0.40609636,1.253468287
327,2,2,2,2,3,-0.374498242,-0.143111687,1.325107692,1.113473526,-0.430404684
328,1,3,1,2,1,-0.380491179,-1.131576861,-0.69947579,-0.694536594,-1.504388688
329,2,2,1,2,2,0.200327133,0.457352249,-1.034075591,-0.853658079,-0.445126424
330,2,2,2,2,1,-1.475152907,-0.749815626,-0.076232495,-0.93817271,-0.788780939
331,1,2,2,2,2,1.360725717,-0.533729957,1.25924228,1.802308216,0.668464406
332,1,2,1,2,1,0.03369261,-0.139281402,0.834603051,1.256031032,-0.493111351
333,1,2,1,2,2,-1.594800703,-1.519152086,-1.012379659,-0.929902253,-1.582061271
334,1,2,1,2,2,-0.623402483,-0.578954334,-0.519847962,-1.022027377,-0.388949236
335,1,2,1,2,1,-0.771823258,-1.025511257,-0.986685735,-1.010683615,-1.119786565
336,1,2,2,3,2,2.880159071,0.949052802,0.727348854,3.502882673,1.407098193
337,2,2,1,2,2,0.018655178,-0.38719054,0.792741164,0.561286387,1.345857684
338,2,2,1,2,1,-0.351261358,-0.418385957,3.33807818,2.661830031,0.749395287
339,2,1,1,2,1,-0.646656108,-0.471817271,0.92700089,0.201693036,-1.011927467
340,2,2,2,2,2,-0.892186861,-0.946032619,-0.629809181,-0.529378575,0.412157106
341,2,2,1,2,1,-1.156923083,-1.01861945,-0.816362359,-0.149530236,-0.529148083
342,2,2,2,3,2,-0.222779525,-0.474587963,2.185583814,0.885263445,-0.381913453
343,2,2,1,3,2,-0.329601459,0.231790519,1.821634817,-0.379477666,0.141186825
344,2,2,1,2,2,0.376281573,-0.373127154,-0.212572175,0.878775544,-0.152393749
345,1,1,1,1,1,-1.395999906,-1.207999248,-0.557212804,-1.058208508,-2.135759782
346,2,2,1,2,2,0.247083458,0.326975234,0.942709199,1.18695232,-0.035939158
347,2,1,1,2,1,0.474494028,0.871145014,0.954089538,-0.540455895,0.464685726
348,2,2,1,2,2,0.731023387,0.876129748,-0.655911502,1.193689479,0.154499881
349,2,2,1,2,2,-1.070269399,-1.183908913,-1.066344791,-0.95205016,-0.421063547
350,2,2,1,2,1,0.892380108,0.010659295,0.717138967,2.834908991,0.215611094
351,2,2,1,2,2,-0.016208892,-0.176240723,1.452879941,-0.49562563,-0.640008334
352,2,2,1,2,1,-0.401854492,-0.40516382,-0.607006631,-0.983866324,-1.003092605
353,2,2,1,2,2,-0.761749184,-0.886058258,-0.66052599,-0.324847813,-0.541306126
354,2,3,1,2,1,-0.551121922,-0.850449254,-0.102111252,0.543443467,0.075884018
355,1,2,1,2,1,-1.351524277,-1.634545563,-1.049644675,-0.955195461,-0.665797214
356,1,2,1,2,1,-1.207344211,-0.444977256,-0.947901244,-0.953448753,-1.123416599
357,1,2,1,2,1,-0.870593905,-0.091234573,-1.024735199,-0.322814215,-0.313351962
358,2,2,1,2,1,1.420226121,0.878155388,0.635762883,-1.035209488,-0.580769272
359,2,1,1,2,1,-0.474893945,1.566749812,-0.870863212,0.464357315,0.809174792
360,1,2,1,2,1,-1.121264941,-1.096454724,-1.029715504,-0.719548463,0.293986414
361,2,2,2,2,2,1.240563079,0.204608461,-0.238021283,-0.658863734,0.654760215
362,1,2,1,2,1,-0.010824304,0.116399429,0.909599736,0.238306256,0.135627267
363,1,2,1,2,1,-0.335108843,0.029269143,0.196519758,-0.036206526,0.409235721
364,2,3,2,3,3,0.820399404,0.471946318,1.151405493,0.921168618,3.345335997
365,1,2,1,2,2,-0.497234997,-0.657585938,-1.064697642,-1.066295705,-0.862838613
366,2,2,2,2,2,-0.075086992,-0.574997126,0.470337466,0.433282737,-0.800803515
367,2,3,2,2,2,-0.258725227,-0.037665257,1.003618472,0.791688803,1.05456916
368,2,2,1,2,2,-1.455597082,-0.866770816,-0.982090268,-0.940377657,-1.416738719
369,2,2,1,2,2,-0.537051153,1.381065209,-0.614065346,-0.124550415,0.422837403
370,1,2,1,2,2,-0.461410634,-0.611726073,-0.305551723,1.528960992,1.59847503
371,1,2,1,2,1,2.931505182,1.481262538,-0.926466554,2.633240822,1.655846503
372,1,1,1,2,1,-1.030147555,-0.205595603,-0.980902557,-0.952578064,-0.836846168
373,2,2,2,2,2,0.59065787,-0.367283865,-0.202027265,0.059722455,0.991234315
374,1,2,1,3,2,-0.491483604,0.423157034,-0.306900001,-0.22912704,-0.469349847
375,1,2,2,2,2,0.642888462,-0.659720461,1.28437146,2.034263645,-0.042378924
376,2,2,1,3,2,-0.806307488,-0.257054086,-0.246087337,-1.049861895,-0.799463467
377,1,2,1,2,1,-0.223358423,-0.372237545,-1.064925684,-0.738702956,-0.509069766
378,2,2,2,3,2,1.818717724,0.419061222,2.081969679,1.832952099,0.720737178
379,1,1,1,1,2,1.095046971,-0.001399765,0.575489404,-0.008760227,-0.29083341
380,2,2,1,2,2,3.184246082,2.977461797,0.246570233,0.038410492,1.12156714
381,1,2,1,2,1,-0.542325356,-1.049523919,-0.559081489,1.07506984,0.827389323
382,2,2,1,2,2,3.587892533,3.283894334,2.310500051,2.218690225,2.114632751
383,2,2,2,2,2,3.684496063,3.123366734,-0.184301423,1.190374629,3.384557454
384,1,2,1,1,1,-0.738398782,-0.347243909,0.685770341,-0.308951178,0.923109817
385,2,2,2,2,2,1.550087177,0.056418795,-0.05760726,0.180679693,0.073473558
386,2,2,1,2,2,3.772075619,1.991788914,-0.031507296,1.063843306,-0.042500607
387,2,1,1,3,2,-0.892321116,-0.830977157,-0.444653988,-0.175733734,-0.083952584
388,1,2,1,2,2,1.480042598,1.049805336,0.555982442,-0.99014732,-0.348941012
389,2,2,1,2,2,-0.754516542,-0.386341884,-0.654719842,-0.142412505,-0.926046833
390,1,1,1,2,2,0.990398304,-0.549613107,-0.994928808,-0.075282803,-1.59E-05
391,1,2,1,2,2,0.973620059,0.041644479,0.7411996,0.81026249,1.641868341
392,2,3,2,2,2,1.355142131,-0.034857664,-0.043791164,2.073161806,1.369627436
393,1,2,1,2,1,0.71585497,0.205478329,1.563723151,0.377662565,1.230598212
394,1,2,1,2,1,-1.025445027,-0.431623474,-1.060563129,-0.415909307,-0.320077736
395,2,2,1,2,1,-0.607831122,-0.900034519,-0.862755519,0.957383431,-0.148745041
396,2,1,1,2,1,-0.516336096,-0.820518476,0.747092385,-0.315345717,-0.229737973
397,2,3,2,2,2,0.475974475,-0.323225792,-0.826327719,0.450151305,0.466497668
398,2,2,2,2,2,0.417351669,-0.881362027,-0.148317264,-0.448748787,0.699344657
399,2,3,1,2,2,-0.009320116,2.346365627,0.490644434,1.551413801,1.687408972
400,2,2,2,2,2,0.084320326,0.934882579,-0.636964534,1.003728466,-0.077407483
401,2,2,1,3,2,1.12492191,1.048042626,0.658293115,-0.698902386,-0.504737267
402,1,2,1,2,1,-0.416156546,-0.588749841,-0.654097502,-0.858292905,0.089719509
403,2,2,1,2,2,0.06948157,0.425163423,-0.291484687,0.86653887,0.431020869
404,1,1,1,2,2,-1.063724181,-1.181505682,-1.058384825,-0.960422429,-1.556306305
405,1,2,1,2,2,0.526768365,-0.838900547,-1.013767904,-0.010834354,0.753159712
406,1,2,1,2,2,0.458836145,-0.330535641,-0.21533284,0.979357415,-0.719698677
407,2,1,1,2,1,0.068330946,-0.450482205,-0.314707931,0.038510004,-0.614009168
408,3,2,2,2,2,-0.535890335,-0.458498432,1.781542932,0.244934273,-0.30747746
409,2,2,2,2,2,-0.936622691,-0.849137105,-1.061481245,-0.463146441,-1.197729266
410,2,2,2,2,2,-1.317323724,-0.039794013,-1.003347899,-0.258434611,-0.685402497
411,1,2,1,2,1,-1.123145898,-0.887078186,-0.566239703,-0.214788845,-0.653405388
412,2,3,1,3,2,0.172572038,0.732830855,-0.240424512,-0.269866119,0.425943037
413,2,2,1,2,2,-0.107455593,-0.672343412,-0.279930816,-0.185034854,-0.407228057
414,1,1,1,1,2,1.306630144,0.405455063,1.440927824,1.36626749,0.088811412
415,1,2,2,2,2,-1.000506581,-0.962608449,-0.985339854,-0.992112073,-1.081311582
416,1,1,1,2,2,-0.776992367,-1.105075749,-1.023663393,-0.909378507,-1.338119784
417,1,1,1,2,1,0.131563815,0.373541452,-0.654588407,0.354430307,0.771809516
418,2,2,1,2,2,-0.367153726,-0.715562868,2.066269452,-0.535807172,-0.128058111
419,2,3,2,2,2,-0.831991708,-0.105791021,0.405250472,1.513711576,0.063748732
420,1,2,1,2,1,0.429800236,0.783194865,1.571756413,0.381010239,1.485849415
421,3,2,1,3,2,-0.286698538,0.136991961,-0.040671048,-0.374373696,-0.99120351
422,1,2,1,2,2,-0.385894837,-0.211184333,-0.959204042,-0.259675261,-0.658020678
423,1,2,1,2,1,1.229935442,0.574066023,0.779555735,-0.196256819,-0.463857111
424,2,2,1,2,2,-1.064078007,-0.760388778,-0.862044085,0.411948101,0.257905707
425,1,2,1,2,1,-0.254019483,-0.081370088,-0.856475786,-0.705565321,-0.143822931
426,2,2,1,2,1,1.908776924,0.109875759,-0.526688087,0.083776524,-0.119588709
427,1,2,1,2,2,-0.338885771,-0.21322916,-0.182548851,-0.654227561,0.20723108
428,2,3,1,2,2,0.764919587,0.095849826,0.732552934,3.440531928,1.19834441
429,1,1,1,2,2,-0.48997936,-0.051051189,0.886864329,-0.359792046,0.910302073
430,2,2,1,2,1,0.272545823,0.190758285,-1.065330767,-0.250518225,-0.47819579
431,2,2,1,2,1,-0.003350655,-0.707511502,0.702761442,4.012336132,1.146116427
432,2,2,2,2,1,-0.596932746,-0.299185866,0.115376485,1.054243924,2.763679209
433,2,2,1,2,2,-0.163486388,0.484206302,0.575795534,1.566033487,1.170725707
434,1,1,1,2,1,-0.694165088,0.528044539,-0.019750936,0.744247781,1.137050052
435,2,3,2,2,2,-0.0409172,-1.067061757,0.394570561,0.024318605,-0.320789556
436,1,2,1,2,2,-0.317175949,1.992510821,-0.602250865,-0.522132946,-1.474312945
437,3,3,2,2,2,2.445184627,0.601725459,-0.375923711,1.589529085,2.278662617
438,2,3,1,2,2,-0.730579927,-0.738957864,-0.247295877,-0.736792046,-1.479503099
439,2,2,1,2,1,-0.037194634,0.2703461,-0.44634006,-0.244290731,0.305470655
440,2,2,2,2,2,0.637630756,0.307784322,0.764742731,1.054916398,0.651549382
441,1,1,1,1,1,-1.183584466,-0.85909462,-0.960605167,-0.301795819,-0.814831817
442,3,2,2,2,2,1.06123413,0.352619294,0.248315769,-0.357863509,-0.333247841
443,2,3,2,2,2,0.441450962,-0.063578395,1.850479731,2.201798674,0.144495495
444,2,2,1,2,2,-1.347315289,-1.279438675,-0.519795983,-1.019080473,-0.611656955
445,1,2,1,2,2,0.975396279,0.617168179,-0.45620381,-0.718457219,-0.124482103
446,1,2,1,2,1,0.893559755,-0.184579193,-0.675976801,0.855063845,-1.077049715
447,2,2,1,2,1,0.318264989,0.474657738,-0.344528476,0.62297998,0.077312147
448,1,2,2,2,1,0.975228544,2.206853302,0.972032912,2.345024761,1.158830226
449,2,2,1,2,1,-0.30269835,-0.130630769,1.339609823,3.136801463,1.381091287
450,1,2,2,2,2,-0.586258633,-0.140700742,-0.376032669,0.274815638,0.141243568
451,1,1,1,2,1,-0.988982184,-1.376067552,-1.032252701,-1.053557316,-1.540021014
452,2,2,1,2,3,0.844665811,0.409484677,-0.154076373,0.407017037,0.049375365
453,2,2,1,2,2,-0.758850663,-0.222770442,-0.309892092,-0.706687811,-0.626585604
454,2,2,1,2,1,-0.763401906,-0.732582437,-0.48390534,-0.876387425,-0.71016386
455,2,1,1,2,1,0.402876032,0.846904311,0.430084698,0.811480897,0.588672203
456,2,2,2,2,2,-0.726845783,-0.206022397,-0.572968689,-0.893010691,0.043495914
457,2,2,2,2,2,1.674659597,0.555427443,3.456468052,0.87924432,1.896231903
458,2,3,2,3,2,1.08304685,1.276243592,0.296442474,0.96955463,0.757642324
459,2,1,1,2,2,-0.77781855,-1.506126742,-1.058377372,-0.944447904,-0.970819548
460,1,1,1,2,2,1.184176837,1.583458168,2.107865866,0.485810396,1.535460684
461,2,2,1,2,1,1.585884561,0.067864212,-0.123107418,0.217776117,-0.369844558
462,1,2,1,2,2,-0.822354017,-0.166893371,-0.395843748,-0.668289249,0.692577552
463,1,3,1,2,2,0.716802438,1.192714539,-0.280254907,-0.418690223,-0.348096496
464,1,2,1,1,1,-1.179977712,-1.485023007,-1.06364521,-0.748293034,-0.639056913
465,1,1,1,2,1,0.21118784,-0.409164734,-0.958243232,-1.064207823,-0.55784374
466,2,3,1,2,2,-0.686924421,-0.255471112,-0.975254894,-0.496552726,0.135742284
467,1,2,1,2,2,-0.550362127,-0.485777183,-0.538693462,-0.907522224,-0.57467437
468,2,2,1,2,1,0.817393824,2.439608253,-0.086804884,1.456521928,1.683434871
469,2,2,1,2,2,-0.468447957,0.863094736,0.301749581,-0.589480021,-0.842560495
470,2,2,1,2,2,-0.932924946,0.242769127,0.468191614,0.782906698,0.333387243
471,1,2,1,2,1,0.773197671,1.223436268,1.273927532,-0.391375121,2.151190956
472,2,2,2,2,2,2.69263321,1.171398169,0.783068275,3.22266031,0.707795779
473,2,2,2,2,2,-1.237184328,-0.673014699,-1.060306406,-1.007543007,-0.566561621
474,2,2,1,2,1,-0.442409531,-0.893021168,-0.804746152,-1.066248049,-1.24934989
475,1,2,1,2,1,-1.709538065,-1.552629371,-1.007009849,-0.866562794,-0.726039965
476,2,2,1,2,2,6.024122652,2.551472616,1.478542274,0.379156279,0.810498149
477,3,2,1,2,2,0.664664035,0.219717563,1.100533482,0.721219523,0.232718521
478,1,2,1,1,2,-0.702993696,-0.697023112,-0.521333653,-0.601140596,-0.733717618
479,1,2,1,2,2,-0.944059103,-1.594921715,-1.042053366,-1.027340153,-1.151350729
480,2,2,2,2,2,2.454220756,0.998933382,2.398161878,2.120741475,0.05023315
481,1,2,2,3,2,-0.236634755,-0.761003826,0.004433583,-0.832625443,1.37831662
482,1,2,1,2,2,-0.0771284,0.947099251,-0.625250244,-0.941441289,-0.669640534
483,2,2,1,2,2,1.628777879,0.57067104,0.65219395,0.544595441,-0.310918561
484,1,1,1,1,1,-0.952822387,-1.151660449,-0.490474848,-0.279211313,0.68685708
485,2,1,1,2,1,0.61710288,1.028698017,-0.580652912,0.031228127,0.667014947
486,3,2,2,2,3,2.213111799,-0.004059513,1.663459975,3.729547595,2.598117491
487,2,2,1,2,2,3.809292428,1.18976176,2.382445511,1.510742799,1.461949742
488,2,2,2,2,2,0.575285275,-0.339216767,-0.440394241,-0.662416709,-0.830306326
489,1,2,1,2,1,-0.454002667,-0.505112257,-0.985228702,-1.06525129,-0.28158387
490,2,2,1,2,2,1.26802242,0.367638651,1.020620265,2.090770419,4.348306962
491,2,2,2,2,1,0.826167763,0.241727615,0.635999779,4.558858919,1.209783668
492,2,2,1,2,1,-1.243586205,-0.834003223,-0.788304415,-1.05963977,-1.017898649
493,2,2,3,2,2,-0.913754116,-0.075421352,-0.924782822,0.619018624,-0.378194178
494,1,2,2,2,2,-0.535223629,-0.863964281,0.199945012,-0.803152812,-1.040637552
495,1,2,1,2,1,-0.345451262,0.303724743,-0.357683021,-0.71543885,0.334671223
496,1,1,1,2,2,0.389547689,0.040864353,-0.621588942,0.009540818,-0.55496319
497,2,2,2,2,2,0.286185252,0.297471001,0.277774977,1.756723227,0.066215283
498,2,2,2,2,2,-0.603418098,-0.456555462,-0.73299385,-0.241826846,-0.215216331
499,2,2,1,2,2,-0.646121456,-0.847211071,-0.765181794,0.43879424,1.140347322
500,1,2,1,2,1,-0.556158105,-0.005187137,-0.312571337,-0.988588037,-1.210721517
