ID,Gender,Dep1,Dep2,Dep3,Dep4,Dep5,Dep6,Errat1,Errat2,Errat3,Errat4,CP1,CP2,CP3,CP4,CP5,CP6
1,0,4,4,4,5,4,4,4,3,3,3,4,2,4,4,3,3
2,0,3,3,4,4,4,4,4,5,4,3,4,2,5,4,4,4
3,0,4,3,3,3,3,3,3,4,4,3,4,3,4,3,4,2
4,0,2,3,3,2,3,3,4,4,3,3,3,2,4,3,3,2
5,0,3,2,3,3,2,3,4,3,3,3,3,3,3,4,3,3
6,0,2,2,2,3,2,3,3,3,3,3,2,2,2,2,2,2
7,0,4,5,3,3,3,4,2,3,2,3,3,3,4,3,3,4
8,0,2,2,3,3,3,3,2,3,2,3,3,3,3,3,4,3
9,0,4,3,3,2,3,4,4,2,5,5,4,3,4,4,4,4
10,0,3,2,2,3,2,2,3,2,4,3,3,3,4,4,4,3
11,0,3,2,3,2,3,4,3,1,1,2,3,3,2,3,2,3
12,0,4,5,5,4,4,4,4,3,3,3,5,3,4,5,4,3
13,0,2,3,2,3,3,3,3,3,3,4,3,3,3,4,3,3
14,0,4,3,2,3,3,4,3,4,4,3,4,3,4,4,2,4
15,0,4,4,4,4,4,4,4,3,4,4,3,3,3,4,4,3
16,0,3,2,3,3,3,4,3,4,4,3,4,2,3,3,2,3
17,0,4,3,3,3,3,4,4,2,3,4,3,3,3,4,3,4
18,0,3,2,2,3,3,3,4,4,3,4,5,4,4,5,5,3
19,0,5,4,4,5,4,4,4,3,3,4,4,4,5,4,4,4
20,0,2,3,2,3,2,2,2,3,4,3,3,3,3,4,3,4
21,0,3,3,3,2,3,3,4,3,3,4,4,2,3,4,4,4
22,0,5,3,4,3,3,4,4,4,4,4,4,3,4,5,4,3
23,0,3,4,3,2,2,4,5,4,4,4,4,4,4,4,4,3
24,0,4,3,5,4,4,4,3,3,3,3,4,3,2,4,3,4
25,0,2,4,2,2,3,3,4,4,3,3,3,2,4,4,3,3
26,0,3,3,4,4,4,3,3,4,3,4,3,2,3,4,3,3
27,0,2,3,4,3,3,3,3,5,3,3,3,2,3,4,3,3
28,0,4,3,3,2,4,3,3,3,3,3,3,3,4,2,3,4
29,0,3,3,5,4,5,4,3,4,4,4,5,3,5,5,4,3
30,0,3,3,2,4,3,4,5,4,5,5,4,2,3,4,4,3
31,0,3,3,3,3,3,4,4,4,4,4,4,3,4,4,4,3
32,0,2,3,2,2,2,2,3,1,3,3,3,3,3,4,3,3
33,0,4,3,5,4,4,4,4,3,3,3,3,3,4,4,3,4
34,0,3,4,3,4,3,3,3,3,3,3,4,3,3,2,4,3
35,0,2,2,1,1,1,2,2,2,2,3,2,2,1,2,2,2
36,0,2,3,3,2,2,3,4,3,5,4,4,5,5,5,4,4
37,0,3,3,3,3,3,2,3,2,3,3,2,2,2,3,2,2
38,0,3,4,4,2,3,4,4,4,3,4,2,3,3,4,4,4
39,0,3,3,4,4,3,3,4,4,3,4,3,2,4,3,3,2
40,0,4,3,4,4,4,4,4,2,2,2,4,3,3,3,3,4
41,0,3,4,5,4,4,4,3,4,3,4,3,3,3,3,4,4
42,0,4,5,4,3,4,4,4,3,3,3,3,4,3,3,3,2
43,0,3,2,3,3,3,3,3,4,4,4,5,4,5,5,5,4
44,0,3,4,2,3,3,3,3,3,3,3,2,2,3,2,4,3
45,0,3,3,2,4,3,3,5,4,4,5,3,3,3,4,3,4
46,0,3,3,1,1,2,3,2,3,3,2,2,2,3,2,3,2
47,0,3,3,4,4,4,4,4,4,3,4,4,3,4,4,4,4
48,0,4,4,4,4,4,5,4,3,3,5,4,4,4,5,4,4
49,0,1,3,3,1,3,3,3,3,4,4,2,3,4,4,4,2
50,0,2,2,2,2,3,2,3,3,3,3,2,2,2,2,4,2
51,0,3,4,3,3,3,4,4,4,4,4,4,3,4,4,4,4
52,0,2,2,1,2,2,3,3,2,3,1,3,2,3,2,3,3
53,0,2,1,2,2,2,3,3,4,3,3,2,2,3,3,3,2
54,0,4,3,2,3,2,4,4,4,3,4,4,4,3,3,5,4
55,0,5,5,4,4,4,4,4,5,4,4,4,4,4,4,4,3
56,0,2,2,3,3,2,3,2,2,3,3,2,2,1,3,2,2
57,0,4,3,3,2,2,4,3,4,3,3,2,3,2,3,3,3
58,0,4,3,3,4,3,4,4,3,3,4,3,3,4,3,4,4
59,0,1,2,1,3,1,2,4,3,4,2,3,2,4,3,2,3
60,0,1,3,4,3,2,2,1,3,3,3,2,3,2,3,3,3
61,0,2,3,3,3,3,2,2,2,2,2,3,2,2,3,3,2
62,0,4,3,4,4,4,5,3,4,3,4,4,3,4,4,5,4
63,0,2,4,3,4,3,3,2,3,3,4,2,2,3,3,2,3
64,0,2,3,2,2,2,3,3,3,3,4,2,2,2,2,3,2
65,0,2,2,3,2,3,3,3,3,2,3,2,2,2,4,3,3
66,0,3,2,3,4,3,3,1,3,3,3,3,3,3,3,2,2
67,0,3,2,1,1,2,3,3,2,3,3,2,2,2,2,3,1
68,0,3,3,3,3,3,3,3,4,4,3,2,3,3,4,3,3
69,0,4,3,4,3,3,4,5,4,3,5,4,5,4,5,5,4
70,0,2,3,2,2,3,3,3,4,4,2,4,2,2,3,4,4
71,0,3,2,4,3,3,3,3,4,4,4,3,3,4,4,4,3
72,0,4,4,4,3,4,5,4,3,3,4,3,3,5,4,4,4
73,0,3,3,2,3,3,3,2,2,2,3,4,4,4,4,2,3
74,0,3,4,4,3,4,4,5,4,3,5,4,2,3,4,4,4
75,0,3,3,3,2,3,3,4,3,3,2,4,4,3,3,3,3
76,0,5,5,5,5,4,5,4,3,2,4,4,4,4,3,3,3
77,0,3,3,5,3,4,4,3,3,3,3,4,2,3,4,3,2
78,0,3,3,3,3,4,3,3,5,4,5,2,4,3,4,5,3
79,0,3,3,2,3,2,3,3,4,2,2,3,2,2,2,2,2
80,0,2,3,2,1,2,3,3,3,3,3,3,3,3,4,3,3
81,0,3,3,4,4,4,4,4,3,3,4,3,3,3,3,3,3
82,0,4,4,4,3,4,4,5,3,3,4,3,3,3,4,3,3
83,0,2,2,2,2,2,3,2,2,4,4,3,3,4,4,4,4
84,0,3,3,4,3,3,4,3,3,3,4,3,3,3,4,3,3
85,0,3,3,3,3,3,3,2,2,2,3,3,3,3,3,2,3
86,0,2,3,2,2,2,4,4,4,3,4,3,4,4,3,3,3
87,0,3,3,5,4,5,5,5,4,4,4,4,3,2,4,4,3
88,0,3,3,3,2,3,3,3,4,3,2,2,3,3,3,3,1
89,0,3,2,4,3,4,3,2,3,3,2,3,3,3,3,3,3
90,0,4,5,5,3,4,5,3,3,3,3,4,3,4,4,3,3
91,0,2,2,3,2,3,3,4,5,3,3,3,3,3,3,3,2
92,0,1,3,3,4,3,3,3,2,3,3,3,3,4,4,4,3
93,0,3,4,4,4,4,4,3,2,3,3,3,2,3,3,3,2
94,0,5,3,5,3,4,4,2,4,3,3,4,3,3,4,4,3
95,0,4,3,5,3,4,4,4,3,4,4,4,4,5,4,4,5
96,0,1,2,2,2,2,2,3,4,3,4,3,4,3,3,3,3
97,0,3,4,3,3,3,4,3,3,5,4,4,2,3,3,4,4
98,0,4,3,4,5,4,4,3,4,3,3,3,3,3,4,4,3
99,0,3,4,4,3,4,4,4,5,4,4,3,3,3,4,3,3
100,0,3,3,4,3,3,4,3,3,3,3,3,3,3,3,4,3
101,0,3,4,4,3,3,3,3,3,2,3,2,3,2,3,3,3
102,0,3,2,1,2,1,3,2,2,3,2,2,2,2,2,3,2
103,0,3,4,3,4,4,3,4,5,3,4,4,3,3,5,4,4
104,0,2,2,2,1,1,2,4,3,3,4,4,3,3,3,4,4
105,0,2,2,1,2,1,2,2,4,2,4,4,3,4,3,3,4
106,0,2,3,3,3,3,3,3,4,4,4,4,3,3,4,3,4
107,0,3,2,3,3,3,3,3,3,3,2,4,2,3,3,3,3
108,0,2,3,2,3,2,3,3,4,2,3,3,3,3,2,3,3
109,0,4,4,5,2,4,4,2,3,2,2,3,3,3,2,2,2
110,0,3,2,3,2,3,3,3,3,3,4,3,2,2,1,2,2
111,0,3,3,4,4,3,4,4,3,3,4,4,4,4,4,4,4
112,0,3,3,3,4,3,4,3,3,3,3,4,3,3,3,4,3
113,0,3,3,3,2,3,3,4,3,4,3,3,3,3,3,3,2
114,0,4,3,4,4,3,4,2,3,4,5,4,3,3,4,4,2
115,0,3,2,2,3,3,3,3,3,3,4,2,2,2,3,3,2
116,0,3,3,4,4,4,4,3,3,4,3,3,2,3,3,3,3
117,0,2,2,1,2,2,2,2,1,3,2,2,3,2,4,3,2
118,0,3,4,2,3,2,3,4,3,4,3,3,3,3,3,2,3
119,0,4,3,2,3,3,3,3,2,2,3,3,2,2,2,3,3
120,0,3,4,4,3,4,3,4,3,3,3,2,2,3,1,3,1
121,0,4,4,2,3,3,4,4,5,4,3,4,3,3,3,3,4
122,0,2,3,3,3,2,3,3,3,2,3,2,2,4,3,3,1
123,0,5,4,4,3,3,5,3,3,4,4,3,2,3,3,4,3
124,0,3,4,3,2,3,4,3,5,3,4,3,3,4,4,4,4
125,0,2,3,2,2,2,3,4,4,4,4,3,4,3,4,4,4
126,0,3,4,4,4,4,3,3,3,3,3,3,3,3,3,3,3
127,0,2,3,2,2,2,3,3,3,3,3,3,2,2,3,3,2
128,0,3,3,3,2,3,4,4,3,4,5,3,4,5,4,4,4
129,0,3,2,3,2,3,4,3,4,3,4,4,3,2,3,3,3
130,0,3,3,2,3,2,2,2,3,2,2,3,3,2,4,2,2
131,0,2,2,2,3,3,2,2,3,3,2,2,3,4,3,3,3
132,0,2,4,4,2,3,3,4,3,3,3,3,3,3,4,3,3
133,0,2,3,5,3,3,3,2,2,4,3,3,4,3,4,2,3
134,0,2,3,2,2,2,3,2,4,4,3,4,4,4,5,3,3
135,0,3,3,3,4,3,3,3,4,4,3,4,2,2,3,3,2
136,0,4,3,3,3,3,3,4,4,4,3,5,3,5,3,4,3
137,0,4,3,4,3,4,5,3,4,3,3,3,2,4,4,3,3
138,0,2,2,4,4,4,3,4,3,2,3,2,2,2,1,2,2
139,0,3,3,5,4,4,4,4,4,4,5,3,2,5,4,3,3
140,0,2,2,2,2,3,3,3,4,3,3,3,2,2,3,3,3
141,0,3,2,3,3,3,3,2,2,2,1,2,2,3,3,2,2
142,0,3,3,3,3,3,4,2,3,2,2,2,1,1,2,2,1
143,0,1,3,3,1,3,3,3,2,3,2,4,3,4,3,4,4
144,0,2,2,3,1,3,3,3,3,3,3,4,4,3,4,4,4
145,0,4,3,4,3,4,4,3,4,2,4,3,4,4,3,5,3
146,0,3,4,4,4,4,4,4,4,3,4,3,3,4,5,3,4
147,0,4,4,5,4,4,4,4,3,4,5,3,3,4,4,4,3
148,0,4,4,5,4,4,4,4,4,3,3,3,3,4,4,3,4
149,0,3,2,2,3,2,3,3,3,3,4,3,3,3,3,3,3
150,0,2,2,2,3,3,2,2,3,3,3,2,2,3,3,2,3
151,0,4,3,4,4,4,3,4,3,4,4,4,3,4,4,3,4
152,0,3,4,3,3,3,4,4,5,4,4,4,2,2,3,3,2
153,0,3,3,3,3,3,3,3,5,4,4,4,3,3,3,4,4
154,0,2,3,4,2,3,3,3,4,3,3,3,2,3,3,3,1
155,0,3,3,4,3,4,3,3,5,4,4,3,3,3,3,3,5
156,0,3,3,4,3,4,4,3,4,3,3,3,3,3,4,3,3
157,0,1,3,3,4,3,3,2,4,3,3,2,2,3,3,3,4
158,0,2,3,3,3,3,3,5,4,3,4,4,4,4,5,5,3
159,0,3,3,2,2,2,4,4,4,3,3,3,3,2,3,3,3
160,0,3,2,1,3,2,3,2,3,2,2,3,2,3,3,2,3
161,0,4,4,4,5,4,5,3,4,4,3,3,2,4,4,4,4
162,0,2,3,2,2,2,3,2,1,2,3,3,3,3,5,4,5
163,0,3,4,3,4,3,4,4,4,2,5,4,3,4,3,4,3
164,0,2,3,2,3,2,2,4,3,5,4,3,4,3,3,4,3
165,0,2,2,3,4,3,3,3,3,2,2,3,1,2,3,3,1
166,0,3,3,3,4,3,4,3,4,2,3,2,3,3,3,3,3
167,0,2,3,2,2,2,3,3,3,4,4,2,2,2,2,2,2
168,0,3,3,2,3,2,2,2,2,3,3,3,3,3,3,3,3
169,0,3,4,4,4,4,3,3,3,2,2,4,3,3,3,3,4
170,0,2,3,5,3,4,3,4,3,3,4,3,4,4,4,4,2
171,0,3,2,4,3,4,3,3,3,3,4,3,3,4,5,3,4
172,0,4,3,2,4,2,3,2,3,3,3,3,3,5,3,3,4
173,0,3,3,2,3,3,3,3,4,3,4,3,3,4,4,3,3
174,0,4,4,3,4,4,5,3,3,3,3,4,4,3,5,4,4
175,0,4,3,3,4,3,4,2,3,3,2,2,2,3,3,2,2
176,0,5,5,4,4,4,5,3,4,4,3,4,2,2,4,2,3
177,0,3,3,2,1,3,4,3,3,4,4,3,3,5,4,4,3
178,0,2,2,3,3,3,3,2,3,2,2,3,2,3,3,2,2
179,0,2,2,4,3,4,3,3,1,1,2,2,2,2,1,3,2
180,0,4,2,3,2,2,3,2,4,4,2,3,2,2,3,2,3
181,0,2,4,4,3,3,4,3,5,5,3,4,5,5,3,4,5
182,0,2,3,2,2,2,3,2,3,3,2,3,2,2,2,3,3
183,0,3,2,3,4,3,3,3,3,3,3,3,2,4,3,4,3
184,0,2,2,2,3,3,4,3,4,4,5,3,3,3,3,4,2
185,0,3,4,4,3,4,4,2,4,3,2,4,4,3,3,3,3
186,0,4,3,5,4,4,5,5,5,4,3,3,3,3,4,3,2
187,0,2,1,2,2,2,3,3,4,4,4,3,3,3,3,2,2
188,0,4,3,2,3,3,5,3,5,3,4,3,2,3,2,2,2
189,0,2,3,3,3,3,3,2,3,3,2,2,2,3,2,2,2
190,0,4,3,5,4,5,4,4,3,4,3,4,5,5,5,4,3
191,0,3,2,3,3,3,3,3,4,4,3,4,3,4,4,3,4
192,0,4,4,4,3,4,4,3,3,4,3,3,3,3,3,3,3
193,0,2,1,2,1,1,2,3,4,2,3,3,3,2,3,3,3
194,0,4,5,5,4,5,4,5,3,5,4,4,4,4,4,4,4
195,0,3,4,4,4,4,4,3,4,4,4,3,3,3,3,3,3
196,0,2,2,2,2,2,3,2,2,3,2,3,1,3,3,3,3
197,0,4,3,4,2,4,3,3,4,4,4,4,2,4,4,3,4
198,0,3,5,4,4,4,5,2,4,3,3,3,3,4,3,3,4
199,0,4,3,4,2,4,4,3,5,4,4,4,3,4,4,4,4
200,0,3,5,4,3,4,4,5,3,4,4,3,3,5,3,3,4
201,0,3,3,4,2,3,2,3,3,4,4,3,3,3,2,3,2
202,0,2,4,4,2,4,3,4,3,3,2,3,3,4,3,4,4
203,0,3,3,5,3,4,5,5,5,4,5,5,5,4,4,4,5
204,0,4,3,5,3,4,4,3,3,4,3,5,3,3,5,3,3
205,0,2,3,2,2,3,4,2,4,3,3,3,2,4,3,3,3
206,0,3,2,2,3,2,4,4,4,4,5,3,3,2,2,3,3
207,0,3,3,3,4,3,3,3,4,4,2,3,2,5,4,4,3
208,0,2,2,3,3,3,3,3,3,2,2,3,2,3,3,3,3
209,0,2,3,1,4,2,3,3,4,3,4,3,3,3,3,3,3
210,0,3,3,3,3,4,3,4,2,4,4,3,3,4,4,5,3
211,0,2,2,2,2,2,3,2,4,3,3,2,2,2,2,1,2
212,0,4,2,4,4,4,4,2,2,3,2,2,2,3,2,2,2
213,0,2,4,3,3,4,3,4,4,2,3,2,3,3,2,3,3
214,0,3,3,4,3,4,3,3,3,3,2,3,2,3,3,3,3
215,0,2,3,3,3,2,2,2,4,4,3,3,2,2,3,3,1
216,0,2,3,3,2,4,3,3,3,2,2,4,2,3,3,4,3
217,0,1,3,2,3,2,3,1,1,2,3,2,2,2,2,2,3
218,0,2,3,3,2,4,3,2,3,3,2,3,2,3,3,3,2
219,0,3,3,4,3,4,3,4,3,3,3,4,3,4,4,3,4
220,0,3,3,3,2,3,4,5,3,4,4,4,3,4,5,4,4
221,0,5,4,4,3,4,5,3,4,3,3,3,2,3,2,3,3
222,0,4,3,3,4,4,4,3,3,3,2,3,2,2,3,3,2
223,0,2,3,3,2,3,3,2,3,3,3,3,2,4,3,3,3
224,0,2,2,3,2,4,4,3,2,2,2,4,3,2,3,3,3
225,0,3,4,5,4,4,4,2,4,3,4,4,4,3,3,3,3
226,0,3,4,5,5,4,5,4,4,3,4,3,3,3,4,4,3
227,0,3,4,5,3,4,3,3,2,4,3,3,3,3,4,3,4
228,0,4,5,4,5,4,4,3,3,3,3,3,5,4,4,4,4
229,0,3,3,3,3,3,3,2,4,2,3,3,2,3,3,2,2
230,0,2,2,3,2,3,3,4,5,5,5,4,3,4,4,5,4
231,0,4,3,3,3,3,4,3,5,3,4,4,3,3,3,3,3
232,0,3,3,2,2,3,3,2,4,3,3,4,2,3,3,3,2
233,0,4,4,3,2,3,4,2,3,2,2,4,4,4,4,3,3
234,0,4,3,4,3,4,5,3,3,3,4,4,3,4,4,3,3
235,0,2,2,3,2,3,3,3,5,4,3,2,2,2,3,4,2
236,0,4,4,4,4,4,4,4,3,3,3,5,3,4,4,5,3
237,0,3,3,3,2,3,2,3,2,3,3,3,2,2,3,2,3
238,0,1,4,3,3,3,3,3,3,3,2,3,2,3,3,3,3
239,0,4,2,3,3,3,4,3,4,3,3,3,3,3,4,4,3
240,0,4,4,4,4,3,4,3,2,2,2,4,3,4,3,4,4
241,0,3,2,2,3,2,3,3,4,4,3,2,3,3,3,3,4
242,0,5,4,4,3,4,4,2,3,3,4,3,2,3,2,4,3
243,0,3,3,5,4,3,4,3,4,4,4,3,3,2,2,3,3
244,0,2,3,3,3,3,2,3,3,4,2,2,3,3,2,3,2
245,0,3,3,4,3,3,3,4,4,3,4,4,3,4,4,4,4
246,0,2,3,3,3,3,3,4,4,3,4,4,3,4,4,4,3
247,0,2,1,2,2,2,2,1,2,3,2,2,2,2,2,2,3
248,0,3,2,2,3,2,2,3,3,3,3,3,2,1,3,3,2
249,0,2,3,4,3,4,3,3,3,2,2,3,3,3,3,3,2
250,0,3,4,3,3,3,3,3,3,3,5,4,4,3,4,4,4
251,0,2,2,2,3,2,1,3,3,3,2,3,3,3,4,3,3
252,0,3,3,3,2,3,2,3,4,3,3,3,2,2,3,3,2
253,0,2,2,2,2,1,3,4,2,3,3,3,2,3,3,2,3
254,0,3,3,1,2,2,1,2,2,3,2,2,2,2,2,2,1
255,0,3,3,1,2,2,2,4,3,3,3,2,3,3,3,3,2
256,0,2,3,4,2,3,3,2,3,3,3,2,1,3,3,1,2
257,0,4,4,4,4,4,5,4,3,4,4,4,4,4,4,4,4
258,0,3,2,3,2,2,3,3,4,3,4,4,3,4,4,3,3
259,0,2,3,4,2,3,4,3,4,4,3,4,4,3,4,4,3
260,0,2,4,3,2,3,2,2,3,4,3,3,3,3,3,2,3
261,0,4,3,3,4,3,4,4,4,3,4,4,3,3,3,4,3
262,0,2,2,3,2,2,3,2,3,3,2,3,2,1,1,3,3
263,0,2,1,1,1,1,1,1,3,2,1,1,1,1,1,1,1
264,0,3,3,3,3,3,3,3,2,3,4,3,3,3,3,4,4
265,0,2,4,3,2,3,3,2,3,2,3,3,2,2,3,2,2
266,0,3,4,3,3,3,3,3,3,4,3,3,2,3,3,3,3
267,0,3,4,4,3,3,3,3,3,4,5,5,4,3,4,4,3
268,0,2,3,4,3,4,4,2,3,2,2,3,2,3,3,2,2
269,0,3,3,4,2,4,3,4,3,4,4,4,3,4,4,4,4
270,0,4,4,4,3,3,5,4,4,3,3,3,4,4,4,3,4
271,0,5,3,4,4,4,4,3,4,4,3,3,4,4,4,3,3
272,0,3,4,4,2,3,4,1,2,4,1,3,2,3,2,4,3
273,0,3,3,3,3,3,3,3,3,3,4,3,2,3,3,3,2
274,0,5,4,5,3,4,4,2,4,3,3,3,2,4,3,3,3
275,0,2,2,3,2,3,3,3,3,3,3,2,1,3,3,3,3
276,0,1,2,2,1,2,3,1,3,2,2,2,3,2,3,2,2
277,0,3,4,3,3,3,4,4,3,4,2,3,3,3,4,4,4
278,0,2,2,2,2,2,3,3,4,4,3,3,2,3,4,4,3
279,0,2,4,3,4,4,4,3,5,3,3,2,2,4,4,3,3
280,0,4,4,4,2,3,3,3,2,3,4,2,3,3,4,2,3
281,0,4,3,3,3,4,5,3,4,3,4,4,3,3,4,4,3
282,0,3,3,4,3,3,4,3,3,5,3,4,3,3,4,2,4
283,0,1,3,3,3,2,3,3,4,4,3,3,3,2,2,3,4
284,0,5,3,3,3,2,3,3,3,2,3,4,3,4,4,4,3
285,0,3,3,2,3,3,3,3,4,3,4,2,3,3,3,3,2
286,0,2,2,2,3,2,3,3,3,3,3,4,4,4,5,4,4
287,0,4,3,5,4,4,5,4,4,4,5,4,4,3,4,4,4
288,0,3,3,3,2,3,3,3,3,4,3,2,3,3,3,3,3
289,0,3,3,2,2,2,3,3,5,3,3,3,3,4,3,4,3
290,0,3,3,4,3,3,4,3,3,3,4,3,3,3,4,3,3
291,0,3,4,5,5,5,5,3,3,3,3,2,3,3,5,5,3
292,0,4,3,5,3,4,4,2,3,4,4,3,3,4,4,4,4
293,0,4,5,4,3,3,4,2,3,3,2,3,2,3,3,2,2
294,0,3,3,2,3,2,3,3,3,2,2,3,2,3,3,3,3
295,0,3,2,3,2,3,2,2,4,3,3,3,2,2,3,2,1
296,0,1,2,2,4,2,3,3,4,3,3,2,2,2,3,2,2
297,0,2,2,3,2,2,2,3,3,3,2,4,2,3,3,3,4
298,0,2,3,4,3,3,4,2,2,3,2,3,3,3,2,3,3
299,0,5,3,4,5,4,4,3,3,4,3,3,3,3,4,3,4
300,0,4,4,2,3,3,3,2,3,3,3,2,2,3,3,2,2
301,0,4,4,4,1,4,4,3,4,4,4,4,3,4,4,4,4
302,0,2,2,3,2,3,2,3,4,3,3,2,3,3,3,2,4
303,0,2,3,1,3,2,3,3,3,2,2,2,3,2,1,3,3
304,0,2,3,2,1,2,3,2,4,4,3,2,3,3,3,3,3
305,0,4,3,4,4,4,3,4,4,4,5,4,3,4,4,4,3
306,0,4,4,4,2,4,4,5,4,5,5,4,3,4,4,4,4
307,0,3,2,4,3,4,2,3,3,2,2,3,2,2,3,2,3
308,0,4,3,4,3,4,4,5,4,3,4,4,3,4,3,4,3
309,0,2,2,2,4,2,3,3,2,3,3,3,3,2,2,3,2
310,0,2,1,3,2,3,2,3,4,4,4,2,3,3,3,2,2
311,0,2,3,4,3,4,4,2,5,3,3,3,2,2,2,2,3
312,0,3,3,2,4,3,4,3,3,4,3,4,3,3,4,3,3
313,0,3,4,3,4,4,4,2,2,3,3,2,3,3,3,3,3
314,0,4,3,4,3,4,5,5,4,4,4,3,2,3,4,4,3
315,0,4,4,4,4,4,3,4,4,5,5,4,4,4,5,4,3
316,0,2,1,3,3,3,3,3,4,4,3,3,2,2,3,3,3
317,0,3,2,3,4,3,2,2,5,2,2,4,3,4,3,4,3
318,0,2,3,2,4,2,4,4,3,4,4,3,2,2,3,2,3
319,0,3,2,2,3,3,3,4,4,4,3,4,4,4,4,4,3
320,0,5,4,4,4,4,4,4,3,2,4,5,4,5,5,4,4
321,0,3,3,1,2,2,2,3,3,3,3,3,3,3,3,3,3
322,0,3,2,3,4,3,3,3,2,4,3,3,2,3,3,2,3
323,0,3,3,3,3,2,3,3,3,4,3,4,3,3,3,3,3
324,0,3,2,3,3,3,5,2,3,3,3,3,2,3,3,2,3
325,0,4,5,5,4,5,5,4,3,3,4,4,4,4,5,5,4
326,0,5,4,4,3,4,3,4,3,3,5,3,2,3,4,3,3
327,0,3,3,3,4,3,4,4,3,5,4,4,3,3,4,4,4
328,0,2,2,3,3,3,3,3,2,3,3,3,2,3,2,3,3
329,0,2,3,5,3,4,3,2,3,3,4,4,3,5,3,3,3
330,0,3,3,4,4,4,4,3,4,3,2,3,3,3,4,3,2
331,0,4,4,5,3,5,5,4,2,3,2,2,2,3,3,3,2
332,0,3,3,3,4,2,3,4,4,4,4,3,3,3,3,3,3
333,0,3,2,2,3,2,3,2,3,2,3,4,2,4,4,3,2
334,0,3,3,2,4,3,4,2,4,4,3,3,3,3,4,4,3
335,0,4,4,4,3,4,4,3,3,4,4,3,3,3,4,3,4
336,0,4,3,2,2,3,3,3,4,3,3,3,2,3,3,3,3
337,0,2,3,2,3,3,4,3,3,4,3,4,2,4,4,3,2
338,0,1,1,3,3,3,2,1,3,2,1,2,2,1,2,2,2
339,0,3,3,4,4,3,4,3,4,4,4,4,4,5,4,4,3
340,0,2,2,2,2,2,3,3,4,4,4,3,2,3,3,2,3
341,0,4,3,4,2,4,4,5,5,4,5,4,3,3,4,3,3
342,0,4,2,4,3,3,4,4,3,3,4,3,2,4,3,2,4
343,0,3,3,3,4,3,3,3,2,2,3,2,3,3,4,2,3
344,0,5,4,5,4,4,4,3,3,3,5,4,3,3,5,3,4
345,0,4,3,4,3,4,4,4,5,4,4,4,4,4,3,3,5
346,0,4,1,1,3,2,2,1,2,2,1,2,1,2,3,2,2
347,0,2,2,3,3,3,4,3,3,3,4,4,3,4,5,4,4
348,0,3,3,2,3,2,1,2,3,3,2,2,3,2,2,2,2
349,0,3,3,2,3,3,4,4,4,3,3,4,4,3,3,4,3
350,0,3,2,3,3,3,3,4,5,2,3,3,2,3,4,3,3
351,0,1,2,2,2,3,3,2,3,3,4,3,3,3,4,3,2
352,0,4,4,4,3,4,5,4,3,3,4,4,4,4,4,4,4
353,0,3,3,4,2,4,4,3,3,4,3,3,2,4,4,3,4
354,0,3,3,3,3,3,3,2,2,3,2,1,1,2,2,1,1
355,0,3,4,4,4,3,5,4,5,4,4,4,4,4,5,5,3
356,0,3,3,3,2,2,3,2,4,3,2,3,3,4,3,4,4
357,0,2,4,2,2,3,3,4,3,3,3,3,3,3,3,3,3
358,0,3,2,3,3,4,3,2,3,2,3,3,3,2,3,2,2
359,0,2,2,2,3,2,3,3,1,4,3,3,3,4,3,2,4
360,0,4,3,4,4,4,3,3,3,3,3,3,4,3,3,2,3
361,0,3,4,3,4,3,4,4,3,3,4,5,5,5,5,5,5
362,0,2,2,2,2,2,2,4,4,3,3,3,1,2,2,2,2
363,0,3,2,3,4,3,3,2,3,3,2,3,2,4,3,4,4
364,0,4,3,4,3,3,4,3,2,3,3,4,3,3,4,3,2
365,0,4,4,3,3,4,5,4,3,4,4,4,3,4,4,5,2
366,0,2,2,2,1,2,2,3,4,2,2,2,2,2,2,1,2
367,0,2,2,2,3,3,3,2,2,4,2,2,2,3,2,2,2
368,0,3,3,5,1,4,4,3,3,3,2,4,3,5,3,4,3
369,0,2,3,2,2,2,4,3,3,2,3,3,3,3,3,2,2
370,0,3,3,3,3,3,4,3,2,2,3,3,3,3,3,3,2
371,0,4,3,3,4,3,3,4,4,3,4,3,3,3,4,4,4
372,0,3,3,4,4,4,3,3,4,4,4,3,5,3,3,4,3
373,0,2,2,3,4,3,3,3,3,2,3,3,2,2,3,3,2
374,0,3,5,4,4,3,5,3,4,4,3,4,3,4,4,4,4
375,0,3,3,2,3,3,3,2,3,1,1,2,1,3,2,3,2
376,0,2,1,1,2,1,3,2,2,4,3,2,3,2,3,3,2
377,0,3,2,4,4,4,4,4,4,3,3,3,4,3,5,4,4
378,0,3,2,2,2,2,3,3,3,3,4,4,3,3,4,3,3
379,0,2,2,3,3,3,2,2,3,3,2,2,2,3,3,3,2
380,0,2,3,3,2,3,2,2,3,3,2,4,2,2,3,3,2
381,0,5,4,4,2,3,3,3,3,4,4,2,3,3,3,4,3
382,0,2,2,2,2,2,2,2,1,2,3,3,2,2,2,2,1
383,0,3,2,2,3,3,3,4,4,4,4,3,4,4,4,3,4
384,0,4,4,4,4,3,4,3,3,4,3,4,4,3,4,3,2
385,0,4,4,5,5,5,5,3,4,3,2,3,2,4,3,3,3
386,0,2,3,1,1,2,2,2,3,3,2,3,3,3,3,3,2
387,0,4,4,3,3,3,5,4,3,4,5,4,3,3,4,4,3
388,0,1,3,2,3,2,3,4,3,2,5,3,2,3,3,4,3
389,0,2,3,3,3,2,3,3,4,3,3,3,3,2,3,4,3
390,0,2,4,2,3,3,3,2,3,3,3,3,1,2,2,2,1
391,0,3,3,4,4,3,4,4,4,3,3,3,3,3,4,4,3
392,0,4,4,4,4,4,3,4,3,3,4,3,3,3,2,3,3
393,0,3,3,3,3,4,4,3,4,3,2,4,4,3,4,4,3
394,0,4,2,2,4,3,3,4,5,3,3,3,2,2,2,2,2
395,0,4,4,5,5,4,5,4,4,4,4,3,4,5,5,4,5
396,0,1,2,1,2,1,1,3,3,2,1,3,2,2,2,3,2
397,0,3,3,3,2,3,4,2,3,3,2,2,2,2,2,3,2
398,0,2,3,4,4,4,3,3,3,4,5,3,4,4,4,4,4
399,0,1,2,1,2,2,1,2,2,1,2,2,2,2,3,2,2
400,0,2,2,1,3,2,3,2,2,2,2,2,2,3,2,2,3
401,0,5,2,4,3,4,4,2,4,2,2,2,2,2,2,3,3
402,0,3,3,4,3,3,4,3,3,2,3,4,2,4,4,4,3
403,0,3,3,3,2,3,4,3,2,3,3,3,2,2,3,3,3
404,0,4,2,2,2,3,2,2,3,4,3,3,2,3,2,3,2
405,0,2,3,4,3,3,2,4,5,4,4,4,3,2,4,4,3
406,0,4,3,5,3,4,4,3,2,3,3,3,1,2,3,2,3
407,0,2,3,4,2,3,4,1,2,2,3,3,4,3,3,3,3
408,0,3,2,2,2,2,3,3,4,3,4,4,3,4,3,4,3
409,0,2,3,1,2,2,3,3,2,3,2,3,2,3,2,2,3
410,0,3,3,3,3,3,4,4,3,3,2,3,4,4,4,3,3
411,0,3,3,3,1,3,3,3,4,4,2,3,3,3,4,3,4
412,0,2,3,2,3,3,4,3,3,4,3,3,2,3,3,4,2
413,0,2,3,2,3,2,3,3,4,1,3,3,2,3,3,3,2
414,0,2,2,3,3,3,4,5,3,4,4,3,3,2,2,2,2
415,0,2,2,2,3,3,3,3,3,3,3,2,3,3,4,3,3
416,0,3,3,4,2,4,4,4,4,4,3,5,3,4,5,5,4
417,0,3,2,2,2,2,2,3,2,2,2,3,2,2,3,4,1
418,0,5,3,3,3,3,3,4,4,4,4,4,3,4,4,4,4
419,0,3,3,3,3,3,4,3,2,3,2,2,2,3,3,3,3
420,0,2,3,3,4,4,4,4,3,4,4,3,4,3,3,3,4
421,0,2,2,3,2,2,2,2,2,2,2,2,3,2,3,3,3
422,0,2,2,3,4,3,2,3,3,3,3,3,2,4,3,2,2
423,0,3,3,3,2,2,3,3,3,3,2,2,3,3,2,2,2
424,0,3,1,2,2,3,3,2,4,3,2,3,3,4,3,4,2
425,0,3,3,3,3,3,2,4,4,3,3,3,4,4,3,4,4
426,0,4,2,3,2,3,5,4,4,3,4,4,3,4,3,4,4
427,0,2,5,4,4,4,3,4,3,3,3,3,2,4,4,3,3
428,0,3,2,2,3,2,2,3,3,4,2,3,3,2,2,2,3
429,0,4,4,4,4,4,5,3,4,3,4,3,3,4,3,4,3
430,0,3,3,4,2,3,3,4,4,4,4,3,3,3,3,3,3
431,0,3,3,3,4,3,3,4,4,3,4,4,4,3,3,3,3
432,0,2,4,2,2,2,3,2,3,2,1,3,2,1,2,2,2
433,0,1,1,1,3,1,2,3,4,3,4,2,2,3,2,3,2
434,0,2,3,4,3,2,2,4,3,3,4,4,3,3,4,3,3
435,0,3,3,3,3,4,4,3,3,2,4,3,3,4,3,3,3
436,0,3,2,3,3,3,3,4,4,4,3,3,3,4,4,3,4
437,0,4,3,4,3,4,4,2,3,3,3,4,3,4,4,3,3
438,0,2,2,2,2,2,3,3,3,4,3,3,3,3,3,3,4
439,0,3,2,2,1,2,2,3,3,3,2,4,3,4,3,3,2
440,0,1,2,2,1,2,1,2,2,2,3,3,2,2,2,2,3
441,0,1,2,2,2,2,3,2,2,3,3,3,3,3,2,2,2
442,0,2,3,4,3,3,3,3,3,3,4,3,2,3,3,3,2
443,0,3,2,3,2,3,3,4,4,4,3,4,3,3,4,3,4
444,0,3,3,3,3,3,3,4,3,3,4,4,4,3,3,3,3
445,0,3,2,2,2,3,3,3,2,3,3,2,2,3,2,2,2
446,0,3,2,4,3,4,4,4,3,3,3,4,3,4,4,3,4
447,0,2,3,3,3,3,2,2,3,3,3,3,2,3,3,3,2
448,0,3,2,3,2,3,4,3,3,4,2,4,3,3,2,4,3
449,0,2,3,2,3,3,3,4,4,4,3,3,3,3,4,3,3
450,0,3,3,3,2,2,3,4,3,4,4,4,2,4,4,4,3
451,0,2,3,2,3,2,2,2,4,4,2,3,2,2,2,3,2
452,0,4,5,5,4,5,5,4,5,5,4,5,5,4,5,5,4
453,0,2,2,3,3,2,2,3,3,2,2,3,2,3,3,3,1
454,0,2,3,1,2,2,2,3,3,4,3,3,2,1,2,2,2
455,0,3,3,3,4,4,4,3,3,3,2,2,4,4,4,3,2
456,0,2,3,3,3,3,3,2,4,3,3,3,2,3,2,2,1
457,0,2,2,4,3,3,3,3,3,2,2,3,2,2,2,2,2
458,0,3,4,3,1,3,4,3,3,4,2,3,3,4,3,3,3
459,0,3,3,3,2,3,3,4,4,3,4,4,4,4,5,5,4
460,0,2,3,2,1,2,2,2,4,2,3,1,1,1,2,2,2
461,0,1,2,4,2,3,3,2,2,3,3,3,2,3,3,3,3
462,0,4,4,4,2,4,4,3,3,4,3,4,3,3,4,3,3
463,0,3,3,4,3,4,4,2,3,3,4,3,4,3,3,4,3
464,0,1,2,2,2,3,3,3,3,3,4,2,2,3,3,2,2
465,0,2,2,3,2,3,3,3,3,2,3,3,2,3,4,2,3
466,0,4,4,2,2,3,4,3,3,4,2,3,2,3,2,2,3
467,0,3,2,3,4,3,3,3,4,3,2,2,2,1,2,2,2
468,0,2,1,2,2,2,2,3,4,3,2,3,3,3,3,4,3
469,0,4,3,3,4,3,4,3,3,3,3,4,3,4,4,3,3
470,0,5,4,5,3,5,5,3,3,4,4,3,3,4,4,4,4
471,0,4,2,4,4,2,4,3,4,3,4,3,3,3,3,3,3
472,0,2,3,4,4,3,4,3,4,4,4,3,3,3,3,4,3
473,0,4,3,3,4,3,4,4,3,2,3,3,2,3,4,2,4
474,0,2,2,1,2,2,3,2,5,3,3,3,2,1,3,3,2
475,0,3,3,3,3,4,3,2,4,3,3,3,3,3,3,3,3
476,0,3,3,3,3,4,4,4,4,4,3,4,3,3,3,4,4
477,0,2,3,3,3,3,3,4,4,3,3,3,3,2,2,2,2
478,0,4,4,5,4,5,5,2,3,4,2,3,3,4,4,4,3
479,0,2,3,4,4,4,4,3,4,3,3,1,2,2,3,2,2
480,0,2,2,4,3,3,2,2,4,2,1,2,3,2,2,3,3
481,0,3,3,3,3,3,4,2,3,2,2,2,2,2,3,2,3
482,0,4,3,4,2,3,3,2,4,3,3,3,3,3,3,4,2
483,0,3,3,4,3,3,3,4,3,2,3,4,3,4,3,4,3
484,0,4,5,5,4,5,5,3,5,3,5,4,3,4,4,3,3
485,0,2,2,3,2,3,4,2,3,2,1,3,3,2,4,3,3
486,0,5,4,5,3,5,4,2,3,3,4,4,3,3,3,2,3
487,0,3,3,4,3,3,3,5,5,4,4,5,3,5,5,5,5
488,0,3,2,2,2,2,3,4,3,3,3,4,3,2,3,3,3
489,0,3,2,2,3,3,3,3,3,3,2,3,2,5,3,3,3
490,0,3,3,3,2,2,3,2,3,2,3,3,2,3,3,2,3
491,0,3,3,4,4,4,4,3,5,3,3,4,3,2,3,3,3
492,0,3,4,4,3,3,4,3,3,4,3,3,3,4,4,4,4
493,0,3,2,4,3,3,3,2,4,3,4,3,3,2,4,2,2
494,0,3,3,3,3,2,3,3,3,3,3,2,2,3,4,3,3
495,0,4,3,4,2,4,4,3,4,4,3,2,2,4,2,3,3
496,0,3,3,3,3,3,4,3,4,3,3,3,2,3,3,4,3
497,0,2,3,2,3,3,3,4,2,3,4,3,3,4,5,3,3
498,0,4,3,3,4,3,5,3,3,3,3,4,4,5,4,4,4
499,0,3,3,3,3,4,3,3,3,4,3,3,3,3,3,3,3
500,0,4,3,5,4,4,4,3,3,4,3,3,3,3,3,3,3
501,0,3,3,1,2,2,3,4,3,3,2,3,4,3,3,4,2
502,0,2,3,3,2,3,3,3,3,2,3,4,3,4,4,4,4
503,0,3,2,2,1,2,2,3,2,3,4,1,3,3,2,2,2
504,0,3,3,4,3,4,4,2,4,2,3,3,4,3,4,3,3
505,0,3,3,2,1,3,4,4,3,3,3,3,3,4,5,4,4
506,0,4,3,3,3,3,5,3,3,3,2,4,3,4,4,3,2
507,0,3,2,2,3,3,3,3,3,4,2,2,2,2,2,2,2
508,0,2,3,2,3,3,3,2,3,2,2,3,2,2,3,3,2
509,0,3,4,4,4,4,3,5,3,4,3,4,4,5,5,4,3
510,0,3,3,3,3,3,3,3,3,2,3,4,3,3,2,4,2
511,0,4,4,3,2,4,3,2,4,2,3,2,3,3,3,3,3
512,0,2,3,3,3,3,3,3,3,4,2,2,2,3,3,2,3
513,0,3,3,5,3,4,3,4,4,3,2,3,3,3,4,3,3
514,0,2,3,1,2,1,2,3,4,4,3,3,3,3,1,3,3
515,0,4,4,4,4,4,4,5,4,4,5,5,5,5,5,5,5
516,0,2,1,1,2,2,2,3,3,3,1,2,2,2,2,3,1
517,0,3,2,3,3,3,3,4,3,3,3,4,3,3,3,3,3
518,0,3,4,4,3,4,4,4,4,4,3,4,4,3,4,4,4
519,0,2,4,2,3,2,3,3,3,3,2,2,3,2,3,2,3
520,0,3,2,3,2,3,2,4,4,3,4,2,4,2,3,2,3
521,0,3,1,2,2,2,2,2,3,3,3,4,3,4,4,4,4
522,0,3,2,1,2,2,3,4,2,3,3,2,1,3,3,2,4
523,0,1,2,3,3,3,2,4,4,4,3,3,3,2,3,4,3
524,0,2,3,2,3,3,3,4,4,4,3,3,3,3,4,3,3
525,0,5,3,4,4,4,5,3,3,3,5,4,4,4,5,4,5
526,0,4,4,4,4,4,5,2,4,2,4,4,3,3,4,4,4
527,0,2,2,3,3,3,4,3,3,2,4,3,3,3,4,3,2
528,0,1,4,3,3,3,3,3,4,4,3,4,3,3,3,3,2
529,0,3,3,3,2,3,4,3,4,3,2,3,3,3,3,4,4
530,0,2,4,2,2,2,3,3,3,2,2,3,2,3,2,3,3
531,0,3,3,2,3,2,4,3,4,4,2,3,1,2,2,1,3
532,0,2,2,3,3,3,4,4,2,2,4,4,2,4,4,2,4
533,0,3,3,4,3,3,3,3,4,5,4,3,2,3,3,2,3
534,0,3,3,3,3,3,3,4,4,3,3,4,3,4,3,3,3
535,0,4,4,5,4,5,3,4,4,4,3,5,2,5,4,3,4
536,0,2,2,2,2,2,2,3,3,2,2,2,2,3,2,3,2
537,0,2,2,3,2,2,2,4,3,4,3,3,3,3,4,4,3
538,0,2,2,3,1,2,3,3,2,2,2,2,3,4,3,3,3
539,0,4,3,4,4,4,5,4,4,4,5,5,4,4,5,5,5
540,0,4,3,5,3,5,5,3,3,3,4,3,3,4,3,3,3
541,0,2,3,2,2,2,2,4,4,4,3,3,3,2,3,3,4
542,0,5,4,4,5,4,4,4,4,2,3,4,3,3,3,3,2
543,0,3,3,3,2,4,4,3,3,2,3,3,3,4,4,3,3
544,0,2,4,2,2,2,3,3,5,3,4,2,3,3,2,2,2
545,0,3,3,2,4,3,3,3,3,3,2,5,5,4,5,5,5
546,0,2,3,3,3,4,3,3,3,3,3,2,2,2,3,2,2
547,0,3,3,2,3,2,3,3,3,2,3,3,2,3,2,2,3
548,0,3,2,2,2,2,4,4,4,3,3,4,3,4,4,4,3
549,0,2,5,4,2,3,4,4,3,4,4,3,3,4,3,3,3
550,0,3,3,3,2,3,2,3,5,3,3,3,3,3,3,3,3
551,0,4,3,4,4,4,4,3,5,4,4,3,4,5,4,4,4
552,0,3,2,3,2,3,2,3,3,3,3,3,3,3,2,3,3
553,0,4,3,2,3,3,3,2,3,4,2,2,2,1,3,2,3
554,0,2,3,3,4,3,4,3,3,3,3,2,2,2,4,2,3
555,0,4,2,3,3,3,3,3,2,3,3,4,2,2,4,2,2
556,0,4,3,3,3,3,3,4,4,3,3,2,1,2,3,3,2
557,0,3,3,3,4,4,4,3,3,3,4,4,3,3,3,4,2
558,0,1,2,2,2,2,3,2,3,3,3,3,3,4,3,4,3
559,0,3,3,3,3,3,4,3,4,3,4,2,3,4,3,3,2
560,0,3,4,3,3,3,4,2,3,3,3,4,3,4,3,3,3
561,0,3,1,1,2,2,3,2,3,3,2,2,2,2,3,1,2
562,0,1,1,2,2,2,2,3,3,4,3,3,3,3,3,4,3
563,0,2,2,2,3,2,4,3,2,4,4,3,3,3,4,3,2
564,0,4,3,4,4,3,5,2,4,3,3,3,3,3,3,4,3
565,0,5,5,5,4,5,5,4,3,3,4,4,4,5,5,4,5
566,0,2,3,3,3,2,3,2,3,2,1,3,2,3,3,3,2
567,0,1,2,2,2,2,3,2,3,4,2,2,3,3,3,4,2
568,0,3,4,5,4,4,5,3,4,4,3,4,4,4,4,5,4
569,0,4,2,3,2,3,3,3,3,3,2,3,4,4,4,3,4
570,0,1,1,1,1,2,2,2,4,1,2,3,2,2,2,2,1
571,0,2,3,3,3,3,3,3,5,4,4,4,4,4,3,3,3
572,0,5,4,4,5,5,4,4,4,3,4,4,4,4,5,4,4
573,0,3,3,3,3,3,3,3,2,2,3,5,4,3,5,5,4
574,0,4,4,5,3,4,4,3,3,3,3,4,3,4,3,4,4
575,0,3,3,3,4,3,4,5,3,5,5,4,3,3,3,3,2
576,0,3,2,2,2,3,3,3,4,3,3,3,2,2,3,2,2
577,0,4,2,4,4,4,3,4,3,3,3,3,3,4,4,3,3
578,0,4,3,3,3,3,3,2,4,3,2,3,3,4,3,3,3
579,0,3,2,2,2,2,4,2,3,3,3,2,2,3,3,4,3
580,0,4,3,3,3,3,4,3,4,2,4,3,3,3,3,3,4
581,0,2,3,3,3,2,4,2,3,2,3,2,2,3,4,2,3
582,0,2,2,2,2,2,2,3,4,3,4,3,2,3,3,4,2
583,0,3,3,4,4,3,4,3,3,4,3,4,3,4,3,4,4
584,0,4,3,3,3,3,4,3,3,4,3,4,3,3,4,3,3
585,0,4,3,3,3,3,3,3,4,3,3,2,3,3,3,3,3
586,0,4,3,2,3,3,3,3,4,3,4,4,3,3,3,4,3
587,0,2,1,2,1,2,1,3,2,2,3,3,2,2,2,3,1
588,0,3,2,1,3,2,3,2,2,2,2,3,3,2,3,3,2
589,0,3,3,4,3,3,3,2,3,4,4,3,3,3,4,4,3
590,0,3,3,2,3,3,4,4,5,3,3,4,3,3,4,3,4
591,0,3,4,4,3,4,4,2,4,3,3,2,3,3,2,2,2
592,0,3,3,5,3,4,4,2,3,2,3,3,3,3,5,2,4
593,0,2,3,4,3,3,3,5,3,4,4,3,5,3,4,4,3
594,0,4,3,4,3,4,4,3,4,4,3,3,3,4,4,4,4
595,0,4,4,4,3,4,4,2,5,4,3,4,3,4,3,3,4
596,0,1,3,4,3,3,3,4,3,4,3,3,3,3,3,3,4
597,0,3,3,3,4,3,4,4,4,5,4,3,3,3,4,3,4
598,0,2,2,3,2,2,3,2,4,3,2,2,3,2,3,2,2
599,0,4,4,4,3,4,4,3,4,4,3,4,3,5,4,3,4
600,0,2,2,3,4,3,3,2,4,3,2,2,3,3,4,3,3
601,1,4,4,5,4,5,4,3,4,3,4,3,3,4,3,3,4
602,1,3,3,3,3,3,3,2,4,3,3,2,4,2,2,3,3
603,1,4,3,3,3,3,2,3,3,2,3,3,3,3,4,3,3
604,1,2,2,2,3,2,2,2,3,3,1,3,4,4,3,3,2
605,1,3,2,3,3,3,4,3,3,3,3,3,4,4,3,3,3
606,1,2,2,3,3,3,3,3,4,3,3,3,4,3,3,4,3
607,1,3,2,1,1,1,1,1,3,2,2,3,3,3,3,3,2
608,1,4,4,3,4,4,3,3,4,3,3,3,3,5,3,3,4
609,1,2,2,1,2,2,2,1,2,2,3,1,2,2,2,2,2
610,1,5,3,3,3,3,2,4,3,3,3,4,5,5,4,3,4
611,1,3,3,2,2,2,2,3,3,2,3,3,2,1,2,3,3
612,1,2,3,3,3,3,3,3,3,3,2,4,4,3,3,3,4
613,1,3,3,2,3,2,2,2,4,4,2,2,3,5,3,4,3
614,1,2,3,1,1,2,3,1,3,2,2,1,2,3,2,3,2
615,1,2,2,2,2,2,2,3,2,3,3,3,4,3,3,3,2
616,1,2,1,3,2,3,3,3,3,1,3,4,3,2,4,4,3
617,1,4,2,3,3,3,3,3,4,5,3,2,3,3,3,2,3
618,1,3,3,1,2,1,4,3,4,3,3,3,4,4,3,3,4
619,1,3,3,3,2,3,2,4,3,3,3,3,3,2,2,3,3
620,1,2,2,3,2,3,3,2,2,3,2,2,3,2,2,2,3
621,1,3,2,3,1,2,2,2,4,2,3,2,3,2,3,2,3
622,1,3,2,3,4,3,3,4,3,3,3,3,3,3,4,3,4
623,1,2,1,1,2,1,2,2,2,2,2,2,3,2,2,3,3
624,1,2,3,2,2,3,3,3,3,3,2,2,2,3,1,3,3
625,1,3,3,1,4,2,3,3,2,4,3,4,4,4,5,5,4
626,1,3,2,2,2,3,2,3,2,2,2,3,3,3,2,3,3
627,1,4,3,3,4,3,3,2,2,1,3,4,5,3,4,4,3
628,1,2,2,3,4,3,3,4,4,5,4,5,5,5,4,4,3
629,1,3,1,3,2,2,3,2,3,3,2,2,3,3,2,3,4
630,1,3,2,4,4,4,4,3,3,3,3,3,3,3,3,3,3
631,1,4,4,3,3,4,4,2,2,4,3,3,3,3,3,3,3
632,1,3,2,4,3,3,3,3,2,2,1,2,3,2,3,3,3
633,1,2,3,3,3,3,3,4,3,3,4,3,5,4,4,5,5
634,1,3,4,2,3,2,3,3,4,3,3,3,4,4,3,3,3
635,1,4,2,3,4,3,4,3,3,3,4,4,3,3,4,3,3
636,1,2,2,2,2,3,3,3,1,2,2,3,4,2,2,2,3
637,1,3,2,2,1,2,2,2,3,3,2,3,4,4,3,3,3
638,1,3,2,3,3,3,3,3,2,2,2,2,3,3,3,2,2
639,1,2,3,2,3,2,3,3,3,2,3,3,5,4,4,4,3
640,1,3,3,3,3,3,3,3,3,2,3,2,3,3,2,2,3
641,1,3,2,2,4,2,3,4,3,2,4,3,4,3,2,4,3
642,1,4,5,5,5,5,5,4,3,2,3,5,5,5,3,4,4
643,1,2,3,3,3,3,4,3,2,3,2,2,3,3,2,3,3
644,1,4,3,4,5,5,4,3,4,3,3,3,3,4,2,4,4
645,1,2,2,2,3,2,1,2,2,3,2,2,2,2,2,1,2
646,1,3,3,4,4,4,3,4,3,3,3,3,2,3,3,3,2
647,1,4,4,2,3,3,3,3,2,2,3,3,4,4,3,3,3
648,1,4,3,3,3,3,3,3,3,3,3,3,3,3,3,3,2
649,1,3,3,2,3,2,2,1,2,2,2,3,3,3,3,3,3
650,1,4,3,3,4,3,4,3,3,3,3,3,3,4,4,4,3
651,1,4,2,2,3,3,4,3,2,4,3,2,3,3,3,1,2
652,1,2,2,4,3,3,3,2,2,3,3,5,4,3,4,4,5
653,1,2,2,2,3,2,3,2,4,4,3,2,3,2,3,3,3
654,1,2,1,3,2,4,2,3,3,2,3,3,3,2,2,2,2
655,1,3,2,4,4,4,4,4,3,4,4,3,4,3,2,2,4
656,1,3,3,3,4,3,4,3,3,4,4,4,4,5,4,4,4
657,1,3,3,3,4,4,3,2,3,1,2,3,4,3,3,4,3
658,1,2,3,2,3,2,3,3,4,3,3,3,4,3,3,5,4
659,1,3,4,2,4,2,3,2,4,2,3,3,4,3,3,4,3
660,1,4,4,3,4,3,3,4,2,3,3,5,3,4,3,4,2
661,1,3,2,2,4,2,2,3,3,2,3,4,4,4,3,4,4
662,1,4,3,3,3,3,3,3,1,3,3,3,3,4,3,3,4
663,1,4,3,4,3,4,3,3,3,3,3,4,4,3,4,4,3
664,1,3,3,2,3,3,3,3,2,3,4,2,3,3,3,4,3
665,1,2,4,4,3,5,3,4,4,5,4,3,4,2,3,3,4
666,1,3,3,3,3,3,3,3,3,3,3,2,2,3,2,2,2
667,1,2,1,3,2,3,1,2,3,2,1,3,4,2,2,3,3
668,1,1,2,3,2,2,2,2,3,2,3,3,4,4,2,3,4
669,1,3,3,3,4,3,3,3,2,2,2,4,3,5,3,3,4
670,1,2,1,1,1,1,2,2,4,3,4,2,3,4,3,3,4
671,1,3,3,1,2,3,3,3,3,2,2,3,3,4,4,4,4
672,1,2,2,2,1,2,2,2,2,1,2,3,2,2,3,3,3
673,1,5,4,3,3,4,4,3,3,4,3,4,4,4,5,3,3
674,1,3,3,3,1,2,2,3,3,1,2,2,3,4,3,3,3
675,1,3,2,2,3,3,3,3,3,3,3,4,3,3,3,3,3
676,1,3,3,4,3,3,2,3,4,5,4,4,3,3,2,3,3
677,1,2,1,1,1,2,1,2,2,1,3,3,3,3,2,2,3
678,1,3,2,4,4,4,3,3,5,3,3,2,3,3,3,4,3
679,1,2,3,1,2,2,2,3,3,3,3,3,3,2,2,3,3
680,1,2,2,2,2,1,2,3,2,4,2,3,2,3,3,3,3
681,1,3,3,3,2,3,3,3,3,1,3,3,4,3,2,3,3
682,1,3,3,3,2,3,3,3,5,3,3,3,3,3,4,2,3
683,1,5,3,2,4,3,4,4,2,4,3,3,3,3,3,3,3
684,1,4,3,4,3,4,4,3,4,3,3,4,3,3,3,3,2
685,1,3,2,2,4,2,3,2,3,2,2,2,3,3,3,3,4
686,1,3,1,2,3,2,3,3,4,4,4,4,4,3,4,3,3
687,1,3,2,1,1,1,2,3,3,2,3,3,4,5,4,5,4
688,1,2,3,4,2,4,2,2,2,4,2,2,2,3,3,3,2
689,1,2,3,2,4,2,3,3,3,3,2,3,4,2,3,4,3
690,1,1,2,2,2,2,1,3,3,3,3,4,3,3,3,4,4
691,1,4,3,4,4,4,3,3,2,3,2,3,4,4,3,3,3
692,1,2,1,2,3,2,3,4,4,2,2,3,4,3,2,2,3
693,1,5,2,3,4,4,3,5,4,4,5,4,4,3,4,4,5
694,1,3,3,2,3,3,2,4,4,4,4,3,4,3,3,3,2
695,1,4,3,3,5,4,4,4,5,3,4,3,5,3,3,4,4
696,1,3,3,4,2,4,3,3,5,4,3,4,4,4,3,4,4
697,1,3,3,2,2,2,2,4,2,3,4,3,3,2,4,3,3
698,1,2,1,3,1,2,1,3,2,2,3,3,2,2,2,2,3
699,1,2,3,3,3,3,3,3,3,2,4,4,5,5,4,5,4
700,1,3,3,3,4,4,3,4,3,4,4,4,4,4,2,5,3
701,1,2,1,2,3,3,3,2,2,2,2,1,4,2,1,3,2
702,1,4,3,2,2,2,2,3,3,2,3,4,4,5,4,5,4
703,1,4,3,3,3,3,2,2,3,2,2,3,3,3,3,3,3
704,1,4,3,3,5,4,4,5,4,4,3,4,3,4,3,4,3
705,1,4,3,3,2,3,3,3,3,4,4,4,5,5,4,4,4
706,1,4,2,2,2,3,4,3,4,4,3,3,2,2,2,3,3
707,1,2,3,3,4,4,3,5,3,3,3,4,3,4,3,3,4
708,1,2,3,2,3,2,2,3,3,3,2,4,4,3,4,3,4
709,1,3,2,2,2,3,3,3,3,2,2,3,4,4,2,3,3
710,1,2,3,2,2,2,2,2,3,3,2,2,3,3,3,3,3
711,1,3,3,2,2,2,2,2,2,2,2,2,3,2,3,3,3
712,1,2,4,2,3,3,3,2,2,2,2,2,2,2,2,3,2
713,1,3,3,3,2,4,3,1,2,2,3,3,4,4,3,3,4
714,1,3,3,3,4,3,3,2,1,3,2,3,4,4,3,3,4
715,1,3,3,4,3,4,4,4,3,3,4,3,3,4,3,3,3
716,1,3,3,4,3,4,3,3,2,2,2,3,3,3,3,3,4
717,1,4,5,4,5,4,4,3,2,2,3,4,4,5,4,5,5
718,1,2,2,1,2,1,3,3,4,3,4,3,3,2,2,3,2
719,1,4,2,2,2,3,3,2,4,2,3,2,2,3,2,3,4
720,1,3,1,2,2,2,2,3,4,3,3,3,4,3,3,3,3
721,1,4,3,4,4,5,5,3,3,4,3,4,4,4,4,4,4
722,1,2,3,2,2,3,2,2,3,2,3,3,3,3,3,3,3
723,1,2,3,2,2,2,2,1,4,3,4,2,2,3,4,3,3
724,1,2,3,3,4,3,3,2,4,3,2,2,2,1,2,2,2
725,1,3,3,3,3,3,3,3,4,3,4,3,5,4,3,4,3
726,1,4,4,2,3,3,3,2,4,3,3,2,3,3,3,3,2
727,1,4,3,3,2,4,3,3,3,4,4,3,4,4,4,4,4
728,1,2,3,2,3,2,3,2,3,2,2,3,4,5,4,4,4
729,1,4,2,2,3,3,3,2,4,2,3,3,4,3,3,4,3
730,1,3,3,3,3,3,4,1,3,3,2,3,4,3,3,3,4
731,1,4,2,3,3,4,3,3,3,3,3,4,3,3,3,3,3
732,1,4,1,2,2,2,3,1,2,2,1,3,4,4,2,3,3
733,1,3,4,2,2,4,3,4,4,4,4,3,4,4,5,4,4
734,1,2,2,3,2,3,3,4,5,2,4,4,4,3,4,4,4
735,1,2,3,2,2,2,3,2,2,2,1,2,2,2,3,2,3
736,1,4,2,2,4,3,2,1,3,2,2,2,3,2,1,2,2
737,1,3,3,3,3,4,3,3,3,2,3,3,4,3,2,3,3
738,1,4,3,2,3,2,2,2,3,2,3,3,4,3,3,4,3
739,1,4,2,3,5,3,3,2,2,2,3,4,3,3,4,3,3
740,1,4,5,4,5,5,4,3,4,4,5,3,4,4,4,4,4
741,1,2,2,3,1,3,2,4,4,4,3,2,3,3,2,2,3
742,1,3,4,2,2,2,2,2,3,3,3,3,2,3,2,2,2
743,1,3,3,2,3,2,3,2,2,3,1,3,3,3,3,3,3
744,1,2,3,2,3,3,2,4,3,2,3,4,4,3,4,4,4
745,1,4,2,2,3,3,2,2,4,2,2,3,3,4,3,4,3
746,1,2,3,1,3,1,1,3,4,3,3,2,3,4,1,2,3
747,1,4,3,3,3,3,2,2,2,3,3,2,1,3,2,3,2
748,1,3,3,3,4,3,3,3,3,2,2,3,3,2,2,3,3
749,1,4,3,3,2,3,4,3,3,3,3,4,3,5,4,4,5
750,1,3,3,3,3,4,4,3,3,2,3,2,2,2,2,2,3
751,1,4,3,2,2,3,3,2,3,2,2,2,3,3,2,3,3
752,1,5,3,3,3,3,3,5,3,4,4,3,5,3,4,4,4
753,1,4,2,2,1,2,3,3,1,3,1,2,3,2,3,2,1
754,1,3,2,3,3,3,3,4,4,3,5,4,4,4,3,4,3
755,1,2,2,3,3,3,2,3,3,4,4,2,3,2,2,2,3
756,1,4,2,3,2,3,3,3,1,2,3,4,5,4,3,5,4
757,1,4,3,4,4,3,3,4,4,5,3,3,3,3,2,2,3
758,1,2,2,2,1,3,3,2,2,3,3,3,4,4,2,3,2
759,1,2,3,3,4,4,3,4,3,3,3,2,3,2,3,3,1
760,1,2,2,3,3,3,3,3,3,4,3,3,5,4,4,4,4
761,1,3,3,3,4,3,3,3,4,3,4,4,5,5,5,4,4
762,1,4,3,2,1,2,3,4,4,3,3,2,3,3,4,4,3
763,1,4,3,2,2,3,2,2,3,3,3,2,4,3,4,4,4
764,1,4,3,2,3,3,3,3,2,2,3,4,5,4,5,4,3
765,1,2,1,3,2,3,3,3,3,2,3,3,3,4,4,3,3
766,1,4,3,3,2,3,2,3,3,4,3,3,3,4,4,3,3
767,1,3,2,3,3,3,3,3,3,3,4,3,4,4,4,4,3
768,1,3,3,3,3,4,3,3,3,3,4,3,3,2,3,3,4
769,1,5,4,4,5,5,5,5,4,5,5,4,3,3,3,4,3
770,1,3,2,1,3,1,2,2,3,2,1,3,3,4,3,3,3
771,1,4,3,1,3,2,3,3,3,3,3,2,2,2,2,3,2
772,1,3,3,3,3,3,4,2,2,4,2,3,4,3,3,4,4
773,1,4,3,4,3,3,3,2,4,3,2,3,3,2,2,2,2
774,1,3,2,2,3,3,3,4,4,3,4,3,3,3,2,4,3
775,1,3,2,2,2,2,2,3,3,3,2,3,2,3,2,2,2
776,1,4,3,3,3,3,3,3,4,3,3,3,4,3,3,3,4
777,1,3,3,3,3,3,2,2,3,3,2,2,4,3,3,3,3
778,1,2,2,3,4,3,2,3,3,3,3,3,3,3,3,3,3
779,1,4,1,2,2,2,3,4,3,3,3,3,3,3,2,4,3
780,1,5,3,3,4,3,2,2,4,2,3,2,2,3,2,2,3
781,1,3,3,2,2,3,2,4,4,2,4,4,4,3,4,4,4
782,1,2,3,3,2,3,3,3,3,3,2,2,3,2,2,2,2
783,1,2,2,3,3,2,3,4,4,3,2,2,2,3,2,3,2
784,1,4,2,3,3,3,3,3,2,2,3,3,3,3,4,3,3
785,1,5,4,5,4,4,4,4,3,5,4,5,4,5,4,4,5
786,1,2,2,3,4,4,3,4,4,5,5,3,4,2,3,5,2
787,1,3,3,2,3,2,2,2,2,2,2,3,3,3,2,3,3
788,1,1,2,1,3,1,2,2,3,2,3,4,3,3,2,2,2
789,1,4,2,2,2,2,3,3,4,2,3,4,4,3,3,3,2
790,1,3,2,2,2,2,3,3,2,2,3,2,2,3,2,3,4
791,1,2,3,1,4,2,2,3,3,4,3,4,3,4,3,2,3
792,1,3,2,3,3,2,2,3,3,2,3,4,3,5,4,4,4
793,1,4,2,3,2,2,2,2,3,2,3,3,3,3,3,3,3
794,1,3,3,4,4,3,3,3,3,4,3,4,3,3,3,3,3
795,1,4,3,3,3,3,3,1,4,2,2,2,3,2,2,2,3
796,1,2,3,3,4,2,3,3,3,3,3,3,3,3,3,2,2
797,1,2,2,1,2,1,1,4,3,2,3,2,2,2,2,2,3
798,1,3,2,3,1,3,2,2,2,2,2,2,3,2,1,3,3
799,1,4,3,4,3,4,3,4,2,3,3,4,4,4,4,5,3
800,1,4,3,3,2,3,3,4,4,3,3,3,3,3,3,3,3
801,1,3,2,4,3,5,3,4,5,5,4,4,3,4,4,5,4
802,1,3,2,3,3,3,3,3,3,1,2,3,4,4,4,4,3
803,1,3,2,3,2,2,2,3,3,3,3,2,3,2,3,4,1
804,1,3,3,3,2,3,3,3,3,2,3,3,2,2,2,1,3
805,1,3,1,3,1,3,2,2,2,2,3,3,3,2,3,4,3
806,1,2,2,2,3,3,2,2,3,2,2,3,4,4,3,3,4
807,1,4,2,2,3,3,2,3,3,3,3,3,2,4,4,3,3
808,1,4,4,4,3,4,5,3,3,3,4,3,3,4,3,4,3
809,1,3,1,2,2,2,2,4,2,2,3,4,5,4,4,5,3
810,1,3,2,2,3,2,3,2,3,1,2,3,4,3,2,2,3
811,1,4,3,2,4,3,2,3,4,3,2,3,4,4,4,3,5
812,1,4,3,3,3,3,3,2,1,4,3,3,4,4,4,4,4
813,1,3,4,3,3,3,3,3,3,4,3,2,2,1,1,2,1
814,1,3,3,5,3,5,4,3,3,2,4,3,4,4,5,4,3
815,1,4,3,3,4,4,4,2,4,2,2,2,3,3,2,2,4
816,1,3,2,2,1,2,2,2,2,1,2,3,3,3,3,3,3
817,1,4,3,3,4,4,3,2,3,3,3,3,4,3,3,3,3
818,1,4,3,3,4,3,3,4,4,5,4,3,5,4,4,3,4
819,1,3,2,1,3,1,1,1,4,3,2,2,3,2,2,3,3
820,1,1,2,1,2,1,2,3,2,3,3,4,4,4,4,3,3
821,1,3,3,3,2,4,3,4,2,2,3,3,4,3,3,4,5
822,1,4,1,3,2,2,2,4,4,3,3,4,4,4,4,4,4
823,1,3,4,4,3,4,3,2,4,3,3,4,4,3,4,3,4
824,1,3,2,2,2,3,1,1,3,1,2,1,1,2,1,1,1
825,1,4,4,4,3,5,3,2,2,2,2,3,4,4,3,4,3
826,1,4,3,4,5,5,4,4,4,4,3,2,3,3,2,3,3
827,1,2,4,4,3,3,3,2,3,3,3,3,3,3,4,3,4
828,1,3,3,4,4,3,4,3,4,3,3,5,4,4,4,4,4
829,1,3,3,4,3,4,3,3,3,2,3,3,3,3,2,3,3
830,1,3,3,3,2,4,2,3,2,3,2,3,3,2,3,3,4
831,1,4,4,5,4,5,4,3,3,2,3,3,2,3,3,3,4
832,1,4,3,3,3,4,3,4,3,4,4,4,5,5,5,4,4
833,1,4,4,3,2,4,2,4,4,3,2,3,4,4,2,3,3
834,1,2,1,3,2,2,2,4,2,3,3,2,3,3,4,4,4
835,1,2,2,3,3,3,2,3,4,3,3,3,4,2,3,3,3
836,1,1,2,1,2,2,2,2,2,2,2,2,3,2,1,3,2
837,1,4,4,3,4,4,3,4,4,2,3,3,4,4,3,3,4
838,1,3,3,2,2,2,3,2,2,2,3,2,3,3,1,3,2
839,1,4,3,4,4,4,3,3,3,3,3,2,3,4,4,4,2
840,1,3,3,3,3,4,3,2,2,3,2,3,4,3,3,4,4
841,1,2,2,3,3,2,3,4,3,4,3,4,3,5,4,3,3
842,1,2,2,3,2,3,2,3,4,2,3,3,3,2,2,2,3
843,1,3,2,2,1,2,2,3,3,3,3,1,1,2,1,1,2
844,1,3,3,2,2,2,3,3,3,1,3,2,4,4,3,4,4
845,1,3,4,4,3,3,2,4,4,3,4,3,3,3,3,3,1
846,1,2,1,2,4,3,3,2,2,3,3,4,4,4,4,4,4
847,1,3,3,4,5,4,4,2,3,3,3,4,5,4,5,5,5
848,1,2,2,3,2,3,1,3,2,2,3,3,3,3,3,3,3
849,1,3,2,3,3,4,3,2,1,2,3,4,4,2,3,3,3
850,1,3,3,3,4,3,3,4,2,3,3,2,3,1,2,2,3
851,1,4,2,2,3,2,2,1,1,2,2,2,2,2,3,2,3
852,1,5,3,3,3,3,3,3,3,3,3,4,3,4,4,4,3
853,1,3,2,2,2,3,3,3,2,3,3,4,4,4,3,3,3
854,1,4,2,2,3,3,3,4,4,4,5,4,4,4,3,3,3
855,1,3,2,2,2,2,3,4,3,3,4,3,2,4,2,3,3
856,1,2,2,2,3,3,3,2,4,2,3,3,4,3,2,4,3
857,1,4,4,4,4,4,3,4,3,4,4,3,5,3,4,4,4
858,1,3,3,2,1,3,2,3,3,2,3,3,4,3,2,3,3
859,1,3,3,2,3,2,3,3,3,3,2,3,4,4,3,3,3
860,1,3,3,3,3,3,3,3,5,4,2,3,3,3,4,2,3
861,1,2,1,2,2,2,1,2,3,3,2,3,3,2,2,3,2
862,1,5,2,3,3,3,3,2,2,2,4,4,3,3,4,4,3
863,1,2,2,3,3,3,1,3,3,3,3,3,3,2,4,2,3
864,1,2,2,1,2,1,2,4,4,4,3,3,3,3,3,3,3
865,1,3,3,2,2,4,4,2,4,2,2,2,3,3,3,2,3
866,1,3,3,5,4,5,4,3,3,3,3,2,3,3,3,2,3
867,1,3,2,4,3,4,4,5,4,2,3,3,3,3,2,4,2
868,1,2,3,3,3,2,2,3,2,3,2,3,3,2,2,1,2
869,1,2,2,2,1,2,1,2,2,2,3,3,3,2,2,3,2
870,1,3,2,3,2,3,2,4,2,3,4,4,3,3,3,3,2
871,1,4,3,4,3,4,4,4,3,3,4,5,4,5,4,5,4
872,1,2,3,2,2,2,2,3,3,2,2,2,4,5,3,4,4
873,1,3,3,2,3,3,4,3,4,1,3,3,3,2,4,3,2
874,1,4,3,3,3,4,2,3,3,3,3,4,3,4,4,4,4
875,1,1,1,1,1,1,1,3,3,3,3,3,3,2,2,3,3
876,1,2,3,2,3,3,2,3,3,2,2,2,2,2,2,2,2
877,1,3,3,2,4,3,3,3,3,2,3,4,4,3,4,3,3
878,1,4,3,3,3,4,2,4,3,3,4,3,4,4,3,4,4
879,1,4,2,2,3,2,2,3,2,3,3,2,2,2,2,2,3
880,1,3,4,2,3,2,4,4,3,2,3,3,3,2,3,3,3
881,1,2,3,3,3,2,4,2,4,2,3,2,2,3,2,2,2
882,1,4,3,4,3,5,5,4,3,5,3,3,4,3,3,2,4
883,1,4,3,3,3,4,4,4,2,3,3,4,4,5,4,3,4
884,1,2,3,3,3,2,3,3,4,4,3,4,2,3,3,2,3
885,1,4,3,4,4,5,4,4,4,4,3,5,5,5,5,4,4
886,1,4,2,1,1,2,3,3,2,3,4,3,3,3,3,3,3
887,1,2,3,3,3,3,2,3,4,3,3,3,3,3,3,2,4
888,1,2,1,2,3,2,3,2,2,3,3,2,2,2,2,2,2
889,1,2,2,2,1,2,1,2,2,3,3,2,3,2,3,2,3
890,1,2,2,2,2,2,2,2,4,2,2,2,3,3,3,2,2
891,1,4,3,2,3,3,3,4,3,2,4,3,4,4,4,4,3
892,1,3,4,4,4,4,3,1,2,2,3,3,2,2,2,2,3
893,1,4,2,2,2,3,2,4,3,4,4,4,4,4,4,4,4
894,1,3,2,2,1,2,2,4,4,3,4,4,4,3,2,4,5
895,1,4,3,3,3,3,2,3,4,3,2,2,2,3,2,3,2
896,1,3,2,2,3,3,2,4,3,3,3,3,3,3,4,4,3
897,1,3,2,1,2,1,2,2,2,3,2,3,3,3,2,2,3
898,1,2,4,3,3,3,3,4,3,3,3,2,2,4,3,3,3
899,1,4,3,2,3,2,4,3,3,3,2,2,3,2,3,3,2
900,1,3,3,2,2,3,3,3,3,4,4,2,3,3,2,3,2
901,1,2,3,3,3,3,3,3,4,1,4,3,3,2,2,3,2
902,1,3,3,3,4,3,2,2,3,3,2,3,4,3,3,4,3
903,1,3,4,4,3,3,3,3,3,4,4,3,4,4,3,4,3
904,1,4,3,3,3,3,2,3,3,3,3,4,4,3,3,4,3
905,1,3,2,2,3,3,4,3,3,3,4,3,3,3,2,3,4
906,1,3,3,1,3,2,3,2,3,2,2,4,3,2,3,3,2
907,1,3,2,2,1,2,3,3,3,3,3,4,4,4,4,3,3
908,1,1,2,2,3,2,3,2,4,4,4,4,4,4,5,5,4
909,1,5,4,4,4,4,5,4,4,2,4,3,3,4,4,4,3
910,1,3,3,3,3,2,2,3,3,3,2,3,3,3,3,2,3
911,1,2,1,2,1,2,2,3,3,2,2,3,4,3,3,4,5
912,1,3,3,2,2,2,3,3,3,3,2,4,3,4,4,3,3
913,1,5,4,3,4,4,4,4,3,3,4,3,4,2,3,4,3
914,1,3,2,4,4,4,2,3,3,2,3,3,3,4,3,3,3
915,1,1,3,2,2,3,3,3,3,3,3,3,3,3,3,3,4
916,1,5,3,3,4,3,3,3,3,4,3,3,3,4,3,3,4
917,1,3,3,3,2,4,4,3,3,2,3,3,2,1,2,4,2
918,1,4,3,4,4,4,4,3,3,3,4,4,5,3,4,4,5
919,1,3,3,3,3,3,3,2,2,2,3,3,3,4,3,4,3
920,1,2,2,3,2,3,3,2,2,2,3,1,1,2,1,1,1
921,1,4,3,4,2,5,4,3,2,3,3,3,3,3,4,4,2
922,1,4,4,3,5,5,3,2,3,3,3,4,3,4,3,4,5
923,1,3,2,3,3,4,3,3,3,3,2,3,3,3,4,3,2
924,1,3,3,2,3,2,3,2,3,2,2,2,2,1,3,3,3
925,1,1,2,2,2,3,3,2,2,1,3,4,4,4,3,4,4
926,1,3,3,4,3,4,3,3,3,3,3,4,4,2,3,3,3
927,1,3,2,3,1,3,3,4,4,3,4,2,3,3,3,3,3
928,1,4,3,3,4,4,3,4,3,4,4,2,3,3,3,4,3
929,1,3,3,3,3,4,3,4,3,3,3,3,5,4,4,3,3
930,1,3,2,2,2,2,3,3,3,3,3,2,2,1,2,3,3
931,1,4,4,4,3,4,4,4,3,3,4,3,2,3,3,4,3
932,1,2,3,1,3,1,3,2,4,2,1,3,3,2,3,3,4
933,1,3,3,3,3,4,3,4,3,3,4,5,5,5,5,4,4
934,1,5,3,3,2,4,3,3,3,2,3,3,4,3,2,3,4
935,1,5,3,3,3,3,3,2,3,3,3,4,3,4,3,4,4
936,1,2,3,3,3,4,3,2,4,3,2,5,3,4,2,3,3
937,1,5,4,3,4,4,4,4,4,4,4,3,3,2,2,2,2
938,1,5,5,5,5,5,5,2,3,4,4,3,4,4,4,5,4
939,1,1,2,2,3,2,2,3,2,2,4,2,3,3,3,3,3
940,1,4,3,4,3,3,3,3,1,2,3,3,3,3,3,3,4
941,1,4,1,3,2,3,2,3,4,1,3,2,2,1,1,1,1
942,1,4,2,2,1,2,4,3,2,3,2,3,3,3,4,3,3
943,1,2,1,2,3,3,2,3,2,2,3,2,2,1,2,2,2
944,1,2,2,2,5,3,3,2,2,4,2,3,2,3,2,2,3
945,1,3,3,2,4,3,3,3,4,4,3,4,3,3,3,3,3
946,1,3,2,3,3,3,3,2,3,3,3,2,3,4,3,4,3
947,1,3,2,3,3,3,3,3,2,2,4,3,4,4,4,4,3
948,1,4,3,3,3,3,3,3,3,3,2,3,3,2,3,3,3
949,1,3,2,1,2,3,3,2,3,2,1,3,4,2,3,2,2
950,1,4,2,4,3,4,3,5,3,4,4,2,2,3,3,4,3
951,1,1,2,2,1,2,1,2,4,3,1,3,1,3,2,3,3
952,1,4,2,3,3,3,2,3,3,3,4,3,3,4,4,3,3
953,1,4,4,5,4,5,4,3,3,2,4,5,5,5,4,5,5
954,1,4,3,3,2,3,3,3,4,3,4,2,3,3,2,3,2
955,1,3,3,3,1,4,2,2,2,2,2,4,4,3,4,4,2
956,1,1,2,2,3,3,3,3,3,2,2,3,3,3,2,3,2
957,1,3,3,2,4,3,4,3,4,4,4,3,5,4,4,4,3
958,1,4,3,4,3,4,3,4,1,3,4,2,3,3,3,2,2
959,1,5,5,4,4,4,5,4,2,4,4,2,3,4,4,4,3
960,1,3,3,3,4,4,4,2,2,4,2,3,3,3,3,3,3
961,1,4,4,3,3,4,2,2,4,3,3,3,3,3,4,4,3
962,1,2,1,1,3,1,1,1,1,1,2,3,2,3,3,3,3
963,1,3,2,3,3,3,2,3,4,4,3,4,4,4,3,3,5
964,1,4,3,4,2,3,3,1,4,3,2,3,4,3,4,4,3
965,1,3,1,2,3,3,2,4,3,2,3,1,2,2,2,3,3
966,1,5,4,2,3,2,3,4,5,4,4,3,4,3,3,3,4
967,1,2,3,3,3,3,2,4,5,4,4,3,4,4,4,4,4
968,1,2,2,2,5,2,3,2,3,2,3,4,3,3,4,4,4
969,1,4,3,4,4,5,5,3,4,4,3,3,3,4,4,4,4
970,1,2,1,2,2,2,2,3,4,3,3,2,3,3,3,3,2
971,1,2,2,2,1,1,3,3,3,2,3,3,4,3,4,5,3
972,1,2,2,1,1,2,2,4,2,2,3,2,3,2,3,2,2
973,1,3,2,2,1,1,2,3,3,2,3,2,3,2,2,3,2
974,1,3,3,2,2,3,2,3,3,2,2,3,2,2,3,3,3
975,1,5,3,4,3,4,3,3,3,3,4,4,4,3,3,4,3
976,1,3,3,3,4,3,3,3,2,4,2,4,3,3,3,3,3
977,1,4,3,3,2,3,4,3,4,2,3,3,3,4,3,4,3
978,1,3,1,2,3,3,3,2,1,2,2,3,4,4,4,4,4
979,1,4,3,2,1,3,2,3,5,4,4,3,3,4,4,3,3
980,1,2,2,2,1,2,3,3,4,4,3,2,2,2,1,2,1
981,1,3,4,2,1,3,3,2,4,2,3,2,4,4,3,4,3
982,1,3,3,3,4,4,4,2,3,4,3,2,3,2,3,4,3
983,1,2,3,2,2,2,4,3,3,3,3,3,3,2,2,2,2
984,1,3,3,3,2,3,2,2,1,2,3,3,3,3,2,3,3
985,1,2,2,3,3,3,2,4,3,4,3,4,4,4,4,3,5
986,1,2,2,1,3,2,1,3,3,3,2,2,1,2,2,1,2
987,1,4,3,2,3,2,3,3,4,2,4,3,3,3,3,3,3
988,1,4,4,3,4,3,4,3,3,3,3,1,3,2,1,2,2
989,1,1,3,3,2,3,4,3,2,2,2,3,3,4,3,4,3
990,1,2,2,3,2,2,3,3,4,2,2,3,2,2,1,3,2
991,1,1,2,1,2,1,2,3,2,4,2,3,3,3,3,3,3
992,1,3,2,4,1,4,3,3,3,4,4,2,3,3,3,3,3
993,1,3,4,4,3,4,3,4,3,4,4,2,3,3,3,3,2
994,1,2,3,2,1,2,2,2,2,2,3,3,4,4,5,4,4
995,1,2,1,1,3,2,2,3,3,2,2,3,4,2,3,2,3
996,1,3,3,2,3,3,3,3,3,4,4,3,3,3,3,4,3
997,1,4,2,2,2,2,3,3,2,2,3,3,3,3,3,3,4
998,1,3,4,2,2,2,3,3,1,1,2,2,3,3,4,2,3
999,1,3,3,3,3,3,3,5,4,4,4,4,4,4,5,5,4
1000,1,3,3,4,4,3,3,3,3,3,4,3,4,4,4,4,3
1001,1,2,2,3,3,3,2,3,1,2,2,3,3,3,3,4,3
1002,1,2,2,2,2,2,2,2,3,2,2,3,3,3,2,3,3
1003,1,4,3,3,3,2,4,2,3,3,3,3,2,3,3,3,3
1004,1,2,3,3,4,3,3,4,3,4,4,3,3,2,3,2,2
1005,1,4,2,3,4,2,4,3,3,3,3,3,4,4,3,4,3
1006,1,3,4,3,5,2,4,3,4,3,3,2,4,4,3,3,3
1007,1,3,4,3,3,3,4,4,4,5,3,5,4,4,4,4,4
1008,1,4,3,2,3,3,2,3,4,3,4,5,4,3,4,4,3
1009,1,3,3,2,2,3,2,2,3,3,2,3,3,4,3,3,4
1010,1,1,3,2,3,2,3,4,2,3,2,2,3,3,2,3,3
1011,1,3,3,2,3,3,4,3,2,2,2,2,4,3,3,3,3
1012,1,4,3,3,4,3,4,4,4,3,4,3,4,3,3,4,3
1013,1,3,2,1,2,2,2,2,3,3,3,3,3,3,3,3,3
1014,1,3,2,1,3,2,3,2,2,2,2,1,3,3,3,4,4
1015,1,3,3,3,3,3,3,4,3,4,4,4,4,4,4,3,4
1016,1,2,2,2,1,2,2,3,3,4,2,4,4,4,2,3,3
1017,1,3,3,3,1,4,2,2,3,3,3,3,3,2,3,4,3
1018,1,4,3,3,3,3,4,4,5,3,4,4,4,4,5,5,4
1019,1,3,1,1,1,2,2,3,3,4,3,3,2,1,2,2,1
1020,1,4,2,1,3,1,3,4,3,2,4,2,3,3,3,2,3
1021,1,3,3,3,3,3,3,4,4,3,3,3,2,2,2,2,1
1022,1,2,2,2,1,2,3,3,2,3,3,2,3,1,2,2,3
1023,1,4,1,2,3,3,3,2,3,3,2,3,3,2,2,3,2
1024,1,2,3,1,3,2,2,4,3,3,3,3,4,3,3,3,3
1025,1,3,1,1,1,1,1,3,4,3,3,3,4,4,3,4,3
1026,1,3,3,4,3,4,3,3,4,3,3,3,4,4,4,4,4
1027,1,4,2,3,3,3,2,1,2,1,2,2,2,3,2,2,2
1028,1,2,2,2,3,3,3,3,3,1,3,3,1,2,2,3,1
1029,1,3,3,2,3,2,3,4,3,2,3,3,2,4,3,3,3
1030,1,3,2,3,2,3,3,3,4,1,3,4,3,4,4,3,4
1031,1,2,2,3,2,2,3,3,3,2,3,2,3,3,2,3,3
1032,1,3,2,3,2,4,3,3,3,2,3,4,4,3,3,4,4
1033,1,3,1,3,3,2,1,3,1,3,2,2,2,2,1,3,2
1034,1,4,2,3,3,3,2,4,2,2,3,2,3,3,2,3,3
1035,1,2,3,3,4,3,3,3,2,2,3,3,4,4,3,4,4
1036,1,5,4,3,3,4,4,2,3,3,3,2,3,3,3,3,2
1037,1,3,2,2,2,3,3,2,2,3,3,4,3,3,3,4,3
1038,1,2,3,2,3,2,2,2,2,2,1,2,2,2,1,3,2
1039,1,3,4,2,4,3,4,5,4,4,4,3,3,3,3,4,4
1040,1,3,3,3,4,3,1,2,3,2,1,2,3,3,3,4,3
1041,1,3,2,3,4,3,4,3,3,4,3,4,3,4,4,4,4
1042,1,3,2,2,2,3,3,4,4,4,4,3,4,4,2,3,3
1043,1,2,3,3,3,4,3,4,2,3,2,4,3,4,4,4,3
1044,1,3,4,4,2,4,4,2,4,3,3,3,4,4,3,3,3
1045,1,3,3,3,3,5,3,3,4,4,3,4,4,4,3,4,5
1046,1,3,3,1,3,1,2,4,5,3,3,3,3,3,3,3,3
1047,1,3,1,3,2,3,2,1,2,2,3,4,3,4,2,3,3
1048,1,4,4,3,4,3,3,2,4,4,4,3,3,3,3,3,3
1049,1,2,2,2,2,2,2,4,3,3,2,2,3,3,3,2,3
1050,1,4,4,3,3,4,3,3,2,2,3,3,4,5,4,4,3
1051,1,3,2,2,4,3,2,3,3,3,3,4,2,3,4,3,3
1052,1,2,2,3,3,3,2,4,2,3,4,3,2,3,1,3,2
1053,1,3,1,1,2,1,2,3,4,2,4,3,3,4,4,3,3
1054,1,2,3,2,1,2,3,2,2,2,2,2,3,3,3,3,3
1055,1,3,3,2,3,3,3,4,3,3,3,3,4,4,4,3,3
1056,1,2,3,2,3,3,3,4,3,4,3,4,4,3,4,3,4
1057,1,3,2,2,1,2,3,4,4,4,3,4,3,4,4,3,4
1058,1,3,2,2,2,2,3,3,2,2,2,4,4,3,4,4,4
1059,1,3,3,3,4,4,3,2,2,2,1,3,3,2,3,3,3
1060,1,5,4,4,3,5,4,4,3,2,4,3,4,5,4,4,3
1061,1,4,3,2,2,3,2,4,3,3,3,4,2,3,3,3,3
1062,1,3,3,2,3,2,3,4,2,2,3,3,4,3,3,3,4
1063,1,3,2,3,2,3,3,2,4,3,3,3,3,3,2,1,3
1064,1,3,3,3,4,4,3,4,2,4,3,4,4,3,4,4,3
1065,1,4,3,3,2,4,3,2,3,2,3,3,4,2,3,3,4
1066,1,2,3,3,2,4,3,2,3,2,3,3,2,2,3,3,4
1067,1,3,3,4,5,4,3,3,4,3,3,4,5,4,4,4,4
1068,1,2,2,2,1,2,3,3,4,3,3,3,3,3,2,2,3
1069,1,3,3,3,3,2,3,3,4,4,3,4,4,3,3,3,3
1070,1,2,3,3,1,3,3,3,3,1,2,3,2,3,2,3,2
1071,1,2,3,3,1,3,3,5,3,4,4,3,2,1,2,2,2
1072,1,2,2,2,3,2,2,3,2,3,2,1,2,3,3,2,2
1073,1,5,3,3,4,4,5,3,3,3,3,3,3,4,3,4,5
1074,1,3,4,3,3,3,3,2,3,4,3,4,2,3,2,2,2
1075,1,4,3,4,3,4,2,2,3,2,3,3,2,3,3,4,2
1076,1,2,3,2,2,3,2,4,3,4,2,2,2,1,2,2,2
1077,1,2,3,2,3,2,2,2,4,2,3,3,2,2,2,3,2
1078,1,5,5,3,5,4,4,4,4,4,5,2,3,4,4,4,2
1079,1,3,3,4,4,4,4,3,3,3,3,3,3,1,2,2,3
1080,1,3,4,2,3,3,3,2,2,3,2,3,4,4,3,4,4
1081,1,4,2,2,2,2,2,2,4,2,3,2,2,3,2,3,2
1082,1,4,3,2,2,3,2,4,3,4,3,2,3,3,3,3,3
1083,1,3,2,2,3,3,3,3,3,3,4,4,5,3,4,4,3
1084,1,4,4,3,2,4,4,3,3,2,3,4,4,4,4,3,3
1085,1,3,2,3,2,3,2,4,1,3,3,3,3,3,3,4,4
1086,1,2,2,3,3,3,1,3,4,4,3,3,4,3,3,4,4
1087,1,3,3,3,3,3,3,3,2,3,3,3,2,3,2,1,3
1088,1,3,1,3,3,3,3,3,3,3,4,3,3,3,3,3,3
1089,1,4,3,3,3,4,4,3,1,4,3,4,5,4,3,5,4
1090,1,4,4,4,4,4,3,3,3,2,3,4,3,4,3,4,4
1091,1,3,2,2,3,2,3,2,2,2,2,3,3,4,4,3,4
1092,1,4,2,4,3,4,3,3,4,3,4,4,4,4,3,4,5
1093,1,2,2,2,2,3,2,3,3,4,4,4,3,4,4,3,2
1094,1,1,2,2,2,3,2,3,2,2,2,4,4,3,4,4,4
1095,1,3,3,3,1,3,1,2,4,3,3,2,2,3,2,2,3
1096,1,2,2,1,2,1,2,3,3,4,2,4,4,4,5,5,4
1097,1,2,3,3,1,2,3,3,2,3,2,3,3,3,2,3,4
1098,1,3,2,3,1,3,2,3,4,2,3,5,4,5,3,4,3
1099,1,2,3,3,2,3,3,2,3,2,3,2,2,2,2,2,2
1100,1,4,4,2,3,2,3,3,3,3,4,3,3,4,4,4,5
1101,1,2,2,2,4,3,3,2,3,3,3,4,2,4,3,3,4
1102,1,4,3,4,3,4,4,3,4,2,2,4,3,3,3,2,3
1103,1,3,3,2,2,2,2,2,2,1,2,3,3,2,3,3,2
1104,1,2,3,3,3,3,3,3,3,4,4,3,4,5,3,3,3
1105,1,4,4,4,3,4,4,1,3,2,2,3,4,4,4,4,3
1106,1,3,2,2,2,3,3,3,3,2,4,4,4,3,4,4,3
1107,1,4,2,2,3,2,3,2,2,2,4,4,3,3,3,4,4
1108,1,4,3,3,3,3,3,4,2,3,4,2,2,3,3,2,2
1109,1,4,3,3,5,4,5,4,3,3,4,2,3,3,2,2,2
1110,1,2,2,3,2,3,3,5,5,4,4,3,4,3,2,3,3
1111,1,2,2,2,2,2,2,3,3,3,2,2,3,1,2,2,2
1112,1,3,3,2,2,3,3,2,2,2,3,3,3,4,3,3,2
1113,1,5,3,2,3,3,2,3,2,3,4,3,3,4,2,3,2
1114,1,3,3,3,3,3,4,3,4,4,3,4,3,3,3,3,3
1115,1,4,3,3,5,3,4,3,2,3,3,2,3,3,2,4,2
1116,1,4,4,3,3,4,3,3,3,2,3,2,3,2,2,4,3
1117,1,3,3,3,2,3,2,3,3,1,1,2,2,3,3,3,2
1118,1,3,1,1,1,2,2,3,2,3,2,2,3,3,3,4,4
1119,1,3,2,3,3,4,3,3,3,3,3,3,2,3,4,3,3
1120,1,4,2,3,3,3,4,3,4,3,3,3,4,4,5,3,3
1121,1,4,3,4,2,3,2,2,3,3,3,4,3,3,2,4,3
1122,1,3,2,3,2,3,2,3,2,3,3,2,3,4,4,4,4
1123,1,3,4,2,2,2,2,3,5,4,3,3,3,4,2,3,2
1124,1,3,3,4,3,3,3,2,4,3,3,4,3,4,3,2,2
1125,1,4,3,3,2,3,4,3,3,4,4,3,3,4,2,4,2
1126,1,4,3,3,3,3,3,3,3,2,2,2,4,5,4,4,3
1127,1,3,3,1,2,1,3,3,3,2,3,3,4,4,3,4,4
1128,1,3,3,3,2,4,3,3,5,2,3,3,3,2,2,3,2
1129,1,4,3,3,3,3,3,4,3,3,3,3,4,3,5,3,5
1130,1,1,3,2,2,2,2,2,4,3,4,2,2,2,2,3,2
1131,1,2,2,4,2,3,3,2,4,3,2,4,3,4,2,4,3
1132,1,2,3,3,3,3,2,3,2,2,2,3,2,2,1,2,3
1133,1,4,4,4,4,4,4,2,2,2,3,3,3,3,3,3,4
1134,1,2,2,4,2,4,2,2,3,2,3,2,2,1,1,1,3
1135,1,3,3,2,4,4,3,3,2,3,3,3,3,3,3,2,3
1136,1,4,3,3,4,3,2,3,4,3,3,3,3,3,3,4,3
1137,1,3,3,3,3,3,3,4,4,4,4,2,2,3,2,2,1
1138,1,2,3,2,4,3,3,4,4,4,4,3,3,3,3,4,4
1139,1,4,4,4,4,4,4,2,3,3,4,3,2,3,3,2,3
1140,1,2,4,3,3,2,3,2,3,3,4,2,3,2,2,3,2
1141,1,2,3,2,3,2,2,3,4,4,3,4,3,4,4,4,4
1142,1,1,3,3,3,2,3,2,3,2,2,2,3,2,2,2,2
1143,1,4,3,3,4,4,2,4,4,2,4,2,4,4,3,4,4
1144,1,3,3,2,2,3,3,3,1,3,3,3,3,2,3,3,4
1145,1,4,3,4,3,4,3,3,3,3,3,3,3,3,3,3,4
1146,1,4,4,3,4,4,4,4,4,3,3,3,3,3,2,4,3
1147,1,4,3,4,1,3,3,2,3,2,2,3,2,3,3,2,3
1148,1,4,1,4,3,3,2,3,4,2,3,3,3,4,3,4,2
1149,1,3,3,3,4,3,3,2,3,4,2,3,3,3,3,3,4
1150,1,4,2,3,3,3,3,3,3,4,3,4,4,3,3,4,3
1151,1,3,3,3,3,3,4,3,3,3,3,3,3,4,3,3,3
1152,1,2,2,2,1,3,2,3,2,4,2,3,2,4,4,3,3
1153,1,2,3,2,3,3,4,2,4,3,3,3,4,3,4,3,4
1154,1,3,2,2,3,2,2,3,3,2,2,3,3,2,3,2,1
1155,1,5,3,4,3,4,3,3,4,3,4,3,2,2,2,3,2
1156,1,3,3,2,4,3,3,4,4,5,4,3,4,3,3,4,4
1157,1,4,3,2,2,3,4,2,3,2,3,2,2,2,3,2,2
1158,1,3,2,2,3,3,3,4,3,4,3,4,3,4,3,4,3
1159,1,4,3,3,3,4,3,4,3,3,2,3,4,5,4,3,5
1160,1,4,3,3,4,3,3,3,4,5,3,3,2,4,3,4,2
1161,1,2,4,3,3,3,3,3,5,4,4,4,3,3,3,4,4
1162,1,3,2,2,1,2,2,2,2,3,2,2,2,1,2,3,3
1163,1,3,3,3,2,3,2,3,4,2,3,3,3,2,3,2,2
1164,1,3,4,4,4,4,5,4,4,3,3,4,3,4,4,4,3
1165,1,4,3,3,3,3,3,4,2,3,3,5,5,5,5,5,2
1166,1,4,3,3,4,4,3,3,3,3,3,3,3,3,2,2,2
1167,1,3,2,3,3,3,3,4,3,4,4,4,3,3,4,3,3
1168,1,2,3,2,2,3,2,2,2,2,2,3,2,2,3,3,3
1169,1,3,3,3,3,3,3,3,2,3,3,4,5,4,4,4,3
1170,1,3,4,2,4,2,3,3,4,3,3,3,3,3,4,3,3
1171,1,3,3,2,4,3,4,2,4,3,3,4,3,4,4,4,4
1172,1,2,3,2,2,3,3,3,3,3,3,5,5,5,5,4,5
1173,1,3,2,4,4,4,3,3,3,3,3,3,3,4,3,4,3
1174,1,4,2,2,3,3,3,3,4,3,4,4,4,4,4,4,5
1175,1,2,3,2,1,2,1,3,3,4,3,3,3,3,4,3,4
1176,1,3,3,2,2,3,2,2,2,3,3,3,3,1,3,3,2
1177,1,2,2,2,3,3,3,1,2,3,1,2,3,5,4,3,3
1178,1,4,3,2,3,2,3,2,3,3,3,4,4,3,4,4,4
1179,1,4,3,2,4,2,3,3,4,2,3,3,4,4,3,3,3
1180,1,3,1,1,2,1,1,2,3,2,1,3,2,1,2,3,2
1181,1,3,3,4,3,4,4,4,4,4,4,3,3,3,3,3,3
1182,1,4,5,4,5,4,4,3,3,2,3,4,5,4,3,4,4
1183,1,4,4,4,3,4,4,3,4,3,3,3,3,2,3,2,2
1184,1,4,3,3,4,4,4,3,4,3,3,3,2,3,1,3,2
1185,1,4,3,3,3,3,2,4,3,3,4,2,2,4,4,4,3
1186,1,4,2,3,3,2,3,4,4,3,3,3,3,3,4,3,3
1187,1,3,3,4,4,5,3,3,3,3,3,3,2,4,2,3,3
1188,1,2,2,2,1,3,2,3,4,2,1,3,2,1,2,2,2
1189,1,3,2,3,3,3,1,3,4,4,4,2,3,2,3,3,2
1190,1,2,2,4,3,3,3,4,3,2,2,4,4,3,4,3,3
1191,1,3,2,3,3,3,3,4,2,3,3,3,3,3,4,3,4
1192,1,3,1,2,2,2,2,4,3,5,4,3,3,3,3,3,3
1193,1,3,3,3,1,2,3,3,2,3,2,3,3,1,2,2,2
1194,1,3,3,2,3,2,2,3,3,3,3,3,3,3,4,3,4
1195,1,3,4,3,4,3,3,3,3,4,4,3,4,3,3,3,3
1196,1,5,3,3,4,4,4,2,3,3,3,3,3,3,2,4,4
1197,1,2,2,2,2,3,2,2,3,3,3,3,3,4,3,3,4
1198,1,3,2,2,3,3,2,2,3,3,3,4,3,5,5,3,4
1199,1,2,2,1,2,1,2,3,3,5,4,3,2,2,2,2,2
1200,1,3,4,3,3,4,3,2,4,2,2,3,3,2,2,3,1
